ISO-10303-21;
HEADER;
/* Generated by software containing ST-Developer
 * from STEP Tools, Inc. (www.steptools.com) 
 */

FILE_DESCRIPTION(
/* description */ (''),
/* implementation_level */ '2;1');

FILE_NAME(
/* name */ 'Radkasten.stp',
/* time_stamp */ '2025-07-02T14:20:04+02:00',
/* author */ ('Faabs'),
/* organization */ (''),
/* preprocessor_version */ 'ST-DEVELOPER v20',
/* originating_system */ 'Autodesk Inventor 2025',
/* authorisation */ '');

FILE_SCHEMA (('AUTOMOTIVE_DESIGN { 1 0 10303 214 3 1 1 }'));
ENDSEC;

DATA;
#10=MECHANICAL_DESIGN_GEOMETRIC_PRESENTATION_REPRESENTATION('',(#13),#16981);
#11=SHAPE_REPRESENTATION_RELATIONSHIP('SRR','None',#16988,#12);
#12=ADVANCED_BREP_SHAPE_REPRESENTATION('',(#14),#16980);
#13=STYLED_ITEM('',(#16997),#14);
#14=MANIFOLD_SOLID_BREP('Volumenk\X\F6rper1',#9756);
#15=(
BOUNDED_CURVE()
B_SPLINE_CURVE(2,(#14920,#14921,#14922),.UNSPECIFIED.,.F.,.F.)
B_SPLINE_CURVE_WITH_KNOTS((3,3),(0.,0.0725036021312891),.UNSPECIFIED.)
CURVE()
GEOMETRIC_REPRESENTATION_ITEM()
RATIONAL_B_SPLINE_CURVE((1.,1.00019577670406,1.00025805570953))
REPRESENTATION_ITEM('')
);
#16=(
BOUNDED_CURVE()
B_SPLINE_CURVE(2,(#14924,#14925,#14926),.UNSPECIFIED.,.F.,.F.)
B_SPLINE_CURVE_WITH_KNOTS((3,3),(0.,0.16222160819085),.UNSPECIFIED.)
CURVE()
GEOMETRIC_REPRESENTATION_ITEM()
RATIONAL_B_SPLINE_CURVE((1.,1.00173738427299,1.00297745667471))
REPRESENTATION_ITEM('')
);
#17=(
BOUNDED_CURVE()
B_SPLINE_CURVE(2,(#14930,#14931,#14932),.UNSPECIFIED.,.F.,.F.)
B_SPLINE_CURVE_WITH_KNOTS((3,3),(0.97123724163878,1.13345884986108),
 .UNSPECIFIED.)
CURVE()
GEOMETRIC_REPRESENTATION_ITEM()
RATIONAL_B_SPLINE_CURVE((1.00297745669512,1.00173738428495,1.))
REPRESENTATION_ITEM('')
);
#18=(
BOUNDED_CURVE()
B_SPLINE_CURVE(2,(#14933,#14934,#14935),.UNSPECIFIED.,.F.,.F.)
B_SPLINE_CURVE_WITH_KNOTS((3,3),(0.,0.0708932006949165),.UNSPECIFIED.)
CURVE()
GEOMETRIC_REPRESENTATION_ITEM()
RATIONAL_B_SPLINE_CURVE((1.,1.00006674819053,1.))
REPRESENTATION_ITEM('')
);
#19=(
BOUNDED_CURVE()
B_SPLINE_CURVE(2,(#14938,#14939,#14940),.UNSPECIFIED.,.F.,.F.)
B_SPLINE_CURVE_WITH_KNOTS((3,3),(0.140151992797032,0.212655594930308),
 .UNSPECIFIED.)
CURVE()
GEOMETRIC_REPRESENTATION_ITEM()
RATIONAL_B_SPLINE_CURVE((1.0002580557295,1.00019577671921,1.))
REPRESENTATION_ITEM('')
);
#20=(
BOUNDED_CURVE()
B_SPLINE_CURVE(2,(#14942,#14943,#14944),.UNSPECIFIED.,.F.,.F.)
B_SPLINE_CURVE_WITH_KNOTS((3,3),(0.,0.0708932006949165),.UNSPECIFIED.)
CURVE()
GEOMETRIC_REPRESENTATION_ITEM()
RATIONAL_B_SPLINE_CURVE((1.,1.00006674819053,1.))
REPRESENTATION_ITEM('')
);
#21=(
BOUNDED_CURVE()
B_SPLINE_CURVE(2,(#14946,#14947,#14948),.UNSPECIFIED.,.F.,.F.)
B_SPLINE_CURVE_WITH_KNOTS((3,3),(0.,0.162221608222191),.UNSPECIFIED.)
CURVE()
GEOMETRIC_REPRESENTATION_ITEM()
RATIONAL_B_SPLINE_CURVE((1.,1.00173738428502,1.00297745669524))
REPRESENTATION_ITEM('')
);
#22=(
BOUNDED_CURVE()
B_SPLINE_CURVE(2,(#14951,#14952,#14953),.UNSPECIFIED.,.F.,.F.)
B_SPLINE_CURVE_WITH_KNOTS((3,3),(0.971237241640608,1.13345884986109),
 .UNSPECIFIED.)
CURVE()
GEOMETRIC_REPRESENTATION_ITEM()
RATIONAL_B_SPLINE_CURVE((1.00297745669394,1.00173738428426,1.))
REPRESENTATION_ITEM('')
);
#23=(
BOUNDED_CURVE()
B_SPLINE_CURVE(2,(#14956,#14957,#14958),.UNSPECIFIED.,.F.,.F.)
B_SPLINE_CURVE_WITH_KNOTS((3,3),(0.140151992869307,0.212655594930308),
 .UNSPECIFIED.)
CURVE()
GEOMETRIC_REPRESENTATION_ITEM()
RATIONAL_B_SPLINE_CURVE((1.00025805565618,1.00019577666348,1.))
REPRESENTATION_ITEM('')
);
#24=(
BOUNDED_CURVE()
B_SPLINE_CURVE(2,(#14960,#14961,#14962),.UNSPECIFIED.,.F.,.F.)
B_SPLINE_CURVE_WITH_KNOTS((3,3),(0.,0.0725036020739687),.UNSPECIFIED.)
CURVE()
GEOMETRIC_REPRESENTATION_ITEM()
RATIONAL_B_SPLINE_CURVE((1.,1.00019577666519,1.00025805565841))
REPRESENTATION_ITEM('')
);
#25=(
BOUNDED_CURVE()
B_SPLINE_CURVE(2,(#14964,#14965,#14966),.UNSPECIFIED.,.F.,.F.)
B_SPLINE_CURVE_WITH_KNOTS((3,3),(0.,0.162221608206139),.UNSPECIFIED.)
CURVE()
GEOMETRIC_REPRESENTATION_ITEM()
RATIONAL_B_SPLINE_CURVE((1.,1.00173738427739,1.00297745668222))
REPRESENTATION_ITEM('')
);
#26=(
BOUNDED_CURVE()
B_SPLINE_CURVE(2,(#14969,#14970,#14971),.UNSPECIFIED.,.F.,.F.)
B_SPLINE_CURVE_WITH_KNOTS((3,3),(0.971237241634606,1.13345884986108),
 .UNSPECIFIED.)
CURVE()
GEOMETRIC_REPRESENTATION_ITEM()
RATIONAL_B_SPLINE_CURVE((1.00297745669729,1.00173738428622,1.))
REPRESENTATION_ITEM('')
);
#27=(
BOUNDED_CURVE()
B_SPLINE_CURVE(2,(#14974,#14975,#14976),.UNSPECIFIED.,.F.,.F.)
B_SPLINE_CURVE_WITH_KNOTS((3,3),(0.140151992828933,0.212655594930308),
 .UNSPECIFIED.)
CURVE()
GEOMETRIC_REPRESENTATION_ITEM()
RATIONAL_B_SPLINE_CURVE((1.00025805570572,1.00019577670113,1.))
REPRESENTATION_ITEM('')
);
#28=(
BOUNDED_CURVE()
B_SPLINE_CURVE(2,(#14978,#14979,#14980),.UNSPECIFIED.,.F.,.F.)
B_SPLINE_CURVE_WITH_KNOTS((3,3),(0.,0.0725036020581169),.UNSPECIFIED.)
CURVE()
GEOMETRIC_REPRESENTATION_ITEM()
RATIONAL_B_SPLINE_CURVE((1.,1.00019577665119,1.00025805563998))
REPRESENTATION_ITEM('')
);
#29=(
BOUNDED_CURVE()
B_SPLINE_CURVE(2,(#14982,#14983,#14984),.UNSPECIFIED.,.F.,.F.)
B_SPLINE_CURVE_WITH_KNOTS((3,3),(0.,0.162221608238469),.UNSPECIFIED.)
CURVE()
GEOMETRIC_REPRESENTATION_ITEM()
RATIONAL_B_SPLINE_CURVE((1.,1.00173738429007,1.00297745670384))
REPRESENTATION_ITEM('')
);
#30=(
BOUNDED_CURVE()
B_SPLINE_CURVE(2,(#14987,#14988,#14989),.UNSPECIFIED.,.F.,.F.)
B_SPLINE_CURVE_WITH_KNOTS((3,3),(0.971237241649764,1.13345884986108),
 .UNSPECIFIED.)
CURVE()
GEOMETRIC_REPRESENTATION_ITEM()
RATIONAL_B_SPLINE_CURVE((1.00297745668658,1.00173738427995,1.))
REPRESENTATION_ITEM('')
);
#31=(
BOUNDED_CURVE()
B_SPLINE_CURVE(2,(#14992,#14993,#14994),.UNSPECIFIED.,.F.,.F.)
B_SPLINE_CURVE_WITH_KNOTS((3,3),(0.140151992856246,0.212655594930308),
 .UNSPECIFIED.)
CURVE()
GEOMETRIC_REPRESENTATION_ITEM()
RATIONAL_B_SPLINE_CURVE((1.00025805566913,1.00019577667333,1.))
REPRESENTATION_ITEM('')
);
#32=(
BOUNDED_CURVE()
B_SPLINE_CURVE(2,(#14996,#14997,#14998),.UNSPECIFIED.,.F.,.F.)
B_SPLINE_CURVE_WITH_KNOTS((3,3),(0.,0.0725036021438666),.UNSPECIFIED.)
CURVE()
GEOMETRIC_REPRESENTATION_ITEM()
RATIONAL_B_SPLINE_CURVE((1.,1.00019577669242,1.00025805569417))
REPRESENTATION_ITEM('')
);
#33=(
BOUNDED_CURVE()
B_SPLINE_CURVE(2,(#15000,#15001,#15002),.UNSPECIFIED.,.F.,.F.)
B_SPLINE_CURVE_WITH_KNOTS((3,3),(0.,0.162221608202579),.UNSPECIFIED.)
CURVE()
GEOMETRIC_REPRESENTATION_ITEM()
RATIONAL_B_SPLINE_CURVE((1.,1.00173738427649,1.00297745668068))
REPRESENTATION_ITEM('')
);
#34=(
BOUNDED_CURVE()
B_SPLINE_CURVE(2,(#15005,#15006,#15007),.UNSPECIFIED.,.F.,.F.)
B_SPLINE_CURVE_WITH_KNOTS((3,3),(0.971237241654151,1.13345884986109),
 .UNSPECIFIED.)
CURVE()
GEOMETRIC_REPRESENTATION_ITEM()
RATIONAL_B_SPLINE_CURVE((1.00297745668514,1.0017373842791,1.))
REPRESENTATION_ITEM('')
);
#35=(
BOUNDED_CURVE()
B_SPLINE_CURVE(2,(#15010,#15011,#15012),.UNSPECIFIED.,.F.,.F.)
B_SPLINE_CURVE_WITH_KNOTS((3,3),(0.140151992788561,0.212655594930307),
 .UNSPECIFIED.)
CURVE()
GEOMETRIC_REPRESENTATION_ITEM()
RATIONAL_B_SPLINE_CURVE((1.00025805571929,1.00019577671148,1.))
REPRESENTATION_ITEM('')
);
#36=(
BOUNDED_CURVE()
B_SPLINE_CURVE(2,(#15014,#15015,#15016),.UNSPECIFIED.,.F.,.F.)
B_SPLINE_CURVE_WITH_KNOTS((3,3),(0.,0.0725036021452895),.UNSPECIFIED.)
CURVE()
GEOMETRIC_REPRESENTATION_ITEM()
RATIONAL_B_SPLINE_CURVE((1.,1.0001957767041,1.00025805570956))
REPRESENTATION_ITEM('')
);
#37=(
BOUNDED_CURVE()
B_SPLINE_CURVE(2,(#15018,#15019,#15020),.UNSPECIFIED.,.F.,.F.)
B_SPLINE_CURVE_WITH_KNOTS((3,3),(0.,0.162221608209664),.UNSPECIFIED.)
CURVE()
GEOMETRIC_REPRESENTATION_ITEM()
RATIONAL_B_SPLINE_CURVE((1.,1.00173738428085,1.00297745668814))
REPRESENTATION_ITEM('')
);
#38=(
BOUNDED_CURVE()
B_SPLINE_CURVE(2,(#15023,#15024,#15025),.UNSPECIFIED.,.F.,.F.)
B_SPLINE_CURVE_WITH_KNOTS((3,3),(0.971237241665211,1.13345884986109),
 .UNSPECIFIED.)
CURVE()
GEOMETRIC_REPRESENTATION_ITEM()
RATIONAL_B_SPLINE_CURVE((1.00297745667672,1.00173738427417,1.))
REPRESENTATION_ITEM('')
);
#39=(
BOUNDED_CURVE()
B_SPLINE_CURVE(2,(#15028,#15029,#15030),.UNSPECIFIED.,.F.,.F.)
B_SPLINE_CURVE_WITH_KNOTS((3,3),(0.140151992786818,0.212655594930307),
 .UNSPECIFIED.)
CURVE()
GEOMETRIC_REPRESENTATION_ITEM()
RATIONAL_B_SPLINE_CURVE((1.00025805572053,1.00019577671242,1.))
REPRESENTATION_ITEM('')
);
#40=(
BOUNDED_CURVE()
B_SPLINE_CURVE(2,(#15032,#15033,#15034),.UNSPECIFIED.,.F.,.F.)
B_SPLINE_CURVE_WITH_KNOTS((3,3),(0.,0.0725036022115606),.UNSPECIFIED.)
CURVE()
GEOMETRIC_REPRESENTATION_ITEM()
RATIONAL_B_SPLINE_CURVE((1.,1.00019577672583,1.00025805573807))
REPRESENTATION_ITEM('')
);
#41=(
BOUNDED_CURVE()
B_SPLINE_CURVE(2,(#15036,#15037,#15038),.UNSPECIFIED.,.F.,.F.)
B_SPLINE_CURVE_WITH_KNOTS((3,3),(0.,0.162221608212991),.UNSPECIFIED.)
CURVE()
GEOMETRIC_REPRESENTATION_ITEM()
RATIONAL_B_SPLINE_CURVE((1.,1.00173738428164,1.00297745668948))
REPRESENTATION_ITEM('')
);
#42=(
BOUNDED_CURVE()
B_SPLINE_CURVE(2,(#15041,#15042,#15043),.UNSPECIFIED.,.F.,.F.)
B_SPLINE_CURVE_WITH_KNOTS((3,3),(0.971237241635659,1.13345884986109),
 .UNSPECIFIED.)
CURVE()
GEOMETRIC_REPRESENTATION_ITEM()
RATIONAL_B_SPLINE_CURVE((1.00297745669546,1.00173738428516,1.))
REPRESENTATION_ITEM('')
);
#43=(
BOUNDED_CURVE()
B_SPLINE_CURVE(2,(#15046,#15047,#15048),.UNSPECIFIED.,.F.,.F.)
B_SPLINE_CURVE_WITH_KNOTS((3,3),(0.140151992802402,0.212655594930308),
 .UNSPECIFIED.)
CURVE()
GEOMETRIC_REPRESENTATION_ITEM()
RATIONAL_B_SPLINE_CURVE((1.00025805568044,1.00019577668198,1.))
REPRESENTATION_ITEM('')
);
#44=(
BOUNDED_CURVE()
B_SPLINE_CURVE(2,(#15050,#15051,#15052),.UNSPECIFIED.,.F.,.F.)
B_SPLINE_CURVE_WITH_KNOTS((3,3),(0.,0.0725036020769776),.UNSPECIFIED.)
CURVE()
GEOMETRIC_REPRESENTATION_ITEM()
RATIONAL_B_SPLINE_CURVE((1.,1.00019577666521,1.00025805565842))
REPRESENTATION_ITEM('')
);
#45=(
BOUNDED_CURVE()
B_SPLINE_CURVE(2,(#15054,#15055,#15056),.UNSPECIFIED.,.F.,.F.)
B_SPLINE_CURVE_WITH_KNOTS((3,3),(0.,0.162221608199082),.UNSPECIFIED.)
CURVE()
GEOMETRIC_REPRESENTATION_ITEM()
RATIONAL_B_SPLINE_CURVE((1.,1.00173738427568,1.0029774566793))
REPRESENTATION_ITEM('')
);
#46=(
BOUNDED_CURVE()
B_SPLINE_CURVE(2,(#15059,#15060,#15061),.UNSPECIFIED.,.F.,.F.)
B_SPLINE_CURVE_WITH_KNOTS((3,3),(0.971237241674257,1.13345884986109),
 .UNSPECIFIED.)
CURVE()
GEOMETRIC_REPRESENTATION_ITEM()
RATIONAL_B_SPLINE_CURVE((1.00297745667011,1.00173738427029,1.))
REPRESENTATION_ITEM('')
);
#47=(
BOUNDED_CURVE()
B_SPLINE_CURVE(2,(#15064,#15065,#15066),.UNSPECIFIED.,.F.,.F.)
B_SPLINE_CURVE_WITH_KNOTS((3,3),(0.140151992773682,0.212655594930308),
 .UNSPECIFIED.)
CURVE()
GEOMETRIC_REPRESENTATION_ITEM()
RATIONAL_B_SPLINE_CURVE((1.00025805571104,1.00019577670524,1.))
REPRESENTATION_ITEM('')
);
#48=(
BOUNDED_CURVE()
B_SPLINE_CURVE(2,(#15068,#15069,#15070),.UNSPECIFIED.,.F.,.F.)
B_SPLINE_CURVE_WITH_KNOTS((3,3),(0.,0.0725036020645508),.UNSPECIFIED.)
CURVE()
GEOMETRIC_REPRESENTATION_ITEM()
RATIONAL_B_SPLINE_CURVE((1.,1.00019577665683,1.0002580556474))
REPRESENTATION_ITEM('')
);
#49=(
BOUNDED_CURVE()
B_SPLINE_CURVE(2,(#15072,#15073,#15074),.UNSPECIFIED.,.F.,.F.)
B_SPLINE_CURVE_WITH_KNOTS((3,3),(0.,0.162221608210183),.UNSPECIFIED.)
CURVE()
GEOMETRIC_REPRESENTATION_ITEM()
RATIONAL_B_SPLINE_CURVE((1.,1.00173738428063,1.00297745668776))
REPRESENTATION_ITEM('')
);
#50=(
BOUNDED_CURVE()
B_SPLINE_CURVE(2,(#15077,#15078,#15079),.UNSPECIFIED.,.F.,.F.)
B_SPLINE_CURVE_WITH_KNOTS((3,3),(0.971237241649688,1.13345884986109),
 .UNSPECIFIED.)
CURVE()
GEOMETRIC_REPRESENTATION_ITEM()
RATIONAL_B_SPLINE_CURVE((1.00297745668661,1.00173738427997,1.))
REPRESENTATION_ITEM('')
);
#51=(
BOUNDED_CURVE()
B_SPLINE_CURVE(2,(#15082,#15083,#15084),.UNSPECIFIED.,.F.,.F.)
B_SPLINE_CURVE_WITH_KNOTS((3,3),(0.140151992861971,0.212655594930308),
 .UNSPECIFIED.)
CURVE()
GEOMETRIC_REPRESENTATION_ITEM()
RATIONAL_B_SPLINE_CURVE((1.00025805567166,1.00019577667524,1.))
REPRESENTATION_ITEM('')
);
#52=(
BOUNDED_CURVE()
B_SPLINE_CURVE(2,(#15086,#15087,#15088),.UNSPECIFIED.,.F.,.F.)
B_SPLINE_CURVE_WITH_KNOTS((3,3),(0.,0.072503602067605),.UNSPECIFIED.)
CURVE()
GEOMETRIC_REPRESENTATION_ITEM()
RATIONAL_B_SPLINE_CURVE((1.,1.00019577667947,1.00025805567723))
REPRESENTATION_ITEM('')
);
#53=(
BOUNDED_CURVE()
B_SPLINE_CURVE(2,(#15090,#15091,#15092),.UNSPECIFIED.,.F.,.F.)
B_SPLINE_CURVE_WITH_KNOTS((3,3),(0.,0.162221608219862),.UNSPECIFIED.)
CURVE()
GEOMETRIC_REPRESENTATION_ITEM()
RATIONAL_B_SPLINE_CURVE((1.,1.00173738428287,1.00297745669156))
REPRESENTATION_ITEM('')
);
#54=(
BOUNDED_CURVE()
B_SPLINE_CURVE(2,(#15095,#15096,#15097),.UNSPECIFIED.,.F.,.F.)
B_SPLINE_CURVE_WITH_KNOTS((3,3),(0.971237241638764,1.13345884986108),
 .UNSPECIFIED.)
CURVE()
GEOMETRIC_REPRESENTATION_ITEM()
RATIONAL_B_SPLINE_CURVE((1.00297745669507,1.00173738428492,1.))
REPRESENTATION_ITEM('')
);
#55=(
BOUNDED_CURVE()
B_SPLINE_CURVE(2,(#15100,#15101,#15102),.UNSPECIFIED.,.F.,.F.)
B_SPLINE_CURVE_WITH_KNOTS((3,3),(0.140151992795385,0.212655594930307),
 .UNSPECIFIED.)
CURVE()
GEOMETRIC_REPRESENTATION_ITEM()
RATIONAL_B_SPLINE_CURVE((1.0002580556912,1.00019577669016,1.))
REPRESENTATION_ITEM('')
);
#56=(
BOUNDED_CURVE()
B_SPLINE_CURVE(2,(#15104,#15105,#15106),.UNSPECIFIED.,.F.,.F.)
B_SPLINE_CURVE_WITH_KNOTS((3,3),(0.,0.0725036020705407),.UNSPECIFIED.)
CURVE()
GEOMETRIC_REPRESENTATION_ITEM()
RATIONAL_B_SPLINE_CURVE((1.,1.00019577662329,1.00025805560317))
REPRESENTATION_ITEM('')
);
#57=(
BOUNDED_CURVE()
B_SPLINE_CURVE(2,(#15108,#15109,#15110),.UNSPECIFIED.,.F.,.F.)
B_SPLINE_CURVE_WITH_KNOTS((3,3),(0.,0.16222160822218),.UNSPECIFIED.)
CURVE()
GEOMETRIC_REPRESENTATION_ITEM()
RATIONAL_B_SPLINE_CURVE((1.,1.00173738428504,1.00297745669527))
REPRESENTATION_ITEM('')
);
#58=(
BOUNDED_CURVE()
B_SPLINE_CURVE(2,(#15113,#15114,#15115),.UNSPECIFIED.,.F.,.F.)
B_SPLINE_CURVE_WITH_KNOTS((3,3),(0.971237241640405,1.13345884986109),
 .UNSPECIFIED.)
CURVE()
GEOMETRIC_REPRESENTATION_ITEM()
RATIONAL_B_SPLINE_CURVE((1.00297745669364,1.00173738428408,1.))
REPRESENTATION_ITEM('')
);
#59=(
BOUNDED_CURVE()
B_SPLINE_CURVE(2,(#15118,#15119,#15120),.UNSPECIFIED.,.F.,.F.)
B_SPLINE_CURVE_WITH_KNOTS((3,3),(0.140151992869307,0.212655594930308),
 .UNSPECIFIED.)
CURVE()
GEOMETRIC_REPRESENTATION_ITEM()
RATIONAL_B_SPLINE_CURVE((1.00025805565618,1.00019577666348,1.))
REPRESENTATION_ITEM('')
);
#60=(
BOUNDED_CURVE()
B_SPLINE_CURVE(2,(#15122,#15123,#15124),.UNSPECIFIED.,.F.,.F.)
B_SPLINE_CURVE_WITH_KNOTS((3,3),(0.,0.0725036020690007),.UNSPECIFIED.)
CURVE()
GEOMETRIC_REPRESENTATION_ITEM()
RATIONAL_B_SPLINE_CURVE((1.,1.00019577667525,1.00025805567167))
REPRESENTATION_ITEM('')
);
#61=(
BOUNDED_CURVE()
B_SPLINE_CURVE(2,(#15126,#15127,#15128),.UNSPECIFIED.,.F.,.F.)
B_SPLINE_CURVE_WITH_KNOTS((3,3),(0.,0.162221608206001),.UNSPECIFIED.)
CURVE()
GEOMETRIC_REPRESENTATION_ITEM()
RATIONAL_B_SPLINE_CURVE((1.,1.00173738427761,1.00297745668258))
REPRESENTATION_ITEM('')
);
#62=(
BOUNDED_CURVE()
B_SPLINE_CURVE(2,(#15131,#15132,#15133),.UNSPECIFIED.,.F.,.F.)
B_SPLINE_CURVE_WITH_KNOTS((3,3),(0.971237241634606,1.13345884986108),
 .UNSPECIFIED.)
CURVE()
GEOMETRIC_REPRESENTATION_ITEM()
RATIONAL_B_SPLINE_CURVE((1.00297745669729,1.00173738428622,1.))
REPRESENTATION_ITEM('')
);
#63=(
BOUNDED_CURVE()
B_SPLINE_CURVE(2,(#15136,#15137,#15138),.UNSPECIFIED.,.F.,.F.)
B_SPLINE_CURVE_WITH_KNOTS((3,3),(0.140151992775676,0.212655594930308),
 .UNSPECIFIED.)
CURVE()
GEOMETRIC_REPRESENTATION_ITEM()
RATIONAL_B_SPLINE_CURVE((1.00025805572033,1.00019577671229,1.))
REPRESENTATION_ITEM('')
);
#64=(
BOUNDED_CURVE()
B_SPLINE_CURVE(2,(#15140,#15141,#15142),.UNSPECIFIED.,.F.,.F.)
B_SPLINE_CURVE_WITH_KNOTS((3,3),(0.,0.0725036020581169),.UNSPECIFIED.)
CURVE()
GEOMETRIC_REPRESENTATION_ITEM()
RATIONAL_B_SPLINE_CURVE((1.,1.00019577665119,1.00025805563998))
REPRESENTATION_ITEM('')
);
#65=(
BOUNDED_CURVE()
B_SPLINE_CURVE(2,(#15144,#15145,#15146),.UNSPECIFIED.,.F.,.F.)
B_SPLINE_CURVE_WITH_KNOTS((3,3),(0.,0.162221608238469),.UNSPECIFIED.)
CURVE()
GEOMETRIC_REPRESENTATION_ITEM()
RATIONAL_B_SPLINE_CURVE((1.,1.00173738429007,1.00297745670384))
REPRESENTATION_ITEM('')
);
#66=(
BOUNDED_CURVE()
B_SPLINE_CURVE(2,(#15149,#15150,#15151),.UNSPECIFIED.,.F.,.F.)
B_SPLINE_CURVE_WITH_KNOTS((3,3),(0.971237241658848,1.13345884986109),
 .UNSPECIFIED.)
CURVE()
GEOMETRIC_REPRESENTATION_ITEM()
RATIONAL_B_SPLINE_CURVE((1.00297745667996,1.00173738427607,1.))
REPRESENTATION_ITEM('')
);
#67=(
BOUNDED_CURVE()
B_SPLINE_CURVE(2,(#15154,#15155,#15156),.UNSPECIFIED.,.F.,.F.)
B_SPLINE_CURVE_WITH_KNOTS((3,3),(0.140151992782763,0.212655594930308),
 .UNSPECIFIED.)
CURVE()
GEOMETRIC_REPRESENTATION_ITEM()
RATIONAL_B_SPLINE_CURVE((1.00025805573099,1.00019577672036,1.))
REPRESENTATION_ITEM('')
);
#68=(
BOUNDED_CURVE()
B_SPLINE_CURVE(2,(#15158,#15159,#15160),.UNSPECIFIED.,.F.,.F.)
B_SPLINE_CURVE_WITH_KNOTS((3,3),(0.,0.0725036021491032),.UNSPECIFIED.)
CURVE()
GEOMETRIC_REPRESENTATION_ITEM()
RATIONAL_B_SPLINE_CURVE((1.,1.0001957767315,1.00025805574566))
REPRESENTATION_ITEM('')
);
#69=(
BOUNDED_CURVE()
B_SPLINE_CURVE(2,(#15162,#15163,#15164),.UNSPECIFIED.,.F.,.F.)
B_SPLINE_CURVE_WITH_KNOTS((3,3),(0.,0.162221608195999),.UNSPECIFIED.)
CURVE()
GEOMETRIC_REPRESENTATION_ITEM()
RATIONAL_B_SPLINE_CURVE((1.,1.00173738427441,1.00297745667713))
REPRESENTATION_ITEM('')
);
#70=(
BOUNDED_CURVE()
B_SPLINE_CURVE(2,(#15167,#15168,#15169),.UNSPECIFIED.,.F.,.F.)
B_SPLINE_CURVE_WITH_KNOTS((3,3),(0.971237241665746,1.13345884986109),
 .UNSPECIFIED.)
CURVE()
GEOMETRIC_REPRESENTATION_ITEM()
RATIONAL_B_SPLINE_CURVE((1.00297745667782,1.00173738427481,1.))
REPRESENTATION_ITEM('')
);
#71=(
BOUNDED_CURVE()
B_SPLINE_CURVE(2,(#15172,#15173,#15174),.UNSPECIFIED.,.F.,.F.)
B_SPLINE_CURVE_WITH_KNOTS((3,3),(0.140151992856934,0.212655594930307),
 .UNSPECIFIED.)
CURVE()
GEOMETRIC_REPRESENTATION_ITEM()
RATIONAL_B_SPLINE_CURVE((1.00025805565846,1.00019577666524,1.))
REPRESENTATION_ITEM('')
);
#72=(
BOUNDED_CURVE()
B_SPLINE_CURVE(2,(#15176,#15177,#15178),.UNSPECIFIED.,.F.,.F.)
B_SPLINE_CURVE_WITH_KNOTS((3,3),(0.,0.0725036021441425),.UNSPECIFIED.)
CURVE()
GEOMETRIC_REPRESENTATION_ITEM()
RATIONAL_B_SPLINE_CURVE((1.,1.0001957767342,1.00025805574924))
REPRESENTATION_ITEM('')
);
#73=(
BOUNDED_CURVE()
B_SPLINE_CURVE(2,(#15180,#15181,#15182),.UNSPECIFIED.,.F.,.F.)
B_SPLINE_CURVE_WITH_KNOTS((3,3),(0.,0.16222160819547),.UNSPECIFIED.)
CURVE()
GEOMETRIC_REPRESENTATION_ITEM()
RATIONAL_B_SPLINE_CURVE((1.,1.00173738427501,1.00297745667818))
REPRESENTATION_ITEM('')
);
#74=(
BOUNDED_CURVE()
B_SPLINE_CURVE(2,(#15185,#15186,#15187),.UNSPECIFIED.,.F.,.F.)
B_SPLINE_CURVE_WITH_KNOTS((3,3),(0.97123724166591,1.13345884986109),
 .UNSPECIFIED.)
CURVE()
GEOMETRIC_REPRESENTATION_ITEM()
RATIONAL_B_SPLINE_CURVE((1.00297745667841,1.00173738427515,1.))
REPRESENTATION_ITEM('')
);
#75=(
BOUNDED_CURVE()
B_SPLINE_CURVE(2,(#15190,#15191,#15192),.UNSPECIFIED.,.F.,.F.)
B_SPLINE_CURVE_WITH_KNOTS((3,3),(0.14015199277507,0.212655594930308),
 .UNSPECIFIED.)
CURVE()
GEOMETRIC_REPRESENTATION_ITEM()
RATIONAL_B_SPLINE_CURVE((1.00025805570042,1.00019577669718,1.))
REPRESENTATION_ITEM('')
);
#76=(
BOUNDED_CURVE()
B_SPLINE_CURVE(2,(#15194,#15195,#15196),.UNSPECIFIED.,.F.,.F.)
B_SPLINE_CURVE_WITH_KNOTS((3,3),(0.,0.0725036021501897),.UNSPECIFIED.)
CURVE()
GEOMETRIC_REPRESENTATION_ITEM()
RATIONAL_B_SPLINE_CURVE((1.,1.00019577665627,1.0002580556465))
REPRESENTATION_ITEM('')
);
#77=(
BOUNDED_CURVE()
B_SPLINE_CURVE(2,(#15198,#15199,#15200),.UNSPECIFIED.,.F.,.F.)
B_SPLINE_CURVE_WITH_KNOTS((3,3),(0.,0.162221608224968),.UNSPECIFIED.)
CURVE()
GEOMETRIC_REPRESENTATION_ITEM()
RATIONAL_B_SPLINE_CURVE((1.,1.00173738428538,1.00297745669585))
REPRESENTATION_ITEM('')
);
#78=(
BOUNDED_CURVE()
B_SPLINE_CURVE(2,(#15203,#15204,#15205),.UNSPECIFIED.,.F.,.F.)
B_SPLINE_CURVE_WITH_KNOTS((3,3),(0.971237241671703,1.13345884986109),
 .UNSPECIFIED.)
CURVE()
GEOMETRIC_REPRESENTATION_ITEM()
RATIONAL_B_SPLINE_CURVE((1.0029774566735,1.00173738427227,1.))
REPRESENTATION_ITEM('')
);
#79=(
BOUNDED_CURVE()
B_SPLINE_CURVE(2,(#15208,#15209,#15210),.UNSPECIFIED.,.F.,.F.)
B_SPLINE_CURVE_WITH_KNOTS((3,3),(0.140151992793031,0.212655594930308),
 .UNSPECIFIED.)
CURVE()
GEOMETRIC_REPRESENTATION_ITEM()
RATIONAL_B_SPLINE_CURVE((1.00025805569079,1.00019577668985,1.))
REPRESENTATION_ITEM('')
);
#80=(
BOUNDED_CURVE()
B_SPLINE_CURVE(2,(#15212,#15213,#15214),.UNSPECIFIED.,.F.,.F.)
B_SPLINE_CURVE_WITH_KNOTS((3,3),(0.,0.0725036020839217),.UNSPECIFIED.)
CURVE()
GEOMETRIC_REPRESENTATION_ITEM()
RATIONAL_B_SPLINE_CURVE((1.,1.00019577666062,1.00025805565236))
REPRESENTATION_ITEM('')
);
#81=(
BOUNDED_CURVE()
B_SPLINE_CURVE(2,(#15216,#15217,#15218),.UNSPECIFIED.,.F.,.F.)
B_SPLINE_CURVE_WITH_KNOTS((3,3),(0.,0.162221608216428),.UNSPECIFIED.)
CURVE()
GEOMETRIC_REPRESENTATION_ITEM()
RATIONAL_B_SPLINE_CURVE((1.,1.00173738428336,1.00297745669242))
REPRESENTATION_ITEM('')
);
#82=(
BOUNDED_CURVE()
B_SPLINE_CURVE(2,(#15221,#15222,#15223),.UNSPECIFIED.,.F.,.F.)
B_SPLINE_CURVE_WITH_KNOTS((3,3),(0.971237241655667,1.13345884986109),
 .UNSPECIFIED.)
CURVE()
GEOMETRIC_REPRESENTATION_ITEM()
RATIONAL_B_SPLINE_CURVE((1.00297745668471,1.00173738427884,1.))
REPRESENTATION_ITEM('')
);
#83=(
BOUNDED_CURVE()
B_SPLINE_CURVE(2,(#15229,#15230,#15231),.UNSPECIFIED.,.F.,.F.)
B_SPLINE_CURVE_WITH_KNOTS((3,3),(0.140151992860478,0.212655594930308),
 .UNSPECIFIED.)
CURVE()
GEOMETRIC_REPRESENTATION_ITEM()
RATIONAL_B_SPLINE_CURVE((1.00025805569583,1.00019577669358,1.))
REPRESENTATION_ITEM('')
);
#84=(
BOUNDED_CURVE()
B_SPLINE_CURVE(2,(#15233,#15234,#15235),.UNSPECIFIED.,.F.,.F.)
B_SPLINE_CURVE_WITH_KNOTS((3,3),(0.,0.0725036021271393),.UNSPECIFIED.)
CURVE()
GEOMETRIC_REPRESENTATION_ITEM()
RATIONAL_B_SPLINE_CURVE((1.,1.00019577670268,1.00025805570771))
REPRESENTATION_ITEM('')
);
#85=(
BOUNDED_CURVE()
B_SPLINE_CURVE(2,(#15237,#15238,#15239),.UNSPECIFIED.,.F.,.F.)
B_SPLINE_CURVE_WITH_KNOTS((3,3),(0.,0.162221608205698),.UNSPECIFIED.)
CURVE()
GEOMETRIC_REPRESENTATION_ITEM()
RATIONAL_B_SPLINE_CURVE((1.,1.00173738427847,1.00297745668406))
REPRESENTATION_ITEM('')
);
#86=(
BOUNDED_CURVE()
B_SPLINE_CURVE(2,(#15242,#15243,#15244),.UNSPECIFIED.,.F.,.F.)
B_SPLINE_CURVE_WITH_KNOTS((3,3),(0.971237241656122,1.13345884986108),
 .UNSPECIFIED.)
CURVE()
GEOMETRIC_REPRESENTATION_ITEM()
RATIONAL_B_SPLINE_CURVE((1.00297745668138,1.0017373842769,1.))
REPRESENTATION_ITEM('')
);
#87=CONICAL_SURFACE('',#10108,22.25,0.785398163397448);
#88=CONICAL_SURFACE('',#10110,22.25,0.785398163397448);
#89=CONICAL_SURFACE('',#10112,22.25,0.785398163397448);
#90=CONICAL_SURFACE('',#10114,22.25,0.785398163397448);
#91=CONICAL_SURFACE('',#10116,22.25,0.785398163397448);
#92=CONICAL_SURFACE('',#10118,22.25,0.785398163397448);
#93=CONICAL_SURFACE('',#10120,22.25,0.785398163397448);
#94=CONICAL_SURFACE('',#10122,22.25,0.785398163397448);
#95=CONICAL_SURFACE('',#10124,22.25,0.785398163397448);
#96=CONICAL_SURFACE('',#10126,22.25,0.785398163397448);
#97=CONICAL_SURFACE('',#10128,22.25,0.785398163397448);
#98=CONICAL_SURFACE('',#10130,22.25,0.785398163397448);
#99=CONICAL_SURFACE('',#10132,22.25,0.785398163397448);
#100=CONICAL_SURFACE('',#10134,22.25,0.785398163397448);
#101=CONICAL_SURFACE('',#10136,22.25,0.785398163397448);
#102=CONICAL_SURFACE('',#10138,22.25,0.785398163397448);
#103=CONICAL_SURFACE('',#10140,22.25,0.785398163397448);
#104=CONICAL_SURFACE('',#10143,22.25,0.785398163397448);
#105=FACE_BOUND('',#1019,.T.);
#106=FACE_BOUND('',#1027,.T.);
#107=FACE_BOUND('',#1035,.T.);
#108=FACE_BOUND('',#1043,.T.);
#109=FACE_BOUND('',#1066,.T.);
#110=FACE_BOUND('',#1067,.T.);
#111=FACE_BOUND('',#1068,.T.);
#112=FACE_BOUND('',#1069,.T.);
#113=FACE_BOUND('',#1070,.T.);
#114=FACE_BOUND('',#1128,.T.);
#115=FACE_BOUND('',#1129,.T.);
#116=FACE_BOUND('',#1130,.T.);
#117=FACE_BOUND('',#1131,.T.);
#118=FACE_BOUND('',#1132,.T.);
#119=PLANE('',#9790);
#120=PLANE('',#9803);
#121=PLANE('',#9816);
#122=PLANE('',#9829);
#123=PLANE('',#9842);
#124=PLANE('',#9855);
#125=PLANE('',#9868);
#126=PLANE('',#9881);
#127=PLANE('',#9894);
#128=PLANE('',#9907);
#129=PLANE('',#9920);
#130=PLANE('',#9933);
#131=PLANE('',#9946);
#132=PLANE('',#9959);
#133=PLANE('',#9972);
#134=PLANE('',#9985);
#135=PLANE('',#9998);
#136=PLANE('',#10011);
#137=PLANE('',#10013);
#138=PLANE('',#10014);
#139=PLANE('',#10015);
#140=PLANE('',#10016);
#141=PLANE('',#10017);
#142=PLANE('',#10018);
#143=PLANE('',#10019);
#144=PLANE('',#10021);
#145=PLANE('',#10022);
#146=PLANE('',#10023);
#147=PLANE('',#10024);
#148=PLANE('',#10025);
#149=PLANE('',#10026);
#150=PLANE('',#10027);
#151=PLANE('',#10029);
#152=PLANE('',#10030);
#153=PLANE('',#10031);
#154=PLANE('',#10032);
#155=PLANE('',#10033);
#156=PLANE('',#10034);
#157=PLANE('',#10035);
#158=PLANE('',#10037);
#159=PLANE('',#10038);
#160=PLANE('',#10039);
#161=PLANE('',#10040);
#162=PLANE('',#10041);
#163=PLANE('',#10042);
#164=PLANE('',#10043);
#165=PLANE('',#10087);
#166=PLANE('',#10145);
#167=PLANE('',#10146);
#168=PLANE('',#10147);
#169=PLANE('',#10148);
#170=PLANE('',#10149);
#171=PLANE('',#10150);
#172=PLANE('',#10151);
#173=PLANE('',#10152);
#174=PLANE('',#10153);
#175=PLANE('',#10154);
#176=PLANE('',#10155);
#177=PLANE('',#10156);
#178=PLANE('',#10157);
#179=PLANE('',#10158);
#180=PLANE('',#10159);
#181=PLANE('',#10160);
#182=PLANE('',#10161);
#183=PLANE('',#10196);
#184=PLANE('',#10200);
#185=PLANE('',#10201);
#186=PLANE('',#10313);
#187=PLANE('',#10316);
#188=PLANE('',#10319);
#189=PLANE('',#10322);
#190=PLANE('',#10325);
#191=PLANE('',#10328);
#192=PLANE('',#10331);
#193=PLANE('',#10334);
#194=PLANE('',#10337);
#195=PLANE('',#10340);
#196=PLANE('',#10343);
#197=PLANE('',#10346);
#198=PLANE('',#10349);
#199=PLANE('',#10352);
#200=PLANE('',#10355);
#201=PLANE('',#10358);
#202=PLANE('',#10361);
#203=PLANE('',#10364);
#204=PLANE('',#10367);
#205=PLANE('',#10370);
#206=PLANE('',#10373);
#207=PLANE('',#10376);
#208=PLANE('',#10379);
#209=PLANE('',#10382);
#210=PLANE('',#10385);
#211=PLANE('',#10388);
#212=PLANE('',#10391);
#213=PLANE('',#10394);
#214=PLANE('',#10399);
#215=PLANE('',#10402);
#216=PLANE('',#10405);
#217=PLANE('',#10412);
#218=PLANE('',#10415);
#219=PLANE('',#10422);
#220=PLANE('',#10425);
#221=PLANE('',#10432);
#222=PLANE('',#10435);
#223=PLANE('',#10442);
#224=PLANE('',#10445);
#225=PLANE('',#10452);
#226=PLANE('',#10455);
#227=PLANE('',#10462);
#228=PLANE('',#10465);
#229=PLANE('',#10472);
#230=PLANE('',#10475);
#231=PLANE('',#10482);
#232=PLANE('',#10485);
#233=PLANE('',#10488);
#234=PLANE('',#10491);
#235=PLANE('',#10494);
#236=PLANE('',#10495);
#237=PLANE('',#10496);
#238=PLANE('',#10497);
#239=PLANE('',#10498);
#240=PLANE('',#10499);
#241=PLANE('',#10501);
#242=PLANE('',#10503);
#243=PLANE('',#10504);
#244=PLANE('',#10505);
#245=PLANE('',#10506);
#246=PLANE('',#10507);
#247=PLANE('',#10508);
#248=PLANE('',#10510);
#249=PLANE('',#10512);
#250=PLANE('',#10513);
#251=PLANE('',#10514);
#252=PLANE('',#10515);
#253=PLANE('',#10516);
#254=PLANE('',#10517);
#255=PLANE('',#10519);
#256=PLANE('',#10521);
#257=PLANE('',#10522);
#258=PLANE('',#10523);
#259=PLANE('',#10524);
#260=PLANE('',#10525);
#261=PLANE('',#10526);
#262=PLANE('',#10528);
#263=PLANE('',#10530);
#264=PLANE('',#10531);
#265=PLANE('',#10532);
#266=PLANE('',#10533);
#267=PLANE('',#10534);
#268=PLANE('',#10535);
#269=PLANE('',#10537);
#270=PLANE('',#10539);
#271=PLANE('',#10540);
#272=PLANE('',#10541);
#273=PLANE('',#10542);
#274=PLANE('',#10543);
#275=PLANE('',#10544);
#276=PLANE('',#10546);
#277=PLANE('',#10548);
#278=PLANE('',#10549);
#279=PLANE('',#10550);
#280=PLANE('',#10551);
#281=PLANE('',#10552);
#282=PLANE('',#10553);
#283=PLANE('',#10555);
#284=PLANE('',#10557);
#285=PLANE('',#10558);
#286=PLANE('',#10559);
#287=PLANE('',#10560);
#288=PLANE('',#10561);
#289=PLANE('',#10562);
#290=PLANE('',#10564);
#291=PLANE('',#10566);
#292=PLANE('',#10567);
#293=PLANE('',#10568);
#294=PLANE('',#10569);
#295=PLANE('',#10570);
#296=PLANE('',#10571);
#297=PLANE('',#10573);
#298=PLANE('',#10575);
#299=PLANE('',#10576);
#300=PLANE('',#10577);
#301=PLANE('',#10578);
#302=PLANE('',#10579);
#303=PLANE('',#10580);
#304=PLANE('',#10582);
#305=PLANE('',#10584);
#306=PLANE('',#10585);
#307=PLANE('',#10586);
#308=PLANE('',#10587);
#309=PLANE('',#10588);
#310=PLANE('',#10589);
#311=PLANE('',#10591);
#312=PLANE('',#10593);
#313=PLANE('',#10594);
#314=PLANE('',#10595);
#315=PLANE('',#10596);
#316=PLANE('',#10597);
#317=PLANE('',#10598);
#318=PLANE('',#10600);
#319=PLANE('',#10602);
#320=PLANE('',#10603);
#321=PLANE('',#10604);
#322=PLANE('',#10605);
#323=PLANE('',#10606);
#324=PLANE('',#10607);
#325=PLANE('',#10609);
#326=PLANE('',#10611);
#327=PLANE('',#10612);
#328=PLANE('',#10613);
#329=PLANE('',#10614);
#330=PLANE('',#10615);
#331=PLANE('',#10616);
#332=PLANE('',#10618);
#333=PLANE('',#10620);
#334=PLANE('',#10621);
#335=PLANE('',#10622);
#336=PLANE('',#10623);
#337=PLANE('',#10624);
#338=PLANE('',#10625);
#339=PLANE('',#10627);
#340=PLANE('',#10629);
#341=PLANE('',#10630);
#342=PLANE('',#10631);
#343=PLANE('',#10632);
#344=PLANE('',#10633);
#345=PLANE('',#10634);
#346=PLANE('',#10636);
#347=PLANE('',#10638);
#348=PLANE('',#10639);
#349=PLANE('',#10640);
#350=PLANE('',#10641);
#351=PLANE('',#10642);
#352=PLANE('',#10643);
#353=PLANE('',#10645);
#354=PLANE('',#10650);
#355=PLANE('',#10653);
#356=PLANE('',#10656);
#357=PLANE('',#10659);
#358=PLANE('',#10660);
#359=PLANE('',#10661);
#360=PLANE('',#10662);
#361=PLANE('',#10663);
#362=PLANE('',#10664);
#363=PLANE('',#10666);
#364=PLANE('',#10668);
#365=(
BOUNDED_SURFACE()
B_SPLINE_SURFACE(2,2,((#13394,#13395,#13396),(#13397,#13398,#13399),(#13400,
#13401,#13402)),.UNSPECIFIED.,.F.,.F.,.F.)
B_SPLINE_SURFACE_WITH_KNOTS((3,3),(3,3),(0.,1.5707963267949),(1.22173047639603,
2.79252680319093),.UNSPECIFIED.)
GEOMETRIC_REPRESENTATION_ITEM()
RATIONAL_B_SPLINE_SURFACE(((1.,0.707106781186548,1.),(0.707106781186548,
0.5,0.707106781186548),(1.,0.707106781186548,1.)))
REPRESENTATION_ITEM('')
SURFACE()
);
#366=(
BOUNDED_SURFACE()
B_SPLINE_SURFACE(2,2,((#13414,#13415,#13416),(#13417,#13418,#13419),(#13420,
#13421,#13422)),.UNSPECIFIED.,.F.,.F.,.F.)
B_SPLINE_SURFACE_WITH_KNOTS((3,3),(3,3),(0.,1.5707963267949),(-0.785398163397451,
0.78539816339745),.UNSPECIFIED.)
GEOMETRIC_REPRESENTATION_ITEM()
RATIONAL_B_SPLINE_SURFACE(((1.,0.707106781186546,1.),(0.70710678118655,
0.500000000000001,0.70710678118655),(1.,0.707106781186546,1.)))
REPRESENTATION_ITEM('')
SURFACE()
);
#367=(
BOUNDED_SURFACE()
B_SPLINE_SURFACE(2,2,((#13459,#13460,#13461),(#13462,#13463,#13464),(#13465,
#13466,#13467)),.UNSPECIFIED.,.F.,.F.,.F.)
B_SPLINE_SURFACE_WITH_KNOTS((3,3),(3,3),(0.,1.5707963267949),(0.872664625997165,
2.44346095279206),.UNSPECIFIED.)
GEOMETRIC_REPRESENTATION_ITEM()
RATIONAL_B_SPLINE_SURFACE(((1.,0.707106781186547,1.),(0.70710678118654,
0.499999999999994,0.70710678118654),(1.,0.707106781186547,1.)))
REPRESENTATION_ITEM('')
SURFACE()
);
#368=(
BOUNDED_SURFACE()
B_SPLINE_SURFACE(2,2,((#13479,#13480,#13481),(#13482,#13483,#13484),(#13485,
#13486,#13487)),.UNSPECIFIED.,.F.,.F.,.F.)
B_SPLINE_SURFACE_WITH_KNOTS((3,3),(3,3),(0.,1.5707963267949),(-0.78539816339745,
0.78539816339745),.UNSPECIFIED.)
GEOMETRIC_REPRESENTATION_ITEM()
RATIONAL_B_SPLINE_SURFACE(((1.,0.707106781186546,1.),(0.707106781186547,
0.499999999999999,0.707106781186547),(1.,0.707106781186546,1.)))
REPRESENTATION_ITEM('')
SURFACE()
);
#369=(
BOUNDED_SURFACE()
B_SPLINE_SURFACE(2,2,((#13524,#13525,#13526),(#13527,#13528,#13529),(#13530,
#13531,#13532)),.UNSPECIFIED.,.F.,.F.,.F.)
B_SPLINE_SURFACE_WITH_KNOTS((3,3),(3,3),(-1.11022302462516E-15,1.5707963267949),
(0.523598775598299,2.0943951023932),.UNSPECIFIED.)
GEOMETRIC_REPRESENTATION_ITEM()
RATIONAL_B_SPLINE_SURFACE(((1.,0.707106781186547,1.),(0.707106781186546,
0.499999999999999,0.707106781186546),(1.,0.707106781186547,1.)))
REPRESENTATION_ITEM('')
SURFACE()
);
#370=(
BOUNDED_SURFACE()
B_SPLINE_SURFACE(2,2,((#13544,#13545,#13546),(#13547,#13548,#13549),(#13550,
#13551,#13552)),.UNSPECIFIED.,.F.,.F.,.F.)
B_SPLINE_SURFACE_WITH_KNOTS((3,3),(3,3),(0.,1.5707963267949),(-0.78539816339745,
0.785398163397449),.UNSPECIFIED.)
GEOMETRIC_REPRESENTATION_ITEM()
RATIONAL_B_SPLINE_SURFACE(((1.,0.707106781186547,1.),(0.707106781186545,
0.499999999999998,0.707106781186545),(1.,0.707106781186547,1.)))
REPRESENTATION_ITEM('')
SURFACE()
);
#371=(
BOUNDED_SURFACE()
B_SPLINE_SURFACE(2,2,((#13589,#13590,#13591),(#13592,#13593,#13594),(#13595,
#13596,#13597)),.UNSPECIFIED.,.F.,.F.,.F.)
B_SPLINE_SURFACE_WITH_KNOTS((3,3),(3,3),(0.,1.5707963267949),(0.174532925199432,
1.74532925199433),.UNSPECIFIED.)
GEOMETRIC_REPRESENTATION_ITEM()
RATIONAL_B_SPLINE_SURFACE(((1.,0.707106781186547,1.),(0.707106781186549,
0.500000000000001,0.707106781186549),(1.,0.707106781186547,1.)))
REPRESENTATION_ITEM('')
SURFACE()
);
#372=(
BOUNDED_SURFACE()
B_SPLINE_SURFACE(2,2,((#13609,#13610,#13611),(#13612,#13613,#13614),(#13615,
#13616,#13617)),.UNSPECIFIED.,.F.,.F.,.F.)
B_SPLINE_SURFACE_WITH_KNOTS((3,3),(3,3),(0.,1.5707963267949),(-0.785398163397448,
0.785398163397449),.UNSPECIFIED.)
GEOMETRIC_REPRESENTATION_ITEM()
RATIONAL_B_SPLINE_SURFACE(((1.,0.707106781186547,1.),(0.707106781186546,
0.499999999999999,0.707106781186546),(1.,0.707106781186547,1.)))
REPRESENTATION_ITEM('')
SURFACE()
);
#373=(
BOUNDED_SURFACE()
B_SPLINE_SURFACE(2,2,((#13654,#13655,#13656),(#13657,#13658,#13659),(#13660,
#13661,#13662)),.UNSPECIFIED.,.F.,.F.,.F.)
B_SPLINE_SURFACE_WITH_KNOTS((3,3),(3,3),(0.,1.5707963267949),(-0.174532925199433,
1.39626340159546),.UNSPECIFIED.)
GEOMETRIC_REPRESENTATION_ITEM()
RATIONAL_B_SPLINE_SURFACE(((1.,0.707106781186547,1.),(0.707106781186547,
0.5,0.707106781186547),(1.,0.707106781186547,1.)))
REPRESENTATION_ITEM('')
SURFACE()
);
#374=(
BOUNDED_SURFACE()
B_SPLINE_SURFACE(2,2,((#13674,#13675,#13676),(#13677,#13678,#13679),(#13680,
#13681,#13682)),.UNSPECIFIED.,.F.,.F.,.F.)
B_SPLINE_SURFACE_WITH_KNOTS((3,3),(3,3),(0.,1.5707963267949),(1.39626340159546,
2.96705972839036),.UNSPECIFIED.)
GEOMETRIC_REPRESENTATION_ITEM()
RATIONAL_B_SPLINE_SURFACE(((1.,0.707106781186546,1.),(0.707106781186545,
0.499999999999997,0.707106781186545),(1.,0.707106781186546,1.)))
REPRESENTATION_ITEM('')
SURFACE()
);
#375=(
BOUNDED_SURFACE()
B_SPLINE_SURFACE(2,2,((#13719,#13720,#13721),(#13722,#13723,#13724),(#13725,
#13726,#13727)),.UNSPECIFIED.,.F.,.F.,.F.)
B_SPLINE_SURFACE_WITH_KNOTS((3,3),(3,3),(0.,1.5707963267949),(-0.523598775598301,
1.0471975511966),.UNSPECIFIED.)
GEOMETRIC_REPRESENTATION_ITEM()
RATIONAL_B_SPLINE_SURFACE(((1.,0.707106781186546,1.),(0.707106781186546,
0.499999999999998,0.707106781186546),(1.,0.707106781186546,1.)))
REPRESENTATION_ITEM('')
SURFACE()
);
#376=(
BOUNDED_SURFACE()
B_SPLINE_SURFACE(2,2,((#13739,#13740,#13741),(#13742,#13743,#13744),(#13745,
#13746,#13747)),.UNSPECIFIED.,.F.,.F.,.F.)
B_SPLINE_SURFACE_WITH_KNOTS((3,3),(3,3),(0.,1.5707963267949),(1.0471975511966,
2.6179938779915),.UNSPECIFIED.)
GEOMETRIC_REPRESENTATION_ITEM()
RATIONAL_B_SPLINE_SURFACE(((1.,0.707106781186547,1.),(0.707106781186546,
0.499999999999999,0.707106781186546),(1.,0.707106781186547,1.)))
REPRESENTATION_ITEM('')
SURFACE()
);
#377=(
BOUNDED_SURFACE()
B_SPLINE_SURFACE(2,2,((#13784,#13785,#13786),(#13787,#13788,#13789),(#13790,
#13791,#13792)),.UNSPECIFIED.,.F.,.F.,.F.)
B_SPLINE_SURFACE_WITH_KNOTS((3,3),(3,3),(-1.11022302462516E-15,1.5707963267949),
(-0.872664625997165,0.698131700797731),.UNSPECIFIED.)
GEOMETRIC_REPRESENTATION_ITEM()
RATIONAL_B_SPLINE_SURFACE(((1.,0.707106781186548,1.),(0.707106781186545,
0.499999999999998,0.707106781186545),(1.,0.707106781186548,1.)))
REPRESENTATION_ITEM('')
SURFACE()
);
#378=(
BOUNDED_SURFACE()
B_SPLINE_SURFACE(2,2,((#13804,#13805,#13806),(#13807,#13808,#13809),(#13810,
#13811,#13812)),.UNSPECIFIED.,.F.,.F.,.F.)
B_SPLINE_SURFACE_WITH_KNOTS((3,3),(3,3),(-1.11022302462516E-15,1.5707963267949),
(0.698131700797731,2.26892802759263),.UNSPECIFIED.)
GEOMETRIC_REPRESENTATION_ITEM()
RATIONAL_B_SPLINE_SURFACE(((1.,0.707106781186547,1.),(0.707106781186549,
0.500000000000001,0.707106781186549),(1.,0.707106781186547,1.)))
REPRESENTATION_ITEM('')
SURFACE()
);
#379=(
BOUNDED_SURFACE()
B_SPLINE_SURFACE(2,2,((#13849,#13850,#13851),(#13852,#13853,#13854),(#13855,
#13856,#13857)),.UNSPECIFIED.,.F.,.F.,.F.)
B_SPLINE_SURFACE_WITH_KNOTS((3,3),(3,3),(0.,1.5707963267949),(-1.22173047639603,
0.349065850398867),.UNSPECIFIED.)
GEOMETRIC_REPRESENTATION_ITEM()
RATIONAL_B_SPLINE_SURFACE(((1.,0.707106781186547,1.),(0.707106781186545,
0.499999999999998,0.707106781186545),(1.,0.707106781186547,1.)))
REPRESENTATION_ITEM('')
SURFACE()
);
#380=(
BOUNDED_SURFACE()
B_SPLINE_SURFACE(2,2,((#13869,#13870,#13871),(#13872,#13873,#13874),(#13875,
#13876,#13877)),.UNSPECIFIED.,.F.,.F.,.F.)
B_SPLINE_SURFACE_WITH_KNOTS((3,3),(3,3),(0.,1.5707963267949),(0.349065850398866,
1.91986217719376),.UNSPECIFIED.)
GEOMETRIC_REPRESENTATION_ITEM()
RATIONAL_B_SPLINE_SURFACE(((1.,0.707106781186547,1.),(0.707106781186543,
0.499999999999997,0.707106781186543),(1.,0.707106781186547,1.)))
REPRESENTATION_ITEM('')
SURFACE()
);
#381=(
BOUNDED_SURFACE()
B_SPLINE_SURFACE(2,2,((#13914,#13915,#13916),(#13917,#13918,#13919),(#13920,
#13921,#13922)),.UNSPECIFIED.,.F.,.F.,.F.)
B_SPLINE_SURFACE_WITH_KNOTS((3,3),(3,3),(0.,1.5707963267949),(-1.5707963267949,
-6.82525666097881E-16),.UNSPECIFIED.)
GEOMETRIC_REPRESENTATION_ITEM()
RATIONAL_B_SPLINE_SURFACE(((1.,0.707106781186548,1.),(0.707106781186548,
0.5,0.707106781186548),(1.,0.707106781186548,1.)))
REPRESENTATION_ITEM('')
SURFACE()
);
#382=(
BOUNDED_SURFACE()
B_SPLINE_SURFACE(2,2,((#13934,#13935,#13936),(#13937,#13938,#13939),(#13940,
#13941,#13942)),.UNSPECIFIED.,.F.,.F.,.F.)
B_SPLINE_SURFACE_WITH_KNOTS((3,3),(3,3),(-1.11022302462516E-15,1.5707963267949),
(-3.46944695195362E-16,1.5707963267949),.UNSPECIFIED.)
GEOMETRIC_REPRESENTATION_ITEM()
RATIONAL_B_SPLINE_SURFACE(((1.,0.707106781186547,1.),(0.707106781186545,
0.499999999999998,0.707106781186545),(1.,0.707106781186547,1.)))
REPRESENTATION_ITEM('')
SURFACE()
);
#383=(
BOUNDED_SURFACE()
B_SPLINE_SURFACE(2,2,((#13979,#13980,#13981),(#13982,#13983,#13984),(#13985,
#13986,#13987)),.UNSPECIFIED.,.F.,.F.,.F.)
B_SPLINE_SURFACE_WITH_KNOTS((3,3),(3,3),(0.,1.5707963267949),(-1.91986217719376,
-0.349065850398866),.UNSPECIFIED.)
GEOMETRIC_REPRESENTATION_ITEM()
RATIONAL_B_SPLINE_SURFACE(((1.,0.707106781186547,1.),(0.70710678118654,
0.499999999999994,0.70710678118654),(1.,0.707106781186547,1.)))
REPRESENTATION_ITEM('')
SURFACE()
);
#384=(
BOUNDED_SURFACE()
B_SPLINE_SURFACE(2,2,((#13999,#14000,#14001),(#14002,#14003,#14004),(#14005,
#14006,#14007)),.UNSPECIFIED.,.F.,.F.,.F.)
B_SPLINE_SURFACE_WITH_KNOTS((3,3),(3,3),(-1.11022302462516E-15,1.5707963267949),
(-0.349065850398866,1.22173047639603),.UNSPECIFIED.)
GEOMETRIC_REPRESENTATION_ITEM()
RATIONAL_B_SPLINE_SURFACE(((1.,0.707106781186547,1.),(0.707106781186547,
0.499999999999999,0.707106781186547),(1.,0.707106781186547,1.)))
REPRESENTATION_ITEM('')
SURFACE()
);
#385=(
BOUNDED_SURFACE()
B_SPLINE_SURFACE(2,2,((#14044,#14045,#14046),(#14047,#14048,#14049),(#14050,
#14051,#14052)),.UNSPECIFIED.,.F.,.F.,.F.)
B_SPLINE_SURFACE_WITH_KNOTS((3,3),(3,3),(0.,1.5707963267949),(-2.26892802759263,
-0.698131700797731),.UNSPECIFIED.)
GEOMETRIC_REPRESENTATION_ITEM()
RATIONAL_B_SPLINE_SURFACE(((1.,0.707106781186547,1.),(0.70710678118655,
0.500000000000002,0.70710678118655),(1.,0.707106781186547,1.)))
REPRESENTATION_ITEM('')
SURFACE()
);
#386=(
BOUNDED_SURFACE()
B_SPLINE_SURFACE(2,2,((#14064,#14065,#14066),(#14067,#14068,#14069),(#14070,
#14071,#14072)),.UNSPECIFIED.,.F.,.F.,.F.)
B_SPLINE_SURFACE_WITH_KNOTS((3,3),(3,3),(0.,1.5707963267949),(-0.698131700797734,
0.872664625997166),.UNSPECIFIED.)
GEOMETRIC_REPRESENTATION_ITEM()
RATIONAL_B_SPLINE_SURFACE(((1.,0.707106781186547,1.),(0.707106781186545,
0.499999999999998,0.707106781186545),(1.,0.707106781186547,1.)))
REPRESENTATION_ITEM('')
SURFACE()
);
#387=(
BOUNDED_SURFACE()
B_SPLINE_SURFACE(2,2,((#14109,#14110,#14111),(#14112,#14113,#14114),(#14115,
#14116,#14117)),.UNSPECIFIED.,.F.,.F.,.F.)
B_SPLINE_SURFACE_WITH_KNOTS((3,3),(3,3),(0.,1.5707963267949),(-2.61799387799149,
-1.0471975511966),.UNSPECIFIED.)
GEOMETRIC_REPRESENTATION_ITEM()
RATIONAL_B_SPLINE_SURFACE(((1.,0.707106781186547,1.),(0.707106781186549,
0.500000000000001,0.707106781186549),(1.,0.707106781186547,1.)))
REPRESENTATION_ITEM('')
SURFACE()
);
#388=(
BOUNDED_SURFACE()
B_SPLINE_SURFACE(2,2,((#14129,#14130,#14131),(#14132,#14133,#14134),(#14135,
#14136,#14137)),.UNSPECIFIED.,.F.,.F.,.F.)
B_SPLINE_SURFACE_WITH_KNOTS((3,3),(3,3),(0.,1.5707963267949),(-1.0471975511966,
0.523598775598298),.UNSPECIFIED.)
GEOMETRIC_REPRESENTATION_ITEM()
RATIONAL_B_SPLINE_SURFACE(((1.,0.707106781186547,1.),(0.707106781186547,
0.499999999999999,0.707106781186547),(1.,0.707106781186547,1.)))
REPRESENTATION_ITEM('')
SURFACE()
);
#389=(
BOUNDED_SURFACE()
B_SPLINE_SURFACE(2,2,((#14174,#14175,#14176),(#14177,#14178,#14179),(#14180,
#14181,#14182)),.UNSPECIFIED.,.F.,.F.,.F.)
B_SPLINE_SURFACE_WITH_KNOTS((3,3),(3,3),(0.,1.5707963267949),(-2.96705972839036,
-1.39626340159546),.UNSPECIFIED.)
GEOMETRIC_REPRESENTATION_ITEM()
RATIONAL_B_SPLINE_SURFACE(((1.,0.707106781186546,1.),(0.707106781186549,
0.5,0.707106781186549),(1.,0.707106781186546,1.)))
REPRESENTATION_ITEM('')
SURFACE()
);
#390=(
BOUNDED_SURFACE()
B_SPLINE_SURFACE(2,2,((#14194,#14195,#14196),(#14197,#14198,#14199),(#14200,
#14201,#14202)),.UNSPECIFIED.,.F.,.F.,.F.)
B_SPLINE_SURFACE_WITH_KNOTS((3,3),(3,3),(0.,1.5707963267949),(-1.39626340159546,
0.174532925199433),.UNSPECIFIED.)
GEOMETRIC_REPRESENTATION_ITEM()
RATIONAL_B_SPLINE_SURFACE(((1.,0.707106781186547,1.),(0.707106781186547,
0.5,0.707106781186547),(1.,0.707106781186547,1.)))
REPRESENTATION_ITEM('')
SURFACE()
);
#391=(
BOUNDED_SURFACE()
B_SPLINE_SURFACE(2,2,((#14239,#14240,#14241),(#14242,#14243,#14244),(#14245,
#14246,#14247)),.UNSPECIFIED.,.F.,.F.,.F.)
B_SPLINE_SURFACE_WITH_KNOTS((3,3),(3,3),(0.,1.5707963267949),(-0.785398163397449,
0.785398163397449),.UNSPECIFIED.)
GEOMETRIC_REPRESENTATION_ITEM()
RATIONAL_B_SPLINE_SURFACE(((1.,0.707106781186547,1.),(0.707106781186548,
0.5,0.707106781186548),(1.,0.707106781186547,1.)))
REPRESENTATION_ITEM('')
SURFACE()
);
#392=(
BOUNDED_SURFACE()
B_SPLINE_SURFACE(2,2,((#14259,#14260,#14261),(#14262,#14263,#14264),(#14265,
#14266,#14267)),.UNSPECIFIED.,.F.,.F.,.F.)
B_SPLINE_SURFACE_WITH_KNOTS((3,3),(3,3),(0.,1.5707963267949),(-1.74532925199433,
-0.174532925199429),.UNSPECIFIED.)
GEOMETRIC_REPRESENTATION_ITEM()
RATIONAL_B_SPLINE_SURFACE(((1.,0.707106781186546,1.),(0.707106781186545,
0.499999999999997,0.707106781186545),(1.,0.707106781186546,1.)))
REPRESENTATION_ITEM('')
SURFACE()
);
#393=(
BOUNDED_SURFACE()
B_SPLINE_SURFACE(2,2,((#14304,#14305,#14306),(#14307,#14308,#14309),(#14310,
#14311,#14312)),.UNSPECIFIED.,.F.,.F.,.F.)
B_SPLINE_SURFACE_WITH_KNOTS((3,3),(3,3),(0.,1.5707963267949),(-0.785398163397448,
0.785398163397449),.UNSPECIFIED.)
GEOMETRIC_REPRESENTATION_ITEM()
RATIONAL_B_SPLINE_SURFACE(((1.,0.707106781186547,1.),(0.707106781186546,
0.499999999999999,0.707106781186546),(1.,0.707106781186547,1.)))
REPRESENTATION_ITEM('')
SURFACE()
);
#394=(
BOUNDED_SURFACE()
B_SPLINE_SURFACE(2,2,((#14324,#14325,#14326),(#14327,#14328,#14329),(#14330,
#14331,#14332)),.UNSPECIFIED.,.F.,.F.,.F.)
B_SPLINE_SURFACE_WITH_KNOTS((3,3),(3,3),(0.,1.5707963267949),(-2.0943951023932,
-0.523598775598298),.UNSPECIFIED.)
GEOMETRIC_REPRESENTATION_ITEM()
RATIONAL_B_SPLINE_SURFACE(((1.,0.707106781186547,1.),(0.707106781186547,
0.499999999999999,0.707106781186547),(1.,0.707106781186547,1.)))
REPRESENTATION_ITEM('')
SURFACE()
);
#395=(
BOUNDED_SURFACE()
B_SPLINE_SURFACE(2,2,((#14369,#14370,#14371),(#14372,#14373,#14374),(#14375,
#14376,#14377)),.UNSPECIFIED.,.F.,.F.,.F.)
B_SPLINE_SURFACE_WITH_KNOTS((3,3),(3,3),(-1.11022302462516E-15,1.5707963267949),
(-0.785398163397449,0.785398163397447),.UNSPECIFIED.)
GEOMETRIC_REPRESENTATION_ITEM()
RATIONAL_B_SPLINE_SURFACE(((1.,0.707106781186548,1.),(0.707106781186545,
0.499999999999999,0.707106781186545),(1.,0.707106781186548,1.)))
REPRESENTATION_ITEM('')
SURFACE()
);
#396=(
BOUNDED_SURFACE()
B_SPLINE_SURFACE(2,2,((#14389,#14390,#14391),(#14392,#14393,#14394),(#14395,
#14396,#14397)),.UNSPECIFIED.,.F.,.F.,.F.)
B_SPLINE_SURFACE_WITH_KNOTS((3,3),(3,3),(-1.11022302462516E-15,1.5707963267949),
(-2.44346095279206,-0.872664625997165),.UNSPECIFIED.)
GEOMETRIC_REPRESENTATION_ITEM()
RATIONAL_B_SPLINE_SURFACE(((1.,0.707106781186547,1.),(0.707106781186549,
0.5,0.707106781186549),(1.,0.707106781186547,1.)))
REPRESENTATION_ITEM('')
SURFACE()
);
#397=(
BOUNDED_SURFACE()
B_SPLINE_SURFACE(2,2,((#14434,#14435,#14436),(#14437,#14438,#14439),(#14440,
#14441,#14442)),.UNSPECIFIED.,.F.,.F.,.F.)
B_SPLINE_SURFACE_WITH_KNOTS((3,3),(3,3),(0.,1.5707963267949),(-0.785398163397449,
0.785398163397449),.UNSPECIFIED.)
GEOMETRIC_REPRESENTATION_ITEM()
RATIONAL_B_SPLINE_SURFACE(((1.,0.707106781186547,1.),(0.707106781186543,
0.499999999999996,0.707106781186543),(1.,0.707106781186547,1.)))
REPRESENTATION_ITEM('')
SURFACE()
);
#398=(
BOUNDED_SURFACE()
B_SPLINE_SURFACE(2,2,((#14454,#14455,#14456),(#14457,#14458,#14459),(#14460,
#14461,#14462)),.UNSPECIFIED.,.F.,.F.,.F.)
B_SPLINE_SURFACE_WITH_KNOTS((3,3),(3,3),(0.,1.5707963267949),(-2.79252680319093,
-1.22173047639603),.UNSPECIFIED.)
GEOMETRIC_REPRESENTATION_ITEM()
RATIONAL_B_SPLINE_SURFACE(((1.,0.707106781186547,1.),(0.707106781186543,
0.499999999999997,0.707106781186543),(1.,0.707106781186547,1.)))
REPRESENTATION_ITEM('')
SURFACE()
);
#399=(
BOUNDED_SURFACE()
B_SPLINE_SURFACE(2,2,((#14499,#14500,#14501),(#14502,#14503,#14504),(#14505,
#14506,#14507)),.UNSPECIFIED.,.F.,.F.,.F.)
B_SPLINE_SURFACE_WITH_KNOTS((3,3),(3,3),(0.,1.5707963267949),(1.5707963267949,
3.14159265358979),.UNSPECIFIED.)
GEOMETRIC_REPRESENTATION_ITEM()
RATIONAL_B_SPLINE_SURFACE(((1.,0.707106781186548,1.),(0.707106781186548,
0.5,0.707106781186548),(1.,0.707106781186548,1.)))
REPRESENTATION_ITEM('')
SURFACE()
);
#400=(
BOUNDED_SURFACE()
B_SPLINE_SURFACE(2,2,((#14519,#14520,#14521),(#14522,#14523,#14524),(#14525,
#14526,#14527)),.UNSPECIFIED.,.F.,.F.,.F.)
B_SPLINE_SURFACE_WITH_KNOTS((3,3),(3,3),(0.,1.5707963267949),(-3.14159265358979,
-1.5707963267949),.UNSPECIFIED.)
GEOMETRIC_REPRESENTATION_ITEM()
RATIONAL_B_SPLINE_SURFACE(((1.,0.707106781186547,1.),(0.70710678118654,
0.499999999999994,0.70710678118654),(1.,0.707106781186547,1.)))
REPRESENTATION_ITEM('')
SURFACE()
);
#401=FACE_OUTER_BOUND('',#904,.T.);
#402=FACE_OUTER_BOUND('',#905,.T.);
#403=FACE_OUTER_BOUND('',#906,.T.);
#404=FACE_OUTER_BOUND('',#907,.T.);
#405=FACE_OUTER_BOUND('',#908,.T.);
#406=FACE_OUTER_BOUND('',#909,.T.);
#407=FACE_OUTER_BOUND('',#910,.T.);
#408=FACE_OUTER_BOUND('',#911,.T.);
#409=FACE_OUTER_BOUND('',#912,.T.);
#410=FACE_OUTER_BOUND('',#913,.T.);
#411=FACE_OUTER_BOUND('',#914,.T.);
#412=FACE_OUTER_BOUND('',#915,.T.);
#413=FACE_OUTER_BOUND('',#916,.T.);
#414=FACE_OUTER_BOUND('',#917,.T.);
#415=FACE_OUTER_BOUND('',#918,.T.);
#416=FACE_OUTER_BOUND('',#919,.T.);
#417=FACE_OUTER_BOUND('',#920,.T.);
#418=FACE_OUTER_BOUND('',#921,.T.);
#419=FACE_OUTER_BOUND('',#922,.T.);
#420=FACE_OUTER_BOUND('',#923,.T.);
#421=FACE_OUTER_BOUND('',#924,.T.);
#422=FACE_OUTER_BOUND('',#925,.T.);
#423=FACE_OUTER_BOUND('',#926,.T.);
#424=FACE_OUTER_BOUND('',#927,.T.);
#425=FACE_OUTER_BOUND('',#928,.T.);
#426=FACE_OUTER_BOUND('',#929,.T.);
#427=FACE_OUTER_BOUND('',#930,.T.);
#428=FACE_OUTER_BOUND('',#931,.T.);
#429=FACE_OUTER_BOUND('',#932,.T.);
#430=FACE_OUTER_BOUND('',#933,.T.);
#431=FACE_OUTER_BOUND('',#934,.T.);
#432=FACE_OUTER_BOUND('',#935,.T.);
#433=FACE_OUTER_BOUND('',#936,.T.);
#434=FACE_OUTER_BOUND('',#937,.T.);
#435=FACE_OUTER_BOUND('',#938,.T.);
#436=FACE_OUTER_BOUND('',#939,.T.);
#437=FACE_OUTER_BOUND('',#940,.T.);
#438=FACE_OUTER_BOUND('',#941,.T.);
#439=FACE_OUTER_BOUND('',#942,.T.);
#440=FACE_OUTER_BOUND('',#943,.T.);
#441=FACE_OUTER_BOUND('',#944,.T.);
#442=FACE_OUTER_BOUND('',#945,.T.);
#443=FACE_OUTER_BOUND('',#946,.T.);
#444=FACE_OUTER_BOUND('',#947,.T.);
#445=FACE_OUTER_BOUND('',#948,.T.);
#446=FACE_OUTER_BOUND('',#949,.T.);
#447=FACE_OUTER_BOUND('',#950,.T.);
#448=FACE_OUTER_BOUND('',#951,.T.);
#449=FACE_OUTER_BOUND('',#952,.T.);
#450=FACE_OUTER_BOUND('',#953,.T.);
#451=FACE_OUTER_BOUND('',#954,.T.);
#452=FACE_OUTER_BOUND('',#955,.T.);
#453=FACE_OUTER_BOUND('',#956,.T.);
#454=FACE_OUTER_BOUND('',#957,.T.);
#455=FACE_OUTER_BOUND('',#958,.T.);
#456=FACE_OUTER_BOUND('',#959,.T.);
#457=FACE_OUTER_BOUND('',#960,.T.);
#458=FACE_OUTER_BOUND('',#961,.T.);
#459=FACE_OUTER_BOUND('',#962,.T.);
#460=FACE_OUTER_BOUND('',#963,.T.);
#461=FACE_OUTER_BOUND('',#964,.T.);
#462=FACE_OUTER_BOUND('',#965,.T.);
#463=FACE_OUTER_BOUND('',#966,.T.);
#464=FACE_OUTER_BOUND('',#967,.T.);
#465=FACE_OUTER_BOUND('',#968,.T.);
#466=FACE_OUTER_BOUND('',#969,.T.);
#467=FACE_OUTER_BOUND('',#970,.T.);
#468=FACE_OUTER_BOUND('',#971,.T.);
#469=FACE_OUTER_BOUND('',#972,.T.);
#470=FACE_OUTER_BOUND('',#973,.T.);
#471=FACE_OUTER_BOUND('',#974,.T.);
#472=FACE_OUTER_BOUND('',#975,.T.);
#473=FACE_OUTER_BOUND('',#976,.T.);
#474=FACE_OUTER_BOUND('',#977,.T.);
#475=FACE_OUTER_BOUND('',#978,.T.);
#476=FACE_OUTER_BOUND('',#979,.T.);
#477=FACE_OUTER_BOUND('',#980,.T.);
#478=FACE_OUTER_BOUND('',#981,.T.);
#479=FACE_OUTER_BOUND('',#982,.T.);
#480=FACE_OUTER_BOUND('',#983,.T.);
#481=FACE_OUTER_BOUND('',#984,.T.);
#482=FACE_OUTER_BOUND('',#985,.T.);
#483=FACE_OUTER_BOUND('',#986,.T.);
#484=FACE_OUTER_BOUND('',#987,.T.);
#485=FACE_OUTER_BOUND('',#988,.T.);
#486=FACE_OUTER_BOUND('',#989,.T.);
#487=FACE_OUTER_BOUND('',#990,.T.);
#488=FACE_OUTER_BOUND('',#991,.T.);
#489=FACE_OUTER_BOUND('',#992,.T.);
#490=FACE_OUTER_BOUND('',#993,.T.);
#491=FACE_OUTER_BOUND('',#994,.T.);
#492=FACE_OUTER_BOUND('',#995,.T.);
#493=FACE_OUTER_BOUND('',#996,.T.);
#494=FACE_OUTER_BOUND('',#997,.T.);
#495=FACE_OUTER_BOUND('',#998,.T.);
#496=FACE_OUTER_BOUND('',#999,.T.);
#497=FACE_OUTER_BOUND('',#1000,.T.);
#498=FACE_OUTER_BOUND('',#1001,.T.);
#499=FACE_OUTER_BOUND('',#1002,.T.);
#500=FACE_OUTER_BOUND('',#1003,.T.);
#501=FACE_OUTER_BOUND('',#1004,.T.);
#502=FACE_OUTER_BOUND('',#1005,.T.);
#503=FACE_OUTER_BOUND('',#1006,.T.);
#504=FACE_OUTER_BOUND('',#1007,.T.);
#505=FACE_OUTER_BOUND('',#1008,.T.);
#506=FACE_OUTER_BOUND('',#1009,.T.);
#507=FACE_OUTER_BOUND('',#1010,.T.);
#508=FACE_OUTER_BOUND('',#1011,.T.);
#509=FACE_OUTER_BOUND('',#1012,.T.);
#510=FACE_OUTER_BOUND('',#1013,.T.);
#511=FACE_OUTER_BOUND('',#1014,.T.);
#512=FACE_OUTER_BOUND('',#1015,.T.);
#513=FACE_OUTER_BOUND('',#1016,.T.);
#514=FACE_OUTER_BOUND('',#1017,.T.);
#515=FACE_OUTER_BOUND('',#1018,.T.);
#516=FACE_OUTER_BOUND('',#1020,.T.);
#517=FACE_OUTER_BOUND('',#1021,.T.);
#518=FACE_OUTER_BOUND('',#1022,.T.);
#519=FACE_OUTER_BOUND('',#1023,.T.);
#520=FACE_OUTER_BOUND('',#1024,.T.);
#521=FACE_OUTER_BOUND('',#1025,.T.);
#522=FACE_OUTER_BOUND('',#1026,.T.);
#523=FACE_OUTER_BOUND('',#1028,.T.);
#524=FACE_OUTER_BOUND('',#1029,.T.);
#525=FACE_OUTER_BOUND('',#1030,.T.);
#526=FACE_OUTER_BOUND('',#1031,.T.);
#527=FACE_OUTER_BOUND('',#1032,.T.);
#528=FACE_OUTER_BOUND('',#1033,.T.);
#529=FACE_OUTER_BOUND('',#1034,.T.);
#530=FACE_OUTER_BOUND('',#1036,.T.);
#531=FACE_OUTER_BOUND('',#1037,.T.);
#532=FACE_OUTER_BOUND('',#1038,.T.);
#533=FACE_OUTER_BOUND('',#1039,.T.);
#534=FACE_OUTER_BOUND('',#1040,.T.);
#535=FACE_OUTER_BOUND('',#1041,.T.);
#536=FACE_OUTER_BOUND('',#1042,.T.);
#537=FACE_OUTER_BOUND('',#1044,.T.);
#538=FACE_OUTER_BOUND('',#1045,.T.);
#539=FACE_OUTER_BOUND('',#1046,.T.);
#540=FACE_OUTER_BOUND('',#1047,.T.);
#541=FACE_OUTER_BOUND('',#1048,.T.);
#542=FACE_OUTER_BOUND('',#1049,.T.);
#543=FACE_OUTER_BOUND('',#1050,.T.);
#544=FACE_OUTER_BOUND('',#1051,.T.);
#545=FACE_OUTER_BOUND('',#1052,.T.);
#546=FACE_OUTER_BOUND('',#1053,.T.);
#547=FACE_OUTER_BOUND('',#1054,.T.);
#548=FACE_OUTER_BOUND('',#1055,.T.);
#549=FACE_OUTER_BOUND('',#1056,.T.);
#550=FACE_OUTER_BOUND('',#1057,.T.);
#551=FACE_OUTER_BOUND('',#1058,.T.);
#552=FACE_OUTER_BOUND('',#1059,.T.);
#553=FACE_OUTER_BOUND('',#1060,.T.);
#554=FACE_OUTER_BOUND('',#1061,.T.);
#555=FACE_OUTER_BOUND('',#1062,.T.);
#556=FACE_OUTER_BOUND('',#1063,.T.);
#557=FACE_OUTER_BOUND('',#1064,.T.);
#558=FACE_OUTER_BOUND('',#1065,.T.);
#559=FACE_OUTER_BOUND('',#1071,.T.);
#560=FACE_OUTER_BOUND('',#1072,.T.);
#561=FACE_OUTER_BOUND('',#1073,.T.);
#562=FACE_OUTER_BOUND('',#1074,.T.);
#563=FACE_OUTER_BOUND('',#1075,.T.);
#564=FACE_OUTER_BOUND('',#1076,.T.);
#565=FACE_OUTER_BOUND('',#1077,.T.);
#566=FACE_OUTER_BOUND('',#1078,.T.);
#567=FACE_OUTER_BOUND('',#1079,.T.);
#568=FACE_OUTER_BOUND('',#1080,.T.);
#569=FACE_OUTER_BOUND('',#1081,.T.);
#570=FACE_OUTER_BOUND('',#1082,.T.);
#571=FACE_OUTER_BOUND('',#1083,.T.);
#572=FACE_OUTER_BOUND('',#1084,.T.);
#573=FACE_OUTER_BOUND('',#1085,.T.);
#574=FACE_OUTER_BOUND('',#1086,.T.);
#575=FACE_OUTER_BOUND('',#1087,.T.);
#576=FACE_OUTER_BOUND('',#1088,.T.);
#577=FACE_OUTER_BOUND('',#1089,.T.);
#578=FACE_OUTER_BOUND('',#1090,.T.);
#579=FACE_OUTER_BOUND('',#1091,.T.);
#580=FACE_OUTER_BOUND('',#1092,.T.);
#581=FACE_OUTER_BOUND('',#1093,.T.);
#582=FACE_OUTER_BOUND('',#1094,.T.);
#583=FACE_OUTER_BOUND('',#1095,.T.);
#584=FACE_OUTER_BOUND('',#1096,.T.);
#585=FACE_OUTER_BOUND('',#1097,.T.);
#586=FACE_OUTER_BOUND('',#1098,.T.);
#587=FACE_OUTER_BOUND('',#1099,.T.);
#588=FACE_OUTER_BOUND('',#1100,.T.);
#589=FACE_OUTER_BOUND('',#1101,.T.);
#590=FACE_OUTER_BOUND('',#1102,.T.);
#591=FACE_OUTER_BOUND('',#1103,.T.);
#592=FACE_OUTER_BOUND('',#1104,.T.);
#593=FACE_OUTER_BOUND('',#1105,.T.);
#594=FACE_OUTER_BOUND('',#1106,.T.);
#595=FACE_OUTER_BOUND('',#1107,.T.);
#596=FACE_OUTER_BOUND('',#1108,.T.);
#597=FACE_OUTER_BOUND('',#1109,.T.);
#598=FACE_OUTER_BOUND('',#1110,.T.);
#599=FACE_OUTER_BOUND('',#1111,.T.);
#600=FACE_OUTER_BOUND('',#1112,.T.);
#601=FACE_OUTER_BOUND('',#1113,.T.);
#602=FACE_OUTER_BOUND('',#1114,.T.);
#603=FACE_OUTER_BOUND('',#1115,.T.);
#604=FACE_OUTER_BOUND('',#1116,.T.);
#605=FACE_OUTER_BOUND('',#1117,.T.);
#606=FACE_OUTER_BOUND('',#1118,.T.);
#607=FACE_OUTER_BOUND('',#1119,.T.);
#608=FACE_OUTER_BOUND('',#1120,.T.);
#609=FACE_OUTER_BOUND('',#1121,.T.);
#610=FACE_OUTER_BOUND('',#1122,.T.);
#611=FACE_OUTER_BOUND('',#1123,.T.);
#612=FACE_OUTER_BOUND('',#1124,.T.);
#613=FACE_OUTER_BOUND('',#1125,.T.);
#614=FACE_OUTER_BOUND('',#1126,.T.);
#615=FACE_OUTER_BOUND('',#1127,.T.);
#616=FACE_OUTER_BOUND('',#1133,.T.);
#617=FACE_OUTER_BOUND('',#1134,.T.);
#618=FACE_OUTER_BOUND('',#1135,.T.);
#619=FACE_OUTER_BOUND('',#1136,.T.);
#620=FACE_OUTER_BOUND('',#1137,.T.);
#621=FACE_OUTER_BOUND('',#1138,.T.);
#622=FACE_OUTER_BOUND('',#1139,.T.);
#623=FACE_OUTER_BOUND('',#1140,.T.);
#624=FACE_OUTER_BOUND('',#1141,.T.);
#625=FACE_OUTER_BOUND('',#1142,.T.);
#626=FACE_OUTER_BOUND('',#1143,.T.);
#627=FACE_OUTER_BOUND('',#1144,.T.);
#628=FACE_OUTER_BOUND('',#1145,.T.);
#629=FACE_OUTER_BOUND('',#1146,.T.);
#630=FACE_OUTER_BOUND('',#1147,.T.);
#631=FACE_OUTER_BOUND('',#1148,.T.);
#632=FACE_OUTER_BOUND('',#1149,.T.);
#633=FACE_OUTER_BOUND('',#1150,.T.);
#634=FACE_OUTER_BOUND('',#1151,.T.);
#635=FACE_OUTER_BOUND('',#1152,.T.);
#636=FACE_OUTER_BOUND('',#1153,.T.);
#637=FACE_OUTER_BOUND('',#1154,.T.);
#638=FACE_OUTER_BOUND('',#1155,.T.);
#639=FACE_OUTER_BOUND('',#1156,.T.);
#640=FACE_OUTER_BOUND('',#1157,.T.);
#641=FACE_OUTER_BOUND('',#1158,.T.);
#642=FACE_OUTER_BOUND('',#1159,.T.);
#643=FACE_OUTER_BOUND('',#1160,.T.);
#644=FACE_OUTER_BOUND('',#1161,.T.);
#645=FACE_OUTER_BOUND('',#1162,.T.);
#646=FACE_OUTER_BOUND('',#1163,.T.);
#647=FACE_OUTER_BOUND('',#1164,.T.);
#648=FACE_OUTER_BOUND('',#1165,.T.);
#649=FACE_OUTER_BOUND('',#1166,.T.);
#650=FACE_OUTER_BOUND('',#1167,.T.);
#651=FACE_OUTER_BOUND('',#1168,.T.);
#652=FACE_OUTER_BOUND('',#1169,.T.);
#653=FACE_OUTER_BOUND('',#1170,.T.);
#654=FACE_OUTER_BOUND('',#1171,.T.);
#655=FACE_OUTER_BOUND('',#1172,.T.);
#656=FACE_OUTER_BOUND('',#1173,.T.);
#657=FACE_OUTER_BOUND('',#1174,.T.);
#658=FACE_OUTER_BOUND('',#1175,.T.);
#659=FACE_OUTER_BOUND('',#1176,.T.);
#660=FACE_OUTER_BOUND('',#1177,.T.);
#661=FACE_OUTER_BOUND('',#1178,.T.);
#662=FACE_OUTER_BOUND('',#1179,.T.);
#663=FACE_OUTER_BOUND('',#1180,.T.);
#664=FACE_OUTER_BOUND('',#1181,.T.);
#665=FACE_OUTER_BOUND('',#1182,.T.);
#666=FACE_OUTER_BOUND('',#1183,.T.);
#667=FACE_OUTER_BOUND('',#1184,.T.);
#668=FACE_OUTER_BOUND('',#1185,.T.);
#669=FACE_OUTER_BOUND('',#1186,.T.);
#670=FACE_OUTER_BOUND('',#1187,.T.);
#671=FACE_OUTER_BOUND('',#1188,.T.);
#672=FACE_OUTER_BOUND('',#1189,.T.);
#673=FACE_OUTER_BOUND('',#1190,.T.);
#674=FACE_OUTER_BOUND('',#1191,.T.);
#675=FACE_OUTER_BOUND('',#1192,.T.);
#676=FACE_OUTER_BOUND('',#1193,.T.);
#677=FACE_OUTER_BOUND('',#1194,.T.);
#678=FACE_OUTER_BOUND('',#1195,.T.);
#679=FACE_OUTER_BOUND('',#1196,.T.);
#680=FACE_OUTER_BOUND('',#1197,.T.);
#681=FACE_OUTER_BOUND('',#1198,.T.);
#682=FACE_OUTER_BOUND('',#1199,.T.);
#683=FACE_OUTER_BOUND('',#1200,.T.);
#684=FACE_OUTER_BOUND('',#1201,.T.);
#685=FACE_OUTER_BOUND('',#1202,.T.);
#686=FACE_OUTER_BOUND('',#1203,.T.);
#687=FACE_OUTER_BOUND('',#1204,.T.);
#688=FACE_OUTER_BOUND('',#1205,.T.);
#689=FACE_OUTER_BOUND('',#1206,.T.);
#690=FACE_OUTER_BOUND('',#1207,.T.);
#691=FACE_OUTER_BOUND('',#1208,.T.);
#692=FACE_OUTER_BOUND('',#1209,.T.);
#693=FACE_OUTER_BOUND('',#1210,.T.);
#694=FACE_OUTER_BOUND('',#1211,.T.);
#695=FACE_OUTER_BOUND('',#1212,.T.);
#696=FACE_OUTER_BOUND('',#1213,.T.);
#697=FACE_OUTER_BOUND('',#1214,.T.);
#698=FACE_OUTER_BOUND('',#1215,.T.);
#699=FACE_OUTER_BOUND('',#1216,.T.);
#700=FACE_OUTER_BOUND('',#1217,.T.);
#701=FACE_OUTER_BOUND('',#1218,.T.);
#702=FACE_OUTER_BOUND('',#1219,.T.);
#703=FACE_OUTER_BOUND('',#1220,.T.);
#704=FACE_OUTER_BOUND('',#1221,.T.);
#705=FACE_OUTER_BOUND('',#1222,.T.);
#706=FACE_OUTER_BOUND('',#1223,.T.);
#707=FACE_OUTER_BOUND('',#1224,.T.);
#708=FACE_OUTER_BOUND('',#1225,.T.);
#709=FACE_OUTER_BOUND('',#1226,.T.);
#710=FACE_OUTER_BOUND('',#1227,.T.);
#711=FACE_OUTER_BOUND('',#1228,.T.);
#712=FACE_OUTER_BOUND('',#1229,.T.);
#713=FACE_OUTER_BOUND('',#1230,.T.);
#714=FACE_OUTER_BOUND('',#1231,.T.);
#715=FACE_OUTER_BOUND('',#1232,.T.);
#716=FACE_OUTER_BOUND('',#1233,.T.);
#717=FACE_OUTER_BOUND('',#1234,.T.);
#718=FACE_OUTER_BOUND('',#1235,.T.);
#719=FACE_OUTER_BOUND('',#1236,.T.);
#720=FACE_OUTER_BOUND('',#1237,.T.);
#721=FACE_OUTER_BOUND('',#1238,.T.);
#722=FACE_OUTER_BOUND('',#1239,.T.);
#723=FACE_OUTER_BOUND('',#1240,.T.);
#724=FACE_OUTER_BOUND('',#1241,.T.);
#725=FACE_OUTER_BOUND('',#1242,.T.);
#726=FACE_OUTER_BOUND('',#1243,.T.);
#727=FACE_OUTER_BOUND('',#1244,.T.);
#728=FACE_OUTER_BOUND('',#1245,.T.);
#729=FACE_OUTER_BOUND('',#1246,.T.);
#730=FACE_OUTER_BOUND('',#1247,.T.);
#731=FACE_OUTER_BOUND('',#1248,.T.);
#732=FACE_OUTER_BOUND('',#1249,.T.);
#733=FACE_OUTER_BOUND('',#1250,.T.);
#734=FACE_OUTER_BOUND('',#1251,.T.);
#735=FACE_OUTER_BOUND('',#1252,.T.);
#736=FACE_OUTER_BOUND('',#1253,.T.);
#737=FACE_OUTER_BOUND('',#1254,.T.);
#738=FACE_OUTER_BOUND('',#1255,.T.);
#739=FACE_OUTER_BOUND('',#1256,.T.);
#740=FACE_OUTER_BOUND('',#1257,.T.);
#741=FACE_OUTER_BOUND('',#1258,.T.);
#742=FACE_OUTER_BOUND('',#1259,.T.);
#743=FACE_OUTER_BOUND('',#1260,.T.);
#744=FACE_OUTER_BOUND('',#1261,.T.);
#745=FACE_OUTER_BOUND('',#1262,.T.);
#746=FACE_OUTER_BOUND('',#1263,.T.);
#747=FACE_OUTER_BOUND('',#1264,.T.);
#748=FACE_OUTER_BOUND('',#1265,.T.);
#749=FACE_OUTER_BOUND('',#1266,.T.);
#750=FACE_OUTER_BOUND('',#1267,.T.);
#751=FACE_OUTER_BOUND('',#1268,.T.);
#752=FACE_OUTER_BOUND('',#1269,.T.);
#753=FACE_OUTER_BOUND('',#1270,.T.);
#754=FACE_OUTER_BOUND('',#1271,.T.);
#755=FACE_OUTER_BOUND('',#1272,.T.);
#756=FACE_OUTER_BOUND('',#1273,.T.);
#757=FACE_OUTER_BOUND('',#1274,.T.);
#758=FACE_OUTER_BOUND('',#1275,.T.);
#759=FACE_OUTER_BOUND('',#1276,.T.);
#760=FACE_OUTER_BOUND('',#1277,.T.);
#761=FACE_OUTER_BOUND('',#1278,.T.);
#762=FACE_OUTER_BOUND('',#1279,.T.);
#763=FACE_OUTER_BOUND('',#1280,.T.);
#764=FACE_OUTER_BOUND('',#1281,.T.);
#765=FACE_OUTER_BOUND('',#1282,.T.);
#766=FACE_OUTER_BOUND('',#1283,.T.);
#767=FACE_OUTER_BOUND('',#1284,.T.);
#768=FACE_OUTER_BOUND('',#1285,.T.);
#769=FACE_OUTER_BOUND('',#1286,.T.);
#770=FACE_OUTER_BOUND('',#1287,.T.);
#771=FACE_OUTER_BOUND('',#1288,.T.);
#772=FACE_OUTER_BOUND('',#1289,.T.);
#773=FACE_OUTER_BOUND('',#1290,.T.);
#774=FACE_OUTER_BOUND('',#1291,.T.);
#775=FACE_OUTER_BOUND('',#1292,.T.);
#776=FACE_OUTER_BOUND('',#1293,.T.);
#777=FACE_OUTER_BOUND('',#1294,.T.);
#778=FACE_OUTER_BOUND('',#1295,.T.);
#779=FACE_OUTER_BOUND('',#1296,.T.);
#780=FACE_OUTER_BOUND('',#1297,.T.);
#781=FACE_OUTER_BOUND('',#1298,.T.);
#782=FACE_OUTER_BOUND('',#1299,.T.);
#783=FACE_OUTER_BOUND('',#1300,.T.);
#784=FACE_OUTER_BOUND('',#1301,.T.);
#785=FACE_OUTER_BOUND('',#1302,.T.);
#786=FACE_OUTER_BOUND('',#1303,.T.);
#787=FACE_OUTER_BOUND('',#1304,.T.);
#788=FACE_OUTER_BOUND('',#1305,.T.);
#789=FACE_OUTER_BOUND('',#1306,.T.);
#790=FACE_OUTER_BOUND('',#1307,.T.);
#791=FACE_OUTER_BOUND('',#1308,.T.);
#792=FACE_OUTER_BOUND('',#1309,.T.);
#793=FACE_OUTER_BOUND('',#1310,.T.);
#794=FACE_OUTER_BOUND('',#1311,.T.);
#795=FACE_OUTER_BOUND('',#1312,.T.);
#796=FACE_OUTER_BOUND('',#1313,.T.);
#797=FACE_OUTER_BOUND('',#1314,.T.);
#798=FACE_OUTER_BOUND('',#1315,.T.);
#799=FACE_OUTER_BOUND('',#1316,.T.);
#800=FACE_OUTER_BOUND('',#1317,.T.);
#801=FACE_OUTER_BOUND('',#1318,.T.);
#802=FACE_OUTER_BOUND('',#1319,.T.);
#803=FACE_OUTER_BOUND('',#1320,.T.);
#804=FACE_OUTER_BOUND('',#1321,.T.);
#805=FACE_OUTER_BOUND('',#1322,.T.);
#806=FACE_OUTER_BOUND('',#1323,.T.);
#807=FACE_OUTER_BOUND('',#1324,.T.);
#808=FACE_OUTER_BOUND('',#1325,.T.);
#809=FACE_OUTER_BOUND('',#1326,.T.);
#810=FACE_OUTER_BOUND('',#1327,.T.);
#811=FACE_OUTER_BOUND('',#1328,.T.);
#812=FACE_OUTER_BOUND('',#1329,.T.);
#813=FACE_OUTER_BOUND('',#1330,.T.);
#814=FACE_OUTER_BOUND('',#1331,.T.);
#815=FACE_OUTER_BOUND('',#1332,.T.);
#816=FACE_OUTER_BOUND('',#1333,.T.);
#817=FACE_OUTER_BOUND('',#1334,.T.);
#818=FACE_OUTER_BOUND('',#1335,.T.);
#819=FACE_OUTER_BOUND('',#1336,.T.);
#820=FACE_OUTER_BOUND('',#1337,.T.);
#821=FACE_OUTER_BOUND('',#1338,.T.);
#822=FACE_OUTER_BOUND('',#1339,.T.);
#823=FACE_OUTER_BOUND('',#1340,.T.);
#824=FACE_OUTER_BOUND('',#1341,.T.);
#825=FACE_OUTER_BOUND('',#1342,.T.);
#826=FACE_OUTER_BOUND('',#1343,.T.);
#827=FACE_OUTER_BOUND('',#1344,.T.);
#828=FACE_OUTER_BOUND('',#1345,.T.);
#829=FACE_OUTER_BOUND('',#1346,.T.);
#830=FACE_OUTER_BOUND('',#1347,.T.);
#831=FACE_OUTER_BOUND('',#1348,.T.);
#832=FACE_OUTER_BOUND('',#1349,.T.);
#833=FACE_OUTER_BOUND('',#1350,.T.);
#834=FACE_OUTER_BOUND('',#1351,.T.);
#835=FACE_OUTER_BOUND('',#1352,.T.);
#836=FACE_OUTER_BOUND('',#1353,.T.);
#837=FACE_OUTER_BOUND('',#1354,.T.);
#838=FACE_OUTER_BOUND('',#1355,.T.);
#839=FACE_OUTER_BOUND('',#1356,.T.);
#840=FACE_OUTER_BOUND('',#1357,.T.);
#841=FACE_OUTER_BOUND('',#1358,.T.);
#842=FACE_OUTER_BOUND('',#1359,.T.);
#843=FACE_OUTER_BOUND('',#1360,.T.);
#844=FACE_OUTER_BOUND('',#1361,.T.);
#845=FACE_OUTER_BOUND('',#1362,.T.);
#846=FACE_OUTER_BOUND('',#1363,.T.);
#847=FACE_OUTER_BOUND('',#1364,.T.);
#848=FACE_OUTER_BOUND('',#1365,.T.);
#849=FACE_OUTER_BOUND('',#1366,.T.);
#850=FACE_OUTER_BOUND('',#1367,.T.);
#851=FACE_OUTER_BOUND('',#1368,.T.);
#852=FACE_OUTER_BOUND('',#1369,.T.);
#853=FACE_OUTER_BOUND('',#1370,.T.);
#854=FACE_OUTER_BOUND('',#1371,.T.);
#855=FACE_OUTER_BOUND('',#1372,.T.);
#856=FACE_OUTER_BOUND('',#1373,.T.);
#857=FACE_OUTER_BOUND('',#1374,.T.);
#858=FACE_OUTER_BOUND('',#1375,.T.);
#859=FACE_OUTER_BOUND('',#1376,.T.);
#860=FACE_OUTER_BOUND('',#1377,.T.);
#861=FACE_OUTER_BOUND('',#1378,.T.);
#862=FACE_OUTER_BOUND('',#1379,.T.);
#863=FACE_OUTER_BOUND('',#1380,.T.);
#864=FACE_OUTER_BOUND('',#1381,.T.);
#865=FACE_OUTER_BOUND('',#1382,.T.);
#866=FACE_OUTER_BOUND('',#1383,.T.);
#867=FACE_OUTER_BOUND('',#1384,.T.);
#868=FACE_OUTER_BOUND('',#1385,.T.);
#869=FACE_OUTER_BOUND('',#1386,.T.);
#870=FACE_OUTER_BOUND('',#1387,.T.);
#871=FACE_OUTER_BOUND('',#1388,.T.);
#872=FACE_OUTER_BOUND('',#1389,.T.);
#873=FACE_OUTER_BOUND('',#1390,.T.);
#874=FACE_OUTER_BOUND('',#1391,.T.);
#875=FACE_OUTER_BOUND('',#1392,.T.);
#876=FACE_OUTER_BOUND('',#1393,.T.);
#877=FACE_OUTER_BOUND('',#1394,.T.);
#878=FACE_OUTER_BOUND('',#1395,.T.);
#879=FACE_OUTER_BOUND('',#1396,.T.);
#880=FACE_OUTER_BOUND('',#1397,.T.);
#881=FACE_OUTER_BOUND('',#1398,.T.);
#882=FACE_OUTER_BOUND('',#1399,.T.);
#883=FACE_OUTER_BOUND('',#1400,.T.);
#884=FACE_OUTER_BOUND('',#1401,.T.);
#885=FACE_OUTER_BOUND('',#1402,.T.);
#886=FACE_OUTER_BOUND('',#1403,.T.);
#887=FACE_OUTER_BOUND('',#1404,.T.);
#888=FACE_OUTER_BOUND('',#1405,.T.);
#889=FACE_OUTER_BOUND('',#1406,.T.);
#890=FACE_OUTER_BOUND('',#1407,.T.);
#891=FACE_OUTER_BOUND('',#1408,.T.);
#892=FACE_OUTER_BOUND('',#1409,.T.);
#893=FACE_OUTER_BOUND('',#1410,.T.);
#894=FACE_OUTER_BOUND('',#1411,.T.);
#895=FACE_OUTER_BOUND('',#1412,.T.);
#896=FACE_OUTER_BOUND('',#1413,.T.);
#897=FACE_OUTER_BOUND('',#1414,.T.);
#898=FACE_OUTER_BOUND('',#1415,.T.);
#899=FACE_OUTER_BOUND('',#1416,.T.);
#900=FACE_OUTER_BOUND('',#1417,.T.);
#901=FACE_OUTER_BOUND('',#1418,.T.);
#902=FACE_OUTER_BOUND('',#1419,.T.);
#903=FACE_OUTER_BOUND('',#1420,.T.);
#904=EDGE_LOOP('',(#6140,#6141,#6142,#6143));
#905=EDGE_LOOP('',(#6144,#6145,#6146,#6147));
#906=EDGE_LOOP('',(#6148,#6149,#6150,#6151));
#907=EDGE_LOOP('',(#6152,#6153,#6154,#6155));
#908=EDGE_LOOP('',(#6156,#6157,#6158,#6159));
#909=EDGE_LOOP('',(#6160,#6161,#6162,#6163,#6164,#6165));
#910=EDGE_LOOP('',(#6166,#6167,#6168,#6169));
#911=EDGE_LOOP('',(#6170,#6171,#6172,#6173));
#912=EDGE_LOOP('',(#6174,#6175,#6176,#6177));
#913=EDGE_LOOP('',(#6178,#6179,#6180,#6181));
#914=EDGE_LOOP('',(#6182,#6183,#6184,#6185));
#915=EDGE_LOOP('',(#6186,#6187,#6188,#6189,#6190,#6191));
#916=EDGE_LOOP('',(#6192,#6193,#6194,#6195));
#917=EDGE_LOOP('',(#6196,#6197,#6198,#6199));
#918=EDGE_LOOP('',(#6200,#6201,#6202,#6203));
#919=EDGE_LOOP('',(#6204,#6205,#6206,#6207));
#920=EDGE_LOOP('',(#6208,#6209,#6210,#6211));
#921=EDGE_LOOP('',(#6212,#6213,#6214,#6215,#6216,#6217));
#922=EDGE_LOOP('',(#6218,#6219,#6220,#6221));
#923=EDGE_LOOP('',(#6222,#6223,#6224,#6225));
#924=EDGE_LOOP('',(#6226,#6227,#6228,#6229));
#925=EDGE_LOOP('',(#6230,#6231,#6232,#6233));
#926=EDGE_LOOP('',(#6234,#6235,#6236,#6237));
#927=EDGE_LOOP('',(#6238,#6239,#6240,#6241,#6242,#6243));
#928=EDGE_LOOP('',(#6244,#6245,#6246,#6247));
#929=EDGE_LOOP('',(#6248,#6249,#6250,#6251));
#930=EDGE_LOOP('',(#6252,#6253,#6254,#6255));
#931=EDGE_LOOP('',(#6256,#6257,#6258,#6259));
#932=EDGE_LOOP('',(#6260,#6261,#6262,#6263));
#933=EDGE_LOOP('',(#6264,#6265,#6266,#6267,#6268,#6269));
#934=EDGE_LOOP('',(#6270,#6271,#6272,#6273));
#935=EDGE_LOOP('',(#6274,#6275,#6276,#6277));
#936=EDGE_LOOP('',(#6278,#6279,#6280,#6281));
#937=EDGE_LOOP('',(#6282,#6283,#6284,#6285));
#938=EDGE_LOOP('',(#6286,#6287,#6288,#6289));
#939=EDGE_LOOP('',(#6290,#6291,#6292,#6293,#6294,#6295));
#940=EDGE_LOOP('',(#6296,#6297,#6298,#6299));
#941=EDGE_LOOP('',(#6300,#6301,#6302,#6303));
#942=EDGE_LOOP('',(#6304,#6305,#6306,#6307));
#943=EDGE_LOOP('',(#6308,#6309,#6310,#6311));
#944=EDGE_LOOP('',(#6312,#6313,#6314,#6315));
#945=EDGE_LOOP('',(#6316,#6317,#6318,#6319,#6320,#6321));
#946=EDGE_LOOP('',(#6322,#6323,#6324,#6325));
#947=EDGE_LOOP('',(#6326,#6327,#6328,#6329));
#948=EDGE_LOOP('',(#6330,#6331,#6332,#6333));
#949=EDGE_LOOP('',(#6334,#6335,#6336,#6337));
#950=EDGE_LOOP('',(#6338,#6339,#6340,#6341));
#951=EDGE_LOOP('',(#6342,#6343,#6344,#6345,#6346,#6347));
#952=EDGE_LOOP('',(#6348,#6349,#6350,#6351));
#953=EDGE_LOOP('',(#6352,#6353,#6354,#6355));
#954=EDGE_LOOP('',(#6356,#6357,#6358,#6359));
#955=EDGE_LOOP('',(#6360,#6361,#6362,#6363));
#956=EDGE_LOOP('',(#6364,#6365,#6366,#6367));
#957=EDGE_LOOP('',(#6368,#6369,#6370,#6371,#6372,#6373));
#958=EDGE_LOOP('',(#6374,#6375,#6376,#6377));
#959=EDGE_LOOP('',(#6378,#6379,#6380,#6381));
#960=EDGE_LOOP('',(#6382,#6383,#6384,#6385));
#961=EDGE_LOOP('',(#6386,#6387,#6388,#6389));
#962=EDGE_LOOP('',(#6390,#6391,#6392,#6393));
#963=EDGE_LOOP('',(#6394,#6395,#6396,#6397,#6398,#6399));
#964=EDGE_LOOP('',(#6400,#6401,#6402,#6403));
#965=EDGE_LOOP('',(#6404,#6405,#6406,#6407));
#966=EDGE_LOOP('',(#6408,#6409,#6410,#6411));
#967=EDGE_LOOP('',(#6412,#6413,#6414,#6415));
#968=EDGE_LOOP('',(#6416,#6417,#6418,#6419));
#969=EDGE_LOOP('',(#6420,#6421,#6422,#6423,#6424,#6425));
#970=EDGE_LOOP('',(#6426,#6427,#6428,#6429));
#971=EDGE_LOOP('',(#6430,#6431,#6432,#6433));
#972=EDGE_LOOP('',(#6434,#6435,#6436,#6437));
#973=EDGE_LOOP('',(#6438,#6439,#6440,#6441));
#974=EDGE_LOOP('',(#6442,#6443,#6444,#6445));
#975=EDGE_LOOP('',(#6446,#6447,#6448,#6449,#6450,#6451));
#976=EDGE_LOOP('',(#6452,#6453,#6454,#6455));
#977=EDGE_LOOP('',(#6456,#6457,#6458,#6459));
#978=EDGE_LOOP('',(#6460,#6461,#6462,#6463));
#979=EDGE_LOOP('',(#6464,#6465,#6466,#6467));
#980=EDGE_LOOP('',(#6468,#6469,#6470,#6471));
#981=EDGE_LOOP('',(#6472,#6473,#6474,#6475,#6476,#6477));
#982=EDGE_LOOP('',(#6478,#6479,#6480,#6481));
#983=EDGE_LOOP('',(#6482,#6483,#6484,#6485));
#984=EDGE_LOOP('',(#6486,#6487,#6488,#6489));
#985=EDGE_LOOP('',(#6490,#6491,#6492,#6493));
#986=EDGE_LOOP('',(#6494,#6495,#6496,#6497));
#987=EDGE_LOOP('',(#6498,#6499,#6500,#6501,#6502,#6503));
#988=EDGE_LOOP('',(#6504,#6505,#6506,#6507));
#989=EDGE_LOOP('',(#6508,#6509,#6510,#6511));
#990=EDGE_LOOP('',(#6512,#6513,#6514,#6515));
#991=EDGE_LOOP('',(#6516,#6517,#6518,#6519));
#992=EDGE_LOOP('',(#6520,#6521,#6522,#6523));
#993=EDGE_LOOP('',(#6524,#6525,#6526,#6527,#6528,#6529));
#994=EDGE_LOOP('',(#6530,#6531,#6532,#6533));
#995=EDGE_LOOP('',(#6534,#6535,#6536,#6537));
#996=EDGE_LOOP('',(#6538,#6539,#6540,#6541));
#997=EDGE_LOOP('',(#6542,#6543,#6544,#6545));
#998=EDGE_LOOP('',(#6546,#6547,#6548,#6549));
#999=EDGE_LOOP('',(#6550,#6551,#6552,#6553,#6554,#6555));
#1000=EDGE_LOOP('',(#6556,#6557,#6558,#6559));
#1001=EDGE_LOOP('',(#6560,#6561,#6562,#6563));
#1002=EDGE_LOOP('',(#6564,#6565,#6566,#6567));
#1003=EDGE_LOOP('',(#6568,#6569,#6570,#6571));
#1004=EDGE_LOOP('',(#6572,#6573,#6574,#6575));
#1005=EDGE_LOOP('',(#6576,#6577,#6578,#6579,#6580,#6581));
#1006=EDGE_LOOP('',(#6582,#6583,#6584,#6585));
#1007=EDGE_LOOP('',(#6586,#6587,#6588,#6589));
#1008=EDGE_LOOP('',(#6590,#6591,#6592,#6593));
#1009=EDGE_LOOP('',(#6594,#6595,#6596,#6597));
#1010=EDGE_LOOP('',(#6598,#6599,#6600,#6601));
#1011=EDGE_LOOP('',(#6602,#6603,#6604,#6605,#6606,#6607));
#1012=EDGE_LOOP('',(#6608,#6609,#6610,#6611));
#1013=EDGE_LOOP('',(#6612,#6613,#6614,#6615));
#1014=EDGE_LOOP('',(#6616,#6617,#6618,#6619));
#1015=EDGE_LOOP('',(#6620,#6621,#6622,#6623));
#1016=EDGE_LOOP('',(#6624,#6625,#6626,#6627));
#1017=EDGE_LOOP('',(#6628,#6629,#6630,#6631));
#1018=EDGE_LOOP('',(#6632,#6633,#6634,#6635,#6636,#6637));
#1019=EDGE_LOOP('',(#6638));
#1020=EDGE_LOOP('',(#6639,#6640,#6641,#6642));
#1021=EDGE_LOOP('',(#6643,#6644,#6645,#6646));
#1022=EDGE_LOOP('',(#6647,#6648,#6649,#6650));
#1023=EDGE_LOOP('',(#6651,#6652,#6653,#6654));
#1024=EDGE_LOOP('',(#6655,#6656,#6657,#6658));
#1025=EDGE_LOOP('',(#6659,#6660,#6661,#6662));
#1026=EDGE_LOOP('',(#6663,#6664,#6665,#6666,#6667,#6668));
#1027=EDGE_LOOP('',(#6669));
#1028=EDGE_LOOP('',(#6670,#6671,#6672,#6673));
#1029=EDGE_LOOP('',(#6674,#6675,#6676,#6677));
#1030=EDGE_LOOP('',(#6678,#6679,#6680,#6681));
#1031=EDGE_LOOP('',(#6682,#6683,#6684,#6685));
#1032=EDGE_LOOP('',(#6686,#6687,#6688,#6689));
#1033=EDGE_LOOP('',(#6690,#6691,#6692,#6693));
#1034=EDGE_LOOP('',(#6694,#6695,#6696,#6697,#6698,#6699));
#1035=EDGE_LOOP('',(#6700));
#1036=EDGE_LOOP('',(#6701,#6702,#6703,#6704));
#1037=EDGE_LOOP('',(#6705,#6706,#6707,#6708));
#1038=EDGE_LOOP('',(#6709,#6710,#6711,#6712));
#1039=EDGE_LOOP('',(#6713,#6714,#6715,#6716));
#1040=EDGE_LOOP('',(#6717,#6718,#6719,#6720));
#1041=EDGE_LOOP('',(#6721,#6722,#6723,#6724));
#1042=EDGE_LOOP('',(#6725,#6726,#6727,#6728,#6729,#6730));
#1043=EDGE_LOOP('',(#6731));
#1044=EDGE_LOOP('',(#6732,#6733,#6734,#6735));
#1045=EDGE_LOOP('',(#6736,#6737,#6738,#6739));
#1046=EDGE_LOOP('',(#6740,#6741,#6742,#6743));
#1047=EDGE_LOOP('',(#6744,#6745,#6746,#6747));
#1048=EDGE_LOOP('',(#6748,#6749,#6750,#6751,#6752,#6753));
#1049=EDGE_LOOP('',(#6754,#6755,#6756,#6757,#6758,#6759));
#1050=EDGE_LOOP('',(#6760,#6761,#6762,#6763,#6764,#6765));
#1051=EDGE_LOOP('',(#6766,#6767,#6768,#6769,#6770,#6771));
#1052=EDGE_LOOP('',(#6772,#6773,#6774,#6775,#6776,#6777));
#1053=EDGE_LOOP('',(#6778,#6779,#6780,#6781,#6782,#6783));
#1054=EDGE_LOOP('',(#6784,#6785,#6786,#6787,#6788,#6789));
#1055=EDGE_LOOP('',(#6790,#6791,#6792,#6793,#6794,#6795));
#1056=EDGE_LOOP('',(#6796,#6797,#6798,#6799,#6800,#6801));
#1057=EDGE_LOOP('',(#6802,#6803,#6804,#6805,#6806,#6807));
#1058=EDGE_LOOP('',(#6808,#6809,#6810,#6811,#6812,#6813));
#1059=EDGE_LOOP('',(#6814,#6815,#6816,#6817,#6818,#6819));
#1060=EDGE_LOOP('',(#6820,#6821,#6822,#6823,#6824,#6825));
#1061=EDGE_LOOP('',(#6826,#6827,#6828,#6829,#6830,#6831));
#1062=EDGE_LOOP('',(#6832,#6833,#6834,#6835,#6836,#6837));
#1063=EDGE_LOOP('',(#6838,#6839,#6840,#6841,#6842,#6843));
#1064=EDGE_LOOP('',(#6844,#6845,#6846,#6847,#6848,#6849));
#1065=EDGE_LOOP('',(#6850,#6851,#6852,#6853,#6854,#6855,#6856,#6857,#6858,
#6859,#6860,#6861,#6862,#6863,#6864,#6865,#6866,#6867,#6868,#6869,#6870,
#6871,#6872,#6873,#6874,#6875,#6876,#6877,#6878,#6879,#6880,#6881,#6882,
#6883,#6884,#6885,#6886,#6887,#6888,#6889,#6890,#6891,#6892,#6893,#6894,
#6895,#6896,#6897,#6898,#6899,#6900,#6901,#6902,#6903,#6904,#6905,#6906,
#6907,#6908,#6909,#6910,#6911,#6912,#6913,#6914,#6915,#6916,#6917,#6918,
#6919,#6920,#6921));
#1066=EDGE_LOOP('',(#6922,#6923,#6924,#6925,#6926,#6927));
#1067=EDGE_LOOP('',(#6928,#6929,#6930,#6931,#6932,#6933));
#1068=EDGE_LOOP('',(#6934,#6935,#6936,#6937,#6938,#6939));
#1069=EDGE_LOOP('',(#6940,#6941,#6942,#6943,#6944,#6945));
#1070=EDGE_LOOP('',(#6946));
#1071=EDGE_LOOP('',(#6947,#6948,#6949,#6950,#6951,#6952));
#1072=EDGE_LOOP('',(#6953,#6954,#6955,#6956,#6957,#6958));
#1073=EDGE_LOOP('',(#6959,#6960,#6961,#6962,#6963,#6964));
#1074=EDGE_LOOP('',(#6965,#6966,#6967,#6968,#6969,#6970));
#1075=EDGE_LOOP('',(#6971,#6972,#6973,#6974,#6975,#6976));
#1076=EDGE_LOOP('',(#6977,#6978,#6979,#6980,#6981,#6982));
#1077=EDGE_LOOP('',(#6983,#6984,#6985,#6986,#6987,#6988));
#1078=EDGE_LOOP('',(#6989,#6990,#6991,#6992,#6993,#6994));
#1079=EDGE_LOOP('',(#6995,#6996,#6997,#6998,#6999,#7000));
#1080=EDGE_LOOP('',(#7001,#7002,#7003,#7004,#7005,#7006));
#1081=EDGE_LOOP('',(#7007,#7008,#7009,#7010,#7011,#7012));
#1082=EDGE_LOOP('',(#7013,#7014,#7015,#7016,#7017,#7018));
#1083=EDGE_LOOP('',(#7019,#7020,#7021,#7022,#7023,#7024));
#1084=EDGE_LOOP('',(#7025,#7026,#7027,#7028,#7029,#7030));
#1085=EDGE_LOOP('',(#7031,#7032,#7033,#7034,#7035,#7036));
#1086=EDGE_LOOP('',(#7037,#7038,#7039,#7040,#7041,#7042));
#1087=EDGE_LOOP('',(#7043,#7044,#7045,#7046,#7047,#7048));
#1088=EDGE_LOOP('',(#7049,#7050,#7051,#7052,#7053,#7054));
#1089=EDGE_LOOP('',(#7055,#7056,#7057,#7058,#7059,#7060));
#1090=EDGE_LOOP('',(#7061,#7062,#7063,#7064,#7065,#7066,#7067,#7068,#7069,
#7070,#7071,#7072));
#1091=EDGE_LOOP('',(#7073,#7074,#7075,#7076,#7077,#7078,#7079,#7080,#7081,
#7082,#7083,#7084));
#1092=EDGE_LOOP('',(#7085,#7086,#7087,#7088,#7089,#7090,#7091,#7092,#7093,
#7094,#7095,#7096));
#1093=EDGE_LOOP('',(#7097,#7098,#7099,#7100,#7101,#7102,#7103,#7104,#7105,
#7106,#7107,#7108));
#1094=EDGE_LOOP('',(#7109,#7110,#7111,#7112,#7113,#7114,#7115,#7116,#7117,
#7118,#7119,#7120));
#1095=EDGE_LOOP('',(#7121,#7122,#7123,#7124,#7125,#7126,#7127,#7128,#7129,
#7130,#7131,#7132));
#1096=EDGE_LOOP('',(#7133,#7134,#7135,#7136,#7137,#7138,#7139,#7140,#7141,
#7142,#7143,#7144));
#1097=EDGE_LOOP('',(#7145,#7146,#7147,#7148,#7149,#7150,#7151,#7152,#7153,
#7154,#7155,#7156));
#1098=EDGE_LOOP('',(#7157,#7158,#7159,#7160,#7161,#7162,#7163,#7164,#7165,
#7166,#7167,#7168));
#1099=EDGE_LOOP('',(#7169,#7170,#7171,#7172,#7173,#7174,#7175,#7176,#7177,
#7178,#7179,#7180));
#1100=EDGE_LOOP('',(#7181,#7182,#7183,#7184,#7185,#7186,#7187,#7188,#7189,
#7190,#7191,#7192));
#1101=EDGE_LOOP('',(#7193,#7194,#7195,#7196,#7197,#7198,#7199,#7200,#7201,
#7202,#7203,#7204));
#1102=EDGE_LOOP('',(#7205,#7206,#7207,#7208,#7209,#7210,#7211,#7212,#7213,
#7214,#7215,#7216));
#1103=EDGE_LOOP('',(#7217,#7218,#7219,#7220,#7221,#7222,#7223,#7224,#7225,
#7226,#7227,#7228));
#1104=EDGE_LOOP('',(#7229,#7230,#7231,#7232,#7233,#7234,#7235,#7236,#7237,
#7238,#7239,#7240));
#1105=EDGE_LOOP('',(#7241,#7242,#7243,#7244,#7245,#7246,#7247,#7248,#7249,
#7250,#7251,#7252));
#1106=EDGE_LOOP('',(#7253,#7254,#7255,#7256,#7257,#7258,#7259,#7260,#7261,
#7262,#7263,#7264));
#1107=EDGE_LOOP('',(#7265,#7266,#7267,#7268));
#1108=EDGE_LOOP('',(#7269,#7270,#7271,#7272));
#1109=EDGE_LOOP('',(#7273,#7274,#7275,#7276));
#1110=EDGE_LOOP('',(#7277,#7278,#7279,#7280));
#1111=EDGE_LOOP('',(#7281,#7282,#7283,#7284));
#1112=EDGE_LOOP('',(#7285,#7286,#7287,#7288));
#1113=EDGE_LOOP('',(#7289,#7290,#7291,#7292));
#1114=EDGE_LOOP('',(#7293,#7294,#7295,#7296));
#1115=EDGE_LOOP('',(#7297,#7298,#7299,#7300));
#1116=EDGE_LOOP('',(#7301,#7302,#7303,#7304));
#1117=EDGE_LOOP('',(#7305,#7306,#7307,#7308));
#1118=EDGE_LOOP('',(#7309,#7310,#7311,#7312));
#1119=EDGE_LOOP('',(#7313,#7314,#7315,#7316));
#1120=EDGE_LOOP('',(#7317,#7318,#7319,#7320));
#1121=EDGE_LOOP('',(#7321,#7322,#7323,#7324));
#1122=EDGE_LOOP('',(#7325,#7326,#7327,#7328));
#1123=EDGE_LOOP('',(#7329,#7330,#7331,#7332));
#1124=EDGE_LOOP('',(#7333,#7334,#7335,#7336,#7337,#7338,#7339,#7340,#7341,
#7342,#7343,#7344));
#1125=EDGE_LOOP('',(#7345,#7346,#7347,#7348));
#1126=EDGE_LOOP('',(#7349,#7350,#7351,#7352));
#1127=EDGE_LOOP('',(#7353,#7354,#7355,#7356,#7357,#7358,#7359,#7360,#7361,
#7362,#7363,#7364,#7365,#7366,#7367,#7368,#7369,#7370,#7371,#7372,#7373,
#7374,#7375,#7376,#7377,#7378,#7379,#7380,#7381,#7382,#7383,#7384,#7385,
#7386,#7387,#7388,#7389,#7390,#7391,#7392,#7393,#7394,#7395,#7396,#7397,
#7398,#7399,#7400,#7401,#7402,#7403,#7404,#7405,#7406,#7407,#7408,#7409,
#7410,#7411,#7412,#7413,#7414,#7415,#7416,#7417,#7418,#7419,#7420,#7421,
#7422,#7423,#7424,#7425,#7426,#7427,#7428,#7429,#7430,#7431,#7432,#7433,
#7434,#7435,#7436,#7437,#7438,#7439,#7440,#7441,#7442,#7443,#7444,#7445,
#7446,#7447,#7448,#7449,#7450,#7451,#7452,#7453,#7454,#7455,#7456,#7457,
#7458,#7459,#7460,#7461,#7462,#7463,#7464,#7465,#7466,#7467,#7468,#7469,
#7470,#7471,#7472,#7473,#7474,#7475,#7476,#7477,#7478,#7479,#7480,#7481,
#7482,#7483,#7484,#7485,#7486,#7487,#7488,#7489,#7490,#7491,#7492,#7493,
#7494,#7495,#7496,#7497,#7498,#7499,#7500,#7501,#7502,#7503,#7504,#7505,
#7506,#7507,#7508,#7509,#7510,#7511,#7512,#7513,#7514,#7515,#7516,#7517,
#7518,#7519,#7520,#7521,#7522,#7523,#7524,#7525,#7526,#7527,#7528,#7529,
#7530,#7531,#7532,#7533,#7534,#7535,#7536,#7537,#7538,#7539,#7540,#7541,
#7542,#7543,#7544,#7545,#7546,#7547,#7548,#7549,#7550,#7551,#7552,#7553,
#7554,#7555,#7556,#7557,#7558,#7559,#7560,#7561,#7562,#7563,#7564,#7565,
#7566,#7567,#7568,#7569,#7570,#7571,#7572,#7573,#7574,#7575,#7576,#7577,
#7578,#7579,#7580,#7581,#7582,#7583,#7584,#7585,#7586,#7587,#7588,#7589,
#7590,#7591,#7592,#7593,#7594,#7595,#7596,#7597,#7598,#7599,#7600,#7601,
#7602,#7603,#7604,#7605,#7606,#7607,#7608,#7609,#7610,#7611,#7612,#7613,
#7614,#7615,#7616,#7617,#7618,#7619,#7620,#7621,#7622,#7623,#7624,#7625,
#7626,#7627,#7628,#7629,#7630,#7631,#7632,#7633,#7634,#7635,#7636,#7637,
#7638,#7639,#7640,#7641,#7642,#7643,#7644,#7645,#7646,#7647,#7648,#7649,
#7650,#7651,#7652,#7653,#7654,#7655,#7656,#7657,#7658,#7659,#7660,#7661,
#7662,#7663,#7664,#7665,#7666,#7667,#7668,#7669,#7670,#7671,#7672,#7673,
#7674,#7675,#7676));
#1128=EDGE_LOOP('',(#7677));
#1129=EDGE_LOOP('',(#7678));
#1130=EDGE_LOOP('',(#7679));
#1131=EDGE_LOOP('',(#7680));
#1132=EDGE_LOOP('',(#7681));
#1133=EDGE_LOOP('',(#7682,#7683,#7684,#7685));
#1134=EDGE_LOOP('',(#7686,#7687,#7688,#7689,#7690,#7691,#7692,#7693,#7694,
#7695,#7696,#7697));
#1135=EDGE_LOOP('',(#7698,#7699,#7700,#7701));
#1136=EDGE_LOOP('',(#7702,#7703,#7704,#7705,#7706,#7707,#7708,#7709,#7710,
#7711,#7712,#7713));
#1137=EDGE_LOOP('',(#7714,#7715,#7716,#7717));
#1138=EDGE_LOOP('',(#7718,#7719,#7720,#7721));
#1139=EDGE_LOOP('',(#7722,#7723,#7724,#7725));
#1140=EDGE_LOOP('',(#7726,#7727,#7728,#7729));
#1141=EDGE_LOOP('',(#7730,#7731,#7732,#7733));
#1142=EDGE_LOOP('',(#7734,#7735,#7736,#7737,#7738,#7739,#7740,#7741,#7742,
#7743,#7744,#7745));
#1143=EDGE_LOOP('',(#7746,#7747,#7748,#7749));
#1144=EDGE_LOOP('',(#7750,#7751,#7752,#7753,#7754,#7755,#7756,#7757,#7758,
#7759,#7760,#7761));
#1145=EDGE_LOOP('',(#7762,#7763,#7764,#7765));
#1146=EDGE_LOOP('',(#7766,#7767,#7768,#7769));
#1147=EDGE_LOOP('',(#7770,#7771,#7772,#7773));
#1148=EDGE_LOOP('',(#7774,#7775,#7776,#7777));
#1149=EDGE_LOOP('',(#7778,#7779,#7780,#7781));
#1150=EDGE_LOOP('',(#7782,#7783,#7784,#7785,#7786,#7787,#7788,#7789,#7790,
#7791,#7792,#7793));
#1151=EDGE_LOOP('',(#7794,#7795,#7796,#7797));
#1152=EDGE_LOOP('',(#7798,#7799,#7800,#7801,#7802,#7803,#7804,#7805,#7806,
#7807,#7808,#7809));
#1153=EDGE_LOOP('',(#7810,#7811,#7812,#7813));
#1154=EDGE_LOOP('',(#7814,#7815,#7816,#7817));
#1155=EDGE_LOOP('',(#7818,#7819,#7820,#7821));
#1156=EDGE_LOOP('',(#7822,#7823,#7824,#7825));
#1157=EDGE_LOOP('',(#7826,#7827,#7828,#7829));
#1158=EDGE_LOOP('',(#7830,#7831,#7832,#7833,#7834,#7835,#7836,#7837,#7838,
#7839,#7840,#7841));
#1159=EDGE_LOOP('',(#7842,#7843,#7844,#7845));
#1160=EDGE_LOOP('',(#7846,#7847,#7848,#7849,#7850,#7851,#7852,#7853,#7854,
#7855,#7856,#7857));
#1161=EDGE_LOOP('',(#7858,#7859,#7860,#7861));
#1162=EDGE_LOOP('',(#7862,#7863,#7864,#7865));
#1163=EDGE_LOOP('',(#7866,#7867,#7868,#7869));
#1164=EDGE_LOOP('',(#7870,#7871,#7872,#7873));
#1165=EDGE_LOOP('',(#7874,#7875,#7876,#7877));
#1166=EDGE_LOOP('',(#7878,#7879,#7880,#7881,#7882,#7883,#7884,#7885,#7886,
#7887,#7888,#7889));
#1167=EDGE_LOOP('',(#7890,#7891,#7892,#7893));
#1168=EDGE_LOOP('',(#7894,#7895,#7896,#7897,#7898,#7899,#7900,#7901,#7902,
#7903,#7904,#7905));
#1169=EDGE_LOOP('',(#7906,#7907,#7908,#7909));
#1170=EDGE_LOOP('',(#7910,#7911,#7912,#7913));
#1171=EDGE_LOOP('',(#7914,#7915,#7916,#7917));
#1172=EDGE_LOOP('',(#7918,#7919,#7920,#7921));
#1173=EDGE_LOOP('',(#7922,#7923,#7924,#7925));
#1174=EDGE_LOOP('',(#7926,#7927,#7928,#7929,#7930,#7931,#7932,#7933,#7934,
#7935,#7936,#7937));
#1175=EDGE_LOOP('',(#7938,#7939,#7940,#7941));
#1176=EDGE_LOOP('',(#7942,#7943,#7944,#7945,#7946,#7947,#7948,#7949,#7950,
#7951,#7952,#7953));
#1177=EDGE_LOOP('',(#7954,#7955,#7956,#7957));
#1178=EDGE_LOOP('',(#7958,#7959,#7960,#7961));
#1179=EDGE_LOOP('',(#7962,#7963,#7964,#7965));
#1180=EDGE_LOOP('',(#7966,#7967,#7968,#7969));
#1181=EDGE_LOOP('',(#7970,#7971,#7972,#7973));
#1182=EDGE_LOOP('',(#7974,#7975,#7976,#7977,#7978,#7979,#7980,#7981,#7982,
#7983,#7984,#7985));
#1183=EDGE_LOOP('',(#7986,#7987,#7988,#7989));
#1184=EDGE_LOOP('',(#7990,#7991,#7992,#7993,#7994,#7995,#7996,#7997,#7998,
#7999,#8000,#8001));
#1185=EDGE_LOOP('',(#8002,#8003,#8004,#8005));
#1186=EDGE_LOOP('',(#8006,#8007,#8008,#8009));
#1187=EDGE_LOOP('',(#8010,#8011,#8012,#8013));
#1188=EDGE_LOOP('',(#8014,#8015,#8016,#8017));
#1189=EDGE_LOOP('',(#8018,#8019,#8020,#8021));
#1190=EDGE_LOOP('',(#8022,#8023,#8024,#8025));
#1191=EDGE_LOOP('',(#8026,#8027,#8028,#8029,#8030,#8031,#8032,#8033,#8034,
#8035,#8036,#8037));
#1192=EDGE_LOOP('',(#8038,#8039,#8040,#8041));
#1193=EDGE_LOOP('',(#8042,#8043,#8044,#8045));
#1194=EDGE_LOOP('',(#8046,#8047,#8048,#8049));
#1195=EDGE_LOOP('',(#8050,#8051,#8052,#8053));
#1196=EDGE_LOOP('',(#8054,#8055,#8056,#8057));
#1197=EDGE_LOOP('',(#8058,#8059,#8060,#8061));
#1198=EDGE_LOOP('',(#8062,#8063,#8064,#8065));
#1199=EDGE_LOOP('',(#8066,#8067,#8068,#8069));
#1200=EDGE_LOOP('',(#8070,#8071,#8072,#8073));
#1201=EDGE_LOOP('',(#8074,#8075,#8076,#8077));
#1202=EDGE_LOOP('',(#8078,#8079,#8080,#8081));
#1203=EDGE_LOOP('',(#8082,#8083,#8084,#8085));
#1204=EDGE_LOOP('',(#8086,#8087,#8088,#8089));
#1205=EDGE_LOOP('',(#8090,#8091,#8092,#8093));
#1206=EDGE_LOOP('',(#8094,#8095,#8096,#8097));
#1207=EDGE_LOOP('',(#8098,#8099,#8100,#8101));
#1208=EDGE_LOOP('',(#8102,#8103,#8104,#8105));
#1209=EDGE_LOOP('',(#8106,#8107,#8108,#8109));
#1210=EDGE_LOOP('',(#8110,#8111,#8112,#8113));
#1211=EDGE_LOOP('',(#8114,#8115,#8116,#8117));
#1212=EDGE_LOOP('',(#8118,#8119,#8120,#8121));
#1213=EDGE_LOOP('',(#8122,#8123,#8124,#8125));
#1214=EDGE_LOOP('',(#8126,#8127,#8128,#8129));
#1215=EDGE_LOOP('',(#8130,#8131,#8132,#8133));
#1216=EDGE_LOOP('',(#8134,#8135,#8136,#8137));
#1217=EDGE_LOOP('',(#8138,#8139,#8140,#8141));
#1218=EDGE_LOOP('',(#8142,#8143,#8144,#8145));
#1219=EDGE_LOOP('',(#8146,#8147,#8148,#8149));
#1220=EDGE_LOOP('',(#8150,#8151,#8152,#8153));
#1221=EDGE_LOOP('',(#8154,#8155,#8156,#8157));
#1222=EDGE_LOOP('',(#8158,#8159,#8160,#8161));
#1223=EDGE_LOOP('',(#8162,#8163,#8164,#8165));
#1224=EDGE_LOOP('',(#8166,#8167,#8168,#8169));
#1225=EDGE_LOOP('',(#8170,#8171,#8172,#8173));
#1226=EDGE_LOOP('',(#8174,#8175,#8176,#8177));
#1227=EDGE_LOOP('',(#8178,#8179,#8180,#8181));
#1228=EDGE_LOOP('',(#8182,#8183,#8184,#8185));
#1229=EDGE_LOOP('',(#8186,#8187,#8188,#8189));
#1230=EDGE_LOOP('',(#8190,#8191,#8192,#8193));
#1231=EDGE_LOOP('',(#8194,#8195,#8196,#8197));
#1232=EDGE_LOOP('',(#8198,#8199,#8200,#8201));
#1233=EDGE_LOOP('',(#8202,#8203,#8204,#8205));
#1234=EDGE_LOOP('',(#8206,#8207,#8208,#8209));
#1235=EDGE_LOOP('',(#8210,#8211,#8212,#8213));
#1236=EDGE_LOOP('',(#8214,#8215,#8216,#8217));
#1237=EDGE_LOOP('',(#8218,#8219,#8220,#8221));
#1238=EDGE_LOOP('',(#8222,#8223,#8224,#8225));
#1239=EDGE_LOOP('',(#8226,#8227,#8228,#8229));
#1240=EDGE_LOOP('',(#8230,#8231,#8232,#8233));
#1241=EDGE_LOOP('',(#8234,#8235,#8236,#8237));
#1242=EDGE_LOOP('',(#8238,#8239,#8240,#8241));
#1243=EDGE_LOOP('',(#8242,#8243,#8244,#8245));
#1244=EDGE_LOOP('',(#8246,#8247,#8248,#8249));
#1245=EDGE_LOOP('',(#8250,#8251,#8252,#8253,#8254,#8255,#8256,#8257,#8258,
#8259,#8260,#8261));
#1246=EDGE_LOOP('',(#8262,#8263,#8264,#8265));
#1247=EDGE_LOOP('',(#8266,#8267,#8268,#8269));
#1248=EDGE_LOOP('',(#8270,#8271,#8272,#8273));
#1249=EDGE_LOOP('',(#8274,#8275,#8276,#8277));
#1250=EDGE_LOOP('',(#8278,#8279,#8280,#8281,#8282,#8283));
#1251=EDGE_LOOP('',(#8284,#8285,#8286,#8287,#8288,#8289));
#1252=EDGE_LOOP('',(#8290,#8291,#8292,#8293));
#1253=EDGE_LOOP('',(#8294,#8295,#8296,#8297));
#1254=EDGE_LOOP('',(#8298,#8299,#8300,#8301));
#1255=EDGE_LOOP('',(#8302,#8303,#8304,#8305));
#1256=EDGE_LOOP('',(#8306,#8307,#8308,#8309));
#1257=EDGE_LOOP('',(#8310,#8311,#8312,#8313));
#1258=EDGE_LOOP('',(#8314,#8315,#8316,#8317));
#1259=EDGE_LOOP('',(#8318,#8319,#8320,#8321,#8322,#8323));
#1260=EDGE_LOOP('',(#8324,#8325,#8326,#8327,#8328,#8329));
#1261=EDGE_LOOP('',(#8330,#8331,#8332,#8333));
#1262=EDGE_LOOP('',(#8334,#8335,#8336,#8337));
#1263=EDGE_LOOP('',(#8338,#8339,#8340,#8341));
#1264=EDGE_LOOP('',(#8342,#8343,#8344,#8345));
#1265=EDGE_LOOP('',(#8346,#8347,#8348,#8349));
#1266=EDGE_LOOP('',(#8350,#8351,#8352,#8353));
#1267=EDGE_LOOP('',(#8354,#8355,#8356,#8357));
#1268=EDGE_LOOP('',(#8358,#8359,#8360,#8361,#8362,#8363));
#1269=EDGE_LOOP('',(#8364,#8365,#8366,#8367,#8368,#8369));
#1270=EDGE_LOOP('',(#8370,#8371,#8372,#8373));
#1271=EDGE_LOOP('',(#8374,#8375,#8376,#8377));
#1272=EDGE_LOOP('',(#8378,#8379,#8380,#8381));
#1273=EDGE_LOOP('',(#8382,#8383,#8384,#8385));
#1274=EDGE_LOOP('',(#8386,#8387,#8388,#8389));
#1275=EDGE_LOOP('',(#8390,#8391,#8392,#8393));
#1276=EDGE_LOOP('',(#8394,#8395,#8396,#8397));
#1277=EDGE_LOOP('',(#8398,#8399,#8400,#8401,#8402,#8403));
#1278=EDGE_LOOP('',(#8404,#8405,#8406,#8407,#8408,#8409));
#1279=EDGE_LOOP('',(#8410,#8411,#8412,#8413));
#1280=EDGE_LOOP('',(#8414,#8415,#8416,#8417));
#1281=EDGE_LOOP('',(#8418,#8419,#8420,#8421));
#1282=EDGE_LOOP('',(#8422,#8423,#8424,#8425));
#1283=EDGE_LOOP('',(#8426,#8427,#8428,#8429));
#1284=EDGE_LOOP('',(#8430,#8431,#8432,#8433));
#1285=EDGE_LOOP('',(#8434,#8435,#8436,#8437));
#1286=EDGE_LOOP('',(#8438,#8439,#8440,#8441,#8442,#8443));
#1287=EDGE_LOOP('',(#8444,#8445,#8446,#8447,#8448,#8449));
#1288=EDGE_LOOP('',(#8450,#8451,#8452,#8453));
#1289=EDGE_LOOP('',(#8454,#8455,#8456,#8457));
#1290=EDGE_LOOP('',(#8458,#8459,#8460,#8461));
#1291=EDGE_LOOP('',(#8462,#8463,#8464,#8465));
#1292=EDGE_LOOP('',(#8466,#8467,#8468,#8469));
#1293=EDGE_LOOP('',(#8470,#8471,#8472,#8473));
#1294=EDGE_LOOP('',(#8474,#8475,#8476,#8477));
#1295=EDGE_LOOP('',(#8478,#8479,#8480,#8481,#8482,#8483));
#1296=EDGE_LOOP('',(#8484,#8485,#8486,#8487,#8488,#8489));
#1297=EDGE_LOOP('',(#8490,#8491,#8492,#8493));
#1298=EDGE_LOOP('',(#8494,#8495,#8496,#8497));
#1299=EDGE_LOOP('',(#8498,#8499,#8500,#8501));
#1300=EDGE_LOOP('',(#8502,#8503,#8504,#8505));
#1301=EDGE_LOOP('',(#8506,#8507,#8508,#8509));
#1302=EDGE_LOOP('',(#8510,#8511,#8512,#8513));
#1303=EDGE_LOOP('',(#8514,#8515,#8516,#8517));
#1304=EDGE_LOOP('',(#8518,#8519,#8520,#8521,#8522,#8523));
#1305=EDGE_LOOP('',(#8524,#8525,#8526,#8527,#8528,#8529));
#1306=EDGE_LOOP('',(#8530,#8531,#8532,#8533));
#1307=EDGE_LOOP('',(#8534,#8535,#8536,#8537));
#1308=EDGE_LOOP('',(#8538,#8539,#8540,#8541));
#1309=EDGE_LOOP('',(#8542,#8543,#8544,#8545));
#1310=EDGE_LOOP('',(#8546,#8547,#8548,#8549));
#1311=EDGE_LOOP('',(#8550,#8551,#8552,#8553));
#1312=EDGE_LOOP('',(#8554,#8555,#8556,#8557));
#1313=EDGE_LOOP('',(#8558,#8559,#8560,#8561,#8562,#8563));
#1314=EDGE_LOOP('',(#8564,#8565,#8566,#8567,#8568,#8569));
#1315=EDGE_LOOP('',(#8570,#8571,#8572,#8573));
#1316=EDGE_LOOP('',(#8574,#8575,#8576,#8577));
#1317=EDGE_LOOP('',(#8578,#8579,#8580,#8581));
#1318=EDGE_LOOP('',(#8582,#8583,#8584,#8585));
#1319=EDGE_LOOP('',(#8586,#8587,#8588,#8589));
#1320=EDGE_LOOP('',(#8590,#8591,#8592,#8593));
#1321=EDGE_LOOP('',(#8594,#8595,#8596,#8597));
#1322=EDGE_LOOP('',(#8598,#8599,#8600,#8601,#8602,#8603));
#1323=EDGE_LOOP('',(#8604,#8605,#8606,#8607,#8608,#8609));
#1324=EDGE_LOOP('',(#8610,#8611,#8612,#8613));
#1325=EDGE_LOOP('',(#8614,#8615,#8616,#8617));
#1326=EDGE_LOOP('',(#8618,#8619,#8620,#8621));
#1327=EDGE_LOOP('',(#8622,#8623,#8624,#8625));
#1328=EDGE_LOOP('',(#8626,#8627,#8628,#8629));
#1329=EDGE_LOOP('',(#8630,#8631,#8632,#8633));
#1330=EDGE_LOOP('',(#8634,#8635,#8636,#8637));
#1331=EDGE_LOOP('',(#8638,#8639,#8640,#8641,#8642,#8643));
#1332=EDGE_LOOP('',(#8644,#8645,#8646,#8647,#8648,#8649));
#1333=EDGE_LOOP('',(#8650,#8651,#8652,#8653));
#1334=EDGE_LOOP('',(#8654,#8655,#8656,#8657));
#1335=EDGE_LOOP('',(#8658,#8659,#8660,#8661));
#1336=EDGE_LOOP('',(#8662,#8663,#8664,#8665));
#1337=EDGE_LOOP('',(#8666,#8667,#8668,#8669));
#1338=EDGE_LOOP('',(#8670,#8671,#8672,#8673));
#1339=EDGE_LOOP('',(#8674,#8675,#8676,#8677));
#1340=EDGE_LOOP('',(#8678,#8679,#8680,#8681,#8682,#8683));
#1341=EDGE_LOOP('',(#8684,#8685,#8686,#8687,#8688,#8689));
#1342=EDGE_LOOP('',(#8690,#8691,#8692,#8693));
#1343=EDGE_LOOP('',(#8694,#8695,#8696,#8697));
#1344=EDGE_LOOP('',(#8698,#8699,#8700,#8701));
#1345=EDGE_LOOP('',(#8702,#8703,#8704,#8705));
#1346=EDGE_LOOP('',(#8706,#8707,#8708,#8709));
#1347=EDGE_LOOP('',(#8710,#8711,#8712,#8713));
#1348=EDGE_LOOP('',(#8714,#8715,#8716,#8717));
#1349=EDGE_LOOP('',(#8718,#8719,#8720,#8721,#8722,#8723));
#1350=EDGE_LOOP('',(#8724,#8725,#8726,#8727,#8728,#8729));
#1351=EDGE_LOOP('',(#8730,#8731,#8732,#8733));
#1352=EDGE_LOOP('',(#8734,#8735,#8736,#8737));
#1353=EDGE_LOOP('',(#8738,#8739,#8740,#8741));
#1354=EDGE_LOOP('',(#8742,#8743,#8744,#8745));
#1355=EDGE_LOOP('',(#8746,#8747,#8748,#8749));
#1356=EDGE_LOOP('',(#8750,#8751,#8752,#8753));
#1357=EDGE_LOOP('',(#8754,#8755,#8756,#8757));
#1358=EDGE_LOOP('',(#8758,#8759,#8760,#8761,#8762,#8763));
#1359=EDGE_LOOP('',(#8764,#8765,#8766,#8767,#8768,#8769));
#1360=EDGE_LOOP('',(#8770,#8771,#8772,#8773));
#1361=EDGE_LOOP('',(#8774,#8775,#8776,#8777));
#1362=EDGE_LOOP('',(#8778,#8779,#8780,#8781));
#1363=EDGE_LOOP('',(#8782,#8783,#8784,#8785));
#1364=EDGE_LOOP('',(#8786,#8787,#8788,#8789));
#1365=EDGE_LOOP('',(#8790,#8791,#8792,#8793));
#1366=EDGE_LOOP('',(#8794,#8795,#8796,#8797));
#1367=EDGE_LOOP('',(#8798,#8799,#8800,#8801,#8802,#8803));
#1368=EDGE_LOOP('',(#8804,#8805,#8806,#8807,#8808,#8809));
#1369=EDGE_LOOP('',(#8810,#8811,#8812,#8813));
#1370=EDGE_LOOP('',(#8814,#8815,#8816,#8817));
#1371=EDGE_LOOP('',(#8818,#8819,#8820,#8821));
#1372=EDGE_LOOP('',(#8822,#8823,#8824,#8825));
#1373=EDGE_LOOP('',(#8826,#8827,#8828,#8829));
#1374=EDGE_LOOP('',(#8830,#8831,#8832,#8833));
#1375=EDGE_LOOP('',(#8834,#8835,#8836,#8837));
#1376=EDGE_LOOP('',(#8838,#8839,#8840,#8841,#8842,#8843));
#1377=EDGE_LOOP('',(#8844,#8845,#8846,#8847,#8848,#8849));
#1378=EDGE_LOOP('',(#8850,#8851,#8852,#8853));
#1379=EDGE_LOOP('',(#8854,#8855,#8856,#8857));
#1380=EDGE_LOOP('',(#8858,#8859,#8860,#8861));
#1381=EDGE_LOOP('',(#8862,#8863,#8864,#8865));
#1382=EDGE_LOOP('',(#8866,#8867,#8868,#8869));
#1383=EDGE_LOOP('',(#8870,#8871,#8872,#8873));
#1384=EDGE_LOOP('',(#8874,#8875,#8876,#8877));
#1385=EDGE_LOOP('',(#8878,#8879,#8880,#8881,#8882,#8883));
#1386=EDGE_LOOP('',(#8884,#8885,#8886,#8887,#8888,#8889));
#1387=EDGE_LOOP('',(#8890,#8891,#8892,#8893));
#1388=EDGE_LOOP('',(#8894,#8895,#8896,#8897));
#1389=EDGE_LOOP('',(#8898,#8899,#8900,#8901));
#1390=EDGE_LOOP('',(#8902,#8903,#8904,#8905));
#1391=EDGE_LOOP('',(#8906,#8907,#8908,#8909));
#1392=EDGE_LOOP('',(#8910,#8911,#8912,#8913));
#1393=EDGE_LOOP('',(#8914,#8915,#8916,#8917,#8918,#8919));
#1394=EDGE_LOOP('',(#8920,#8921,#8922,#8923,#8924,#8925));
#1395=EDGE_LOOP('',(#8926,#8927,#8928,#8929));
#1396=EDGE_LOOP('',(#8930,#8931,#8932,#8933));
#1397=EDGE_LOOP('',(#8934,#8935,#8936,#8937));
#1398=EDGE_LOOP('',(#8938,#8939,#8940,#8941));
#1399=EDGE_LOOP('',(#8942,#8943,#8944,#8945));
#1400=EDGE_LOOP('',(#8946,#8947,#8948,#8949));
#1401=EDGE_LOOP('',(#8950,#8951,#8952,#8953));
#1402=EDGE_LOOP('',(#8954,#8955,#8956,#8957));
#1403=EDGE_LOOP('',(#8958,#8959,#8960,#8961));
#1404=EDGE_LOOP('',(#8962,#8963,#8964,#8965));
#1405=EDGE_LOOP('',(#8966,#8967,#8968,#8969));
#1406=EDGE_LOOP('',(#8970,#8971,#8972,#8973,#8974,#8975,#8976,#8977,#8978,
#8979,#8980,#8981));
#1407=EDGE_LOOP('',(#8982,#8983,#8984,#8985));
#1408=EDGE_LOOP('',(#8986,#8987,#8988,#8989));
#1409=EDGE_LOOP('',(#8990,#8991,#8992,#8993));
#1410=EDGE_LOOP('',(#8994,#8995,#8996,#8997));
#1411=EDGE_LOOP('',(#8998,#8999,#9000,#9001,#9002,#9003));
#1412=EDGE_LOOP('',(#9004,#9005,#9006,#9007,#9008,#9009));
#1413=EDGE_LOOP('',(#9010,#9011,#9012,#9013));
#1414=EDGE_LOOP('',(#9014,#9015,#9016,#9017));
#1415=EDGE_LOOP('',(#9018,#9019,#9020,#9021));
#1416=EDGE_LOOP('',(#9022,#9023,#9024,#9025));
#1417=EDGE_LOOP('',(#9026,#9027,#9028,#9029));
#1418=EDGE_LOOP('',(#9030,#9031,#9032,#9033));
#1419=EDGE_LOOP('',(#9034,#9035,#9036,#9037,#9038,#9039,#9040,#9041,#9042,
#9043,#9044,#9045));
#1420=EDGE_LOOP('',(#9046,#9047,#9048,#9049));
#1421=B_SPLINE_CURVE_WITH_KNOTS('',3,(#13385,#13386,#13387,#13388,#13389,
#13390,#13391,#13392),.UNSPECIFIED.,.F.,.F.,(4,2,2,4),(0.,0.137381066474031,
0.184340490814381,0.23129991515473),.UNSPECIFIED.);
#1422=B_SPLINE_CURVE_WITH_KNOTS('',3,(#13431,#13432,#13433,#13434,#13435,
#13436,#13437,#13438),.UNSPECIFIED.,.F.,.F.,(4,2,2,4),(0.54562828846659,
0.592587712806939,0.639547137147289,0.77692820362132),.UNSPECIFIED.);
#1423=B_SPLINE_CURVE_WITH_KNOTS('',3,(#13450,#13451,#13452,#13453,#13454,
#13455,#13456,#13457),.UNSPECIFIED.,.F.,.F.,(4,2,2,4),(0.,0.137381066474032,
0.184340490814381,0.231299915154731),.UNSPECIFIED.);
#1424=B_SPLINE_CURVE_WITH_KNOTS('',3,(#13496,#13497,#13498,#13499,#13500,
#13501,#13502,#13503),.UNSPECIFIED.,.F.,.F.,(4,2,2,4),(0.54562828846659,
0.592587712806939,0.639547137147289,0.77692820362132),.UNSPECIFIED.);
#1425=B_SPLINE_CURVE_WITH_KNOTS('',3,(#13515,#13516,#13517,#13518,#13519,
#13520,#13521,#13522),.UNSPECIFIED.,.F.,.F.,(4,2,2,4),(0.,0.137381066474031,
0.18434049081438,0.23129991515473),.UNSPECIFIED.);
#1426=B_SPLINE_CURVE_WITH_KNOTS('',3,(#13561,#13562,#13563,#13564,#13565,
#13566,#13567,#13568),.UNSPECIFIED.,.F.,.F.,(4,2,2,4),(0.545624735532708,
0.592584159873057,0.639543584213407,0.776924650687438),.UNSPECIFIED.);
#1427=B_SPLINE_CURVE_WITH_KNOTS('',3,(#13580,#13581,#13582,#13583,#13584,
#13585,#13586,#13587),.UNSPECIFIED.,.F.,.F.,(4,2,2,4),(0.,0.137381066474031,
0.184340490814381,0.23129991515473),.UNSPECIFIED.);
#1428=B_SPLINE_CURVE_WITH_KNOTS('',3,(#13626,#13627,#13628,#13629,#13630,
#13631,#13632,#13633),.UNSPECIFIED.,.F.,.F.,(4,2,2,4),(0.54562828846659,
0.592587712806939,0.639547137147289,0.77692820362132),.UNSPECIFIED.);
#1429=B_SPLINE_CURVE_WITH_KNOTS('',3,(#13645,#13646,#13647,#13648,#13649,
#13650,#13651,#13652),.UNSPECIFIED.,.F.,.F.,(4,2,2,4),(0.,0.137381066474031,
0.184340490814381,0.231299915154731),.UNSPECIFIED.);
#1430=B_SPLINE_CURVE_WITH_KNOTS('',3,(#13691,#13692,#13693,#13694,#13695,
#13696,#13697,#13698),.UNSPECIFIED.,.F.,.F.,(4,2,2,4),(0.54562828846659,
0.592587712806939,0.639547137147289,0.77692820362132),.UNSPECIFIED.);
#1431=B_SPLINE_CURVE_WITH_KNOTS('',3,(#13710,#13711,#13712,#13713,#13714,
#13715,#13716,#13717),.UNSPECIFIED.,.F.,.F.,(4,2,2,4),(0.,0.137381066474031,
0.184340490814381,0.231299915154731),.UNSPECIFIED.);
#1432=B_SPLINE_CURVE_WITH_KNOTS('',3,(#13756,#13757,#13758,#13759,#13760,
#13761,#13762,#13763),.UNSPECIFIED.,.F.,.F.,(4,2,2,4),(0.545624735532707,
0.592584159873057,0.639543584213407,0.776924650687437),.UNSPECIFIED.);
#1433=B_SPLINE_CURVE_WITH_KNOTS('',3,(#13775,#13776,#13777,#13778,#13779,
#13780,#13781,#13782),.UNSPECIFIED.,.F.,.F.,(4,2,2,4),(0.,0.137381066474031,
0.184340490814381,0.23129991515473),.UNSPECIFIED.);
#1434=B_SPLINE_CURVE_WITH_KNOTS('',3,(#13821,#13822,#13823,#13824,#13825,
#13826,#13827,#13828),.UNSPECIFIED.,.F.,.F.,(4,2,2,4),(0.54562828846659,
0.592587712806939,0.639547137147289,0.77692820362132),.UNSPECIFIED.);
#1435=B_SPLINE_CURVE_WITH_KNOTS('',3,(#13840,#13841,#13842,#13843,#13844,
#13845,#13846,#13847),.UNSPECIFIED.,.F.,.F.,(4,2,2,4),(0.,0.137381066474031,
0.184340490814381,0.23129991515473),.UNSPECIFIED.);
#1436=B_SPLINE_CURVE_WITH_KNOTS('',3,(#13886,#13887,#13888,#13889,#13890,
#13891,#13892,#13893),.UNSPECIFIED.,.F.,.F.,(4,2,2,4),(0.54562828846659,
0.592587712806939,0.639547137147289,0.77692820362132),.UNSPECIFIED.);
#1437=B_SPLINE_CURVE_WITH_KNOTS('',3,(#13905,#13906,#13907,#13908,#13909,
#13910,#13911,#13912),.UNSPECIFIED.,.F.,.F.,(4,2,2,4),(0.,0.137381066474031,
0.184340490814381,0.23129991515473),.UNSPECIFIED.);
#1438=B_SPLINE_CURVE_WITH_KNOTS('',3,(#13951,#13952,#13953,#13954,#13955,
#13956,#13957,#13958),.UNSPECIFIED.,.F.,.F.,(4,2,2,4),(0.54562828846659,
0.592587712806939,0.639547137147289,0.77692820362132),.UNSPECIFIED.);
#1439=B_SPLINE_CURVE_WITH_KNOTS('',3,(#13970,#13971,#13972,#13973,#13974,
#13975,#13976,#13977),.UNSPECIFIED.,.F.,.F.,(4,2,2,4),(0.,0.137381066474032,
0.184340490814381,0.23129991515473),.UNSPECIFIED.);
#1440=B_SPLINE_CURVE_WITH_KNOTS('',3,(#14016,#14017,#14018,#14019,#14020,
#14021,#14022,#14023),.UNSPECIFIED.,.F.,.F.,(4,2,2,4),(0.54562828846659,
0.59258771280694,0.639547137147289,0.776928203621321),.UNSPECIFIED.);
#1441=B_SPLINE_CURVE_WITH_KNOTS('',3,(#14035,#14036,#14037,#14038,#14039,
#14040,#14041,#14042),.UNSPECIFIED.,.F.,.F.,(4,2,2,4),(0.,0.137381066474032,
0.184340490814381,0.231299915154731),.UNSPECIFIED.);
#1442=B_SPLINE_CURVE_WITH_KNOTS('',3,(#14081,#14082,#14083,#14084,#14085,
#14086,#14087,#14088),.UNSPECIFIED.,.F.,.F.,(4,2,2,4),(0.54562828846659,
0.592587712806939,0.639547137147289,0.77692820362132),.UNSPECIFIED.);
#1443=B_SPLINE_CURVE_WITH_KNOTS('',3,(#14100,#14101,#14102,#14103,#14104,
#14105,#14106,#14107),.UNSPECIFIED.,.F.,.F.,(4,2,2,4),(0.,0.137381066474031,
0.184340490814381,0.23129991515473),.UNSPECIFIED.);
#1444=B_SPLINE_CURVE_WITH_KNOTS('',3,(#14146,#14147,#14148,#14149,#14150,
#14151,#14152,#14153),.UNSPECIFIED.,.F.,.F.,(4,2,2,4),(0.545624735532707,
0.592584159873057,0.639543584213407,0.776924650687437),.UNSPECIFIED.);
#1445=B_SPLINE_CURVE_WITH_KNOTS('',3,(#14165,#14166,#14167,#14168,#14169,
#14170,#14171,#14172),.UNSPECIFIED.,.F.,.F.,(4,2,2,4),(0.,0.137381066474031,
0.184340490814381,0.23129991515473),.UNSPECIFIED.);
#1446=B_SPLINE_CURVE_WITH_KNOTS('',3,(#14211,#14212,#14213,#14214,#14215,
#14216,#14217,#14218),.UNSPECIFIED.,.F.,.F.,(4,2,2,4),(0.54562828846659,
0.592587712806939,0.639547137147289,0.77692820362132),.UNSPECIFIED.);
#1447=B_SPLINE_CURVE_WITH_KNOTS('',3,(#14230,#14231,#14232,#14233,#14234,
#14235,#14236,#14237),.UNSPECIFIED.,.F.,.F.,(4,2,2,4),(0.,0.137381066474031,
0.184340490814381,0.23129991515473),.UNSPECIFIED.);
#1448=B_SPLINE_CURVE_WITH_KNOTS('',3,(#14276,#14277,#14278,#14279,#14280,
#14281,#14282,#14283),.UNSPECIFIED.,.F.,.F.,(4,2,2,4),(0.54562828846659,
0.592587712806939,0.639547137147289,0.77692820362132),.UNSPECIFIED.);
#1449=B_SPLINE_CURVE_WITH_KNOTS('',3,(#14295,#14296,#14297,#14298,#14299,
#14300,#14301,#14302),.UNSPECIFIED.,.F.,.F.,(4,2,2,4),(0.,0.137381066474031,
0.184340490814381,0.23129991515473),.UNSPECIFIED.);
#1450=B_SPLINE_CURVE_WITH_KNOTS('',3,(#14341,#14342,#14343,#14344,#14345,
#14346,#14347,#14348),.UNSPECIFIED.,.F.,.F.,(4,2,2,4),(0.545624735532707,
0.592584159873057,0.639543584213406,0.776924650687437),.UNSPECIFIED.);
#1451=B_SPLINE_CURVE_WITH_KNOTS('',3,(#14360,#14361,#14362,#14363,#14364,
#14365,#14366,#14367),.UNSPECIFIED.,.F.,.F.,(4,2,2,4),(0.,0.137381066474031,
0.184340490814381,0.23129991515473),.UNSPECIFIED.);
#1452=B_SPLINE_CURVE_WITH_KNOTS('',3,(#14406,#14407,#14408,#14409,#14410,
#14411,#14412,#14413),.UNSPECIFIED.,.F.,.F.,(4,2,2,4),(0.54562828846659,
0.592587712806939,0.639547137147289,0.77692820362132),.UNSPECIFIED.);
#1453=B_SPLINE_CURVE_WITH_KNOTS('',3,(#14425,#14426,#14427,#14428,#14429,
#14430,#14431,#14432),.UNSPECIFIED.,.F.,.F.,(4,2,2,4),(0.,0.137381066474031,
0.184340490814381,0.23129991515473),.UNSPECIFIED.);
#1454=B_SPLINE_CURVE_WITH_KNOTS('',3,(#14471,#14472,#14473,#14474,#14475,
#14476,#14477,#14478),.UNSPECIFIED.,.F.,.F.,(4,2,2,4),(0.54562828846659,
0.592587712806939,0.639547137147289,0.77692820362132),.UNSPECIFIED.);
#1455=B_SPLINE_CURVE_WITH_KNOTS('',3,(#14490,#14491,#14492,#14493,#14494,
#14495,#14496,#14497),.UNSPECIFIED.,.F.,.F.,(4,2,2,4),(0.,0.137381066474031,
0.184340490814381,0.23129991515473),.UNSPECIFIED.);
#1456=B_SPLINE_CURVE_WITH_KNOTS('',3,(#14536,#14537,#14538,#14539,#14540,
#14541,#14542,#14543),.UNSPECIFIED.,.F.,.F.,(4,2,2,4),(0.54562828846659,
0.592587712806939,0.639547137147289,0.77692820362132),.UNSPECIFIED.);
#1457=LINE('',#13383,#2380);
#1458=LINE('',#13393,#2381);
#1459=LINE('',#13412,#2382);
#1460=LINE('',#13413,#2383);
#1461=LINE('',#13439,#2384);
#1462=LINE('',#13440,#2385);
#1463=LINE('',#13448,#2386);
#1464=LINE('',#13458,#2387);
#1465=LINE('',#13477,#2388);
#1466=LINE('',#13478,#2389);
#1467=LINE('',#13504,#2390);
#1468=LINE('',#13505,#2391);
#1469=LINE('',#13513,#2392);
#1470=LINE('',#13523,#2393);
#1471=LINE('',#13542,#2394);
#1472=LINE('',#13543,#2395);
#1473=LINE('',#13569,#2396);
#1474=LINE('',#13570,#2397);
#1475=LINE('',#13578,#2398);
#1476=LINE('',#13588,#2399);
#1477=LINE('',#13607,#2400);
#1478=LINE('',#13608,#2401);
#1479=LINE('',#13634,#2402);
#1480=LINE('',#13635,#2403);
#1481=LINE('',#13643,#2404);
#1482=LINE('',#13653,#2405);
#1483=LINE('',#13672,#2406);
#1484=LINE('',#13673,#2407);
#1485=LINE('',#13699,#2408);
#1486=LINE('',#13700,#2409);
#1487=LINE('',#13708,#2410);
#1488=LINE('',#13718,#2411);
#1489=LINE('',#13737,#2412);
#1490=LINE('',#13738,#2413);
#1491=LINE('',#13764,#2414);
#1492=LINE('',#13765,#2415);
#1493=LINE('',#13773,#2416);
#1494=LINE('',#13783,#2417);
#1495=LINE('',#13802,#2418);
#1496=LINE('',#13803,#2419);
#1497=LINE('',#13829,#2420);
#1498=LINE('',#13830,#2421);
#1499=LINE('',#13838,#2422);
#1500=LINE('',#13848,#2423);
#1501=LINE('',#13867,#2424);
#1502=LINE('',#13868,#2425);
#1503=LINE('',#13894,#2426);
#1504=LINE('',#13895,#2427);
#1505=LINE('',#13903,#2428);
#1506=LINE('',#13913,#2429);
#1507=LINE('',#13932,#2430);
#1508=LINE('',#13933,#2431);
#1509=LINE('',#13959,#2432);
#1510=LINE('',#13960,#2433);
#1511=LINE('',#13968,#2434);
#1512=LINE('',#13978,#2435);
#1513=LINE('',#13997,#2436);
#1514=LINE('',#13998,#2437);
#1515=LINE('',#14024,#2438);
#1516=LINE('',#14025,#2439);
#1517=LINE('',#14033,#2440);
#1518=LINE('',#14043,#2441);
#1519=LINE('',#14062,#2442);
#1520=LINE('',#14063,#2443);
#1521=LINE('',#14089,#2444);
#1522=LINE('',#14090,#2445);
#1523=LINE('',#14098,#2446);
#1524=LINE('',#14108,#2447);
#1525=LINE('',#14127,#2448);
#1526=LINE('',#14128,#2449);
#1527=LINE('',#14154,#2450);
#1528=LINE('',#14155,#2451);
#1529=LINE('',#14163,#2452);
#1530=LINE('',#14173,#2453);
#1531=LINE('',#14192,#2454);
#1532=LINE('',#14193,#2455);
#1533=LINE('',#14219,#2456);
#1534=LINE('',#14220,#2457);
#1535=LINE('',#14228,#2458);
#1536=LINE('',#14238,#2459);
#1537=LINE('',#14257,#2460);
#1538=LINE('',#14258,#2461);
#1539=LINE('',#14284,#2462);
#1540=LINE('',#14285,#2463);
#1541=LINE('',#14293,#2464);
#1542=LINE('',#14303,#2465);
#1543=LINE('',#14322,#2466);
#1544=LINE('',#14323,#2467);
#1545=LINE('',#14349,#2468);
#1546=LINE('',#14350,#2469);
#1547=LINE('',#14358,#2470);
#1548=LINE('',#14368,#2471);
#1549=LINE('',#14387,#2472);
#1550=LINE('',#14388,#2473);
#1551=LINE('',#14414,#2474);
#1552=LINE('',#14415,#2475);
#1553=LINE('',#14423,#2476);
#1554=LINE('',#14433,#2477);
#1555=LINE('',#14452,#2478);
#1556=LINE('',#14453,#2479);
#1557=LINE('',#14479,#2480);
#1558=LINE('',#14480,#2481);
#1559=LINE('',#14488,#2482);
#1560=LINE('',#14498,#2483);
#1561=LINE('',#14517,#2484);
#1562=LINE('',#14518,#2485);
#1563=LINE('',#14544,#2486);
#1564=LINE('',#14545,#2487);
#1565=LINE('',#14551,#2488);
#1566=LINE('',#14553,#2489);
#1567=LINE('',#14555,#2490);
#1568=LINE('',#14556,#2491);
#1569=LINE('',#14559,#2492);
#1570=LINE('',#14561,#2493);
#1571=LINE('',#14562,#2494);
#1572=LINE('',#14565,#2495);
#1573=LINE('',#14567,#2496);
#1574=LINE('',#14568,#2497);
#1575=LINE('',#14571,#2498);
#1576=LINE('',#14573,#2499);
#1577=LINE('',#14574,#2500);
#1578=LINE('',#14577,#2501);
#1579=LINE('',#14579,#2502);
#1580=LINE('',#14580,#2503);
#1581=LINE('',#14582,#2504);
#1582=LINE('',#14583,#2505);
#1583=LINE('',#14590,#2506);
#1584=LINE('',#14592,#2507);
#1585=LINE('',#14594,#2508);
#1586=LINE('',#14595,#2509);
#1587=LINE('',#14598,#2510);
#1588=LINE('',#14600,#2511);
#1589=LINE('',#14601,#2512);
#1590=LINE('',#14604,#2513);
#1591=LINE('',#14606,#2514);
#1592=LINE('',#14607,#2515);
#1593=LINE('',#14610,#2516);
#1594=LINE('',#14612,#2517);
#1595=LINE('',#14613,#2518);
#1596=LINE('',#14616,#2519);
#1597=LINE('',#14618,#2520);
#1598=LINE('',#14619,#2521);
#1599=LINE('',#14621,#2522);
#1600=LINE('',#14622,#2523);
#1601=LINE('',#14629,#2524);
#1602=LINE('',#14631,#2525);
#1603=LINE('',#14633,#2526);
#1604=LINE('',#14634,#2527);
#1605=LINE('',#14637,#2528);
#1606=LINE('',#14639,#2529);
#1607=LINE('',#14640,#2530);
#1608=LINE('',#14643,#2531);
#1609=LINE('',#14645,#2532);
#1610=LINE('',#14646,#2533);
#1611=LINE('',#14649,#2534);
#1612=LINE('',#14651,#2535);
#1613=LINE('',#14652,#2536);
#1614=LINE('',#14655,#2537);
#1615=LINE('',#14657,#2538);
#1616=LINE('',#14658,#2539);
#1617=LINE('',#14660,#2540);
#1618=LINE('',#14661,#2541);
#1619=LINE('',#14668,#2542);
#1620=LINE('',#14670,#2543);
#1621=LINE('',#14672,#2544);
#1622=LINE('',#14673,#2545);
#1623=LINE('',#14676,#2546);
#1624=LINE('',#14678,#2547);
#1625=LINE('',#14679,#2548);
#1626=LINE('',#14682,#2549);
#1627=LINE('',#14684,#2550);
#1628=LINE('',#14685,#2551);
#1629=LINE('',#14688,#2552);
#1630=LINE('',#14690,#2553);
#1631=LINE('',#14691,#2554);
#1632=LINE('',#14694,#2555);
#1633=LINE('',#14696,#2556);
#1634=LINE('',#14697,#2557);
#1635=LINE('',#14699,#2558);
#1636=LINE('',#14700,#2559);
#1637=LINE('',#14707,#2560);
#1638=LINE('',#14711,#2561);
#1639=LINE('',#14715,#2562);
#1640=LINE('',#14719,#2563);
#1641=LINE('',#14724,#2564);
#1642=LINE('',#14725,#2565);
#1643=LINE('',#14730,#2566);
#1644=LINE('',#14731,#2567);
#1645=LINE('',#14736,#2568);
#1646=LINE('',#14737,#2569);
#1647=LINE('',#14742,#2570);
#1648=LINE('',#14743,#2571);
#1649=LINE('',#14748,#2572);
#1650=LINE('',#14749,#2573);
#1651=LINE('',#14754,#2574);
#1652=LINE('',#14755,#2575);
#1653=LINE('',#14760,#2576);
#1654=LINE('',#14761,#2577);
#1655=LINE('',#14766,#2578);
#1656=LINE('',#14767,#2579);
#1657=LINE('',#14772,#2580);
#1658=LINE('',#14773,#2581);
#1659=LINE('',#14778,#2582);
#1660=LINE('',#14779,#2583);
#1661=LINE('',#14784,#2584);
#1662=LINE('',#14785,#2585);
#1663=LINE('',#14790,#2586);
#1664=LINE('',#14791,#2587);
#1665=LINE('',#14796,#2588);
#1666=LINE('',#14797,#2589);
#1667=LINE('',#14802,#2590);
#1668=LINE('',#14803,#2591);
#1669=LINE('',#14808,#2592);
#1670=LINE('',#14809,#2593);
#1671=LINE('',#14814,#2594);
#1672=LINE('',#14815,#2595);
#1673=LINE('',#14820,#2596);
#1674=LINE('',#14821,#2597);
#1675=LINE('',#14824,#2598);
#1676=LINE('',#14826,#2599);
#1677=LINE('',#14830,#2600);
#1678=LINE('',#14834,#2601);
#1679=LINE('',#14837,#2602);
#1680=LINE('',#14839,#2603);
#1681=LINE('',#14842,#2604);
#1682=LINE('',#14844,#2605);
#1683=LINE('',#14847,#2606);
#1684=LINE('',#14849,#2607);
#1685=LINE('',#14852,#2608);
#1686=LINE('',#14854,#2609);
#1687=LINE('',#14857,#2610);
#1688=LINE('',#14859,#2611);
#1689=LINE('',#14862,#2612);
#1690=LINE('',#14864,#2613);
#1691=LINE('',#14867,#2614);
#1692=LINE('',#14869,#2615);
#1693=LINE('',#14872,#2616);
#1694=LINE('',#14874,#2617);
#1695=LINE('',#14877,#2618);
#1696=LINE('',#14879,#2619);
#1697=LINE('',#14882,#2620);
#1698=LINE('',#14884,#2621);
#1699=LINE('',#14887,#2622);
#1700=LINE('',#14889,#2623);
#1701=LINE('',#14892,#2624);
#1702=LINE('',#14894,#2625);
#1703=LINE('',#14897,#2626);
#1704=LINE('',#14899,#2627);
#1705=LINE('',#14902,#2628);
#1706=LINE('',#14904,#2629);
#1707=LINE('',#14907,#2630);
#1708=LINE('',#14909,#2631);
#1709=LINE('',#14912,#2632);
#1710=LINE('',#14914,#2633);
#1711=LINE('',#15225,#2634);
#1712=LINE('',#15226,#2635);
#1713=LINE('',#15247,#2636);
#1714=LINE('',#15249,#2637);
#1715=LINE('',#15251,#2638);
#1716=LINE('',#15253,#2639);
#1717=LINE('',#15255,#2640);
#1718=LINE('',#15257,#2641);
#1719=LINE('',#15258,#2642);
#1720=LINE('',#15261,#2643);
#1721=LINE('',#15263,#2644);
#1722=LINE('',#15265,#2645);
#1723=LINE('',#15267,#2646);
#1724=LINE('',#15269,#2647);
#1725=LINE('',#15271,#2648);
#1726=LINE('',#15272,#2649);
#1727=LINE('',#15275,#2650);
#1728=LINE('',#15277,#2651);
#1729=LINE('',#15279,#2652);
#1730=LINE('',#15281,#2653);
#1731=LINE('',#15283,#2654);
#1732=LINE('',#15285,#2655);
#1733=LINE('',#15286,#2656);
#1734=LINE('',#15289,#2657);
#1735=LINE('',#15291,#2658);
#1736=LINE('',#15293,#2659);
#1737=LINE('',#15295,#2660);
#1738=LINE('',#15297,#2661);
#1739=LINE('',#15299,#2662);
#1740=LINE('',#15300,#2663);
#1741=LINE('',#15303,#2664);
#1742=LINE('',#15305,#2665);
#1743=LINE('',#15307,#2666);
#1744=LINE('',#15309,#2667);
#1745=LINE('',#15311,#2668);
#1746=LINE('',#15313,#2669);
#1747=LINE('',#15314,#2670);
#1748=LINE('',#15317,#2671);
#1749=LINE('',#15319,#2672);
#1750=LINE('',#15321,#2673);
#1751=LINE('',#15323,#2674);
#1752=LINE('',#15325,#2675);
#1753=LINE('',#15327,#2676);
#1754=LINE('',#15328,#2677);
#1755=LINE('',#15331,#2678);
#1756=LINE('',#15333,#2679);
#1757=LINE('',#15335,#2680);
#1758=LINE('',#15337,#2681);
#1759=LINE('',#15339,#2682);
#1760=LINE('',#15341,#2683);
#1761=LINE('',#15342,#2684);
#1762=LINE('',#15345,#2685);
#1763=LINE('',#15347,#2686);
#1764=LINE('',#15349,#2687);
#1765=LINE('',#15351,#2688);
#1766=LINE('',#15353,#2689);
#1767=LINE('',#15355,#2690);
#1768=LINE('',#15356,#2691);
#1769=LINE('',#15359,#2692);
#1770=LINE('',#15361,#2693);
#1771=LINE('',#15363,#2694);
#1772=LINE('',#15365,#2695);
#1773=LINE('',#15367,#2696);
#1774=LINE('',#15369,#2697);
#1775=LINE('',#15370,#2698);
#1776=LINE('',#15373,#2699);
#1777=LINE('',#15375,#2700);
#1778=LINE('',#15377,#2701);
#1779=LINE('',#15379,#2702);
#1780=LINE('',#15381,#2703);
#1781=LINE('',#15383,#2704);
#1782=LINE('',#15384,#2705);
#1783=LINE('',#15387,#2706);
#1784=LINE('',#15389,#2707);
#1785=LINE('',#15391,#2708);
#1786=LINE('',#15393,#2709);
#1787=LINE('',#15395,#2710);
#1788=LINE('',#15397,#2711);
#1789=LINE('',#15398,#2712);
#1790=LINE('',#15401,#2713);
#1791=LINE('',#15403,#2714);
#1792=LINE('',#15405,#2715);
#1793=LINE('',#15407,#2716);
#1794=LINE('',#15409,#2717);
#1795=LINE('',#15411,#2718);
#1796=LINE('',#15412,#2719);
#1797=LINE('',#15415,#2720);
#1798=LINE('',#15417,#2721);
#1799=LINE('',#15419,#2722);
#1800=LINE('',#15421,#2723);
#1801=LINE('',#15423,#2724);
#1802=LINE('',#15425,#2725);
#1803=LINE('',#15426,#2726);
#1804=LINE('',#15429,#2727);
#1805=LINE('',#15431,#2728);
#1806=LINE('',#15433,#2729);
#1807=LINE('',#15435,#2730);
#1808=LINE('',#15437,#2731);
#1809=LINE('',#15439,#2732);
#1810=LINE('',#15440,#2733);
#1811=LINE('',#15443,#2734);
#1812=LINE('',#15445,#2735);
#1813=LINE('',#15447,#2736);
#1814=LINE('',#15449,#2737);
#1815=LINE('',#15451,#2738);
#1816=LINE('',#15453,#2739);
#1817=LINE('',#15454,#2740);
#1818=LINE('',#15457,#2741);
#1819=LINE('',#15459,#2742);
#1820=LINE('',#15461,#2743);
#1821=LINE('',#15463,#2744);
#1822=LINE('',#15465,#2745);
#1823=LINE('',#15467,#2746);
#1824=LINE('',#15468,#2747);
#1825=LINE('',#15471,#2748);
#1826=LINE('',#15473,#2749);
#1827=LINE('',#15475,#2750);
#1828=LINE('',#15477,#2751);
#1829=LINE('',#15479,#2752);
#1830=LINE('',#15481,#2753);
#1831=LINE('',#15482,#2754);
#1832=LINE('',#15485,#2755);
#1833=LINE('',#15491,#2756);
#1834=LINE('',#15494,#2757);
#1835=LINE('',#15499,#2758);
#1836=LINE('',#15502,#2759);
#1837=LINE('',#15507,#2760);
#1838=LINE('',#15510,#2761);
#1839=LINE('',#15515,#2762);
#1840=LINE('',#15518,#2763);
#1841=LINE('',#15523,#2764);
#1842=LINE('',#15526,#2765);
#1843=LINE('',#15531,#2766);
#1844=LINE('',#15534,#2767);
#1845=LINE('',#15539,#2768);
#1846=LINE('',#15542,#2769);
#1847=LINE('',#15547,#2770);
#1848=LINE('',#15550,#2771);
#1849=LINE('',#15553,#2772);
#1850=LINE('',#15555,#2773);
#1851=LINE('',#15557,#2774);
#1852=LINE('',#15559,#2775);
#1853=LINE('',#15561,#2776);
#1854=LINE('',#15562,#2777);
#1855=LINE('',#15568,#2778);
#1856=LINE('',#15571,#2779);
#1857=LINE('',#15574,#2780);
#1858=LINE('',#15576,#2781);
#1859=LINE('',#15577,#2782);
#1860=LINE('',#15580,#2783);
#1861=LINE('',#15584,#2784);
#1862=LINE('',#15588,#2785);
#1863=LINE('',#15592,#2786);
#1864=LINE('',#15594,#2787);
#1865=LINE('',#15596,#2788);
#1866=LINE('',#15599,#2789);
#1867=LINE('',#15601,#2790);
#1868=LINE('',#15605,#2791);
#1869=LINE('',#15607,#2792);
#1870=LINE('',#15609,#2793);
#1871=LINE('',#15613,#2794);
#1872=LINE('',#15617,#2795);
#1873=LINE('',#15621,#2796);
#1874=LINE('',#15625,#2797);
#1875=LINE('',#15627,#2798);
#1876=LINE('',#15629,#2799);
#1877=LINE('',#15632,#2800);
#1878=LINE('',#15634,#2801);
#1879=LINE('',#15638,#2802);
#1880=LINE('',#15640,#2803);
#1881=LINE('',#15642,#2804);
#1882=LINE('',#15646,#2805);
#1883=LINE('',#15650,#2806);
#1884=LINE('',#15654,#2807);
#1885=LINE('',#15658,#2808);
#1886=LINE('',#15660,#2809);
#1887=LINE('',#15662,#2810);
#1888=LINE('',#15665,#2811);
#1889=LINE('',#15667,#2812);
#1890=LINE('',#15671,#2813);
#1891=LINE('',#15673,#2814);
#1892=LINE('',#15675,#2815);
#1893=LINE('',#15679,#2816);
#1894=LINE('',#15683,#2817);
#1895=LINE('',#15687,#2818);
#1896=LINE('',#15691,#2819);
#1897=LINE('',#15693,#2820);
#1898=LINE('',#15695,#2821);
#1899=LINE('',#15698,#2822);
#1900=LINE('',#15700,#2823);
#1901=LINE('',#15704,#2824);
#1902=LINE('',#15706,#2825);
#1903=LINE('',#15708,#2826);
#1904=LINE('',#15712,#2827);
#1905=LINE('',#15716,#2828);
#1906=LINE('',#15720,#2829);
#1907=LINE('',#15724,#2830);
#1908=LINE('',#15726,#2831);
#1909=LINE('',#15728,#2832);
#1910=LINE('',#15731,#2833);
#1911=LINE('',#15733,#2834);
#1912=LINE('',#15737,#2835);
#1913=LINE('',#15739,#2836);
#1914=LINE('',#15741,#2837);
#1915=LINE('',#15745,#2838);
#1916=LINE('',#15749,#2839);
#1917=LINE('',#15753,#2840);
#1918=LINE('',#15757,#2841);
#1919=LINE('',#15759,#2842);
#1920=LINE('',#15761,#2843);
#1921=LINE('',#15764,#2844);
#1922=LINE('',#15766,#2845);
#1923=LINE('',#15770,#2846);
#1924=LINE('',#15772,#2847);
#1925=LINE('',#15774,#2848);
#1926=LINE('',#15778,#2849);
#1927=LINE('',#15782,#2850);
#1928=LINE('',#15786,#2851);
#1929=LINE('',#15790,#2852);
#1930=LINE('',#15792,#2853);
#1931=LINE('',#15794,#2854);
#1932=LINE('',#15798,#2855);
#1933=LINE('',#15802,#2856);
#1934=LINE('',#15806,#2857);
#1935=LINE('',#15808,#2858);
#1936=LINE('',#15810,#2859);
#1937=LINE('',#15814,#2860);
#1938=LINE('',#15818,#2861);
#1939=LINE('',#15823,#2862);
#1940=LINE('',#15825,#2863);
#1941=LINE('',#15827,#2864);
#1942=LINE('',#15832,#2865);
#1943=LINE('',#15834,#2866);
#1944=LINE('',#15836,#2867);
#1945=LINE('',#15841,#2868);
#1946=LINE('',#15846,#2869);
#1947=LINE('',#15848,#2870);
#1948=LINE('',#15850,#2871);
#1949=LINE('',#15855,#2872);
#1950=LINE('',#15857,#2873);
#1951=LINE('',#15859,#2874);
#1952=LINE('',#15864,#2875);
#1953=LINE('',#15869,#2876);
#1954=LINE('',#15871,#2877);
#1955=LINE('',#15873,#2878);
#1956=LINE('',#15878,#2879);
#1957=LINE('',#15880,#2880);
#1958=LINE('',#15882,#2881);
#1959=LINE('',#15887,#2882);
#1960=LINE('',#15892,#2883);
#1961=LINE('',#15894,#2884);
#1962=LINE('',#15896,#2885);
#1963=LINE('',#15901,#2886);
#1964=LINE('',#15903,#2887);
#1965=LINE('',#15905,#2888);
#1966=LINE('',#15910,#2889);
#1967=LINE('',#15915,#2890);
#1968=LINE('',#15917,#2891);
#1969=LINE('',#15919,#2892);
#1970=LINE('',#15924,#2893);
#1971=LINE('',#15926,#2894);
#1972=LINE('',#15928,#2895);
#1973=LINE('',#15933,#2896);
#1974=LINE('',#15938,#2897);
#1975=LINE('',#15940,#2898);
#1976=LINE('',#15942,#2899);
#1977=LINE('',#15947,#2900);
#1978=LINE('',#15949,#2901);
#1979=LINE('',#15951,#2902);
#1980=LINE('',#15956,#2903);
#1981=LINE('',#15961,#2904);
#1982=LINE('',#15963,#2905);
#1983=LINE('',#15965,#2906);
#1984=LINE('',#15970,#2907);
#1985=LINE('',#15972,#2908);
#1986=LINE('',#15974,#2909);
#1987=LINE('',#15979,#2910);
#1988=LINE('',#15984,#2911);
#1989=LINE('',#15986,#2912);
#1990=LINE('',#15988,#2913);
#1991=LINE('',#15993,#2914);
#1992=LINE('',#15995,#2915);
#1993=LINE('',#15997,#2916);
#1994=LINE('',#16002,#2917);
#1995=LINE('',#16007,#2918);
#1996=LINE('',#16009,#2919);
#1997=LINE('',#16011,#2920);
#1998=LINE('',#16016,#2921);
#1999=LINE('',#16018,#2922);
#2000=LINE('',#16020,#2923);
#2001=LINE('',#16025,#2924);
#2002=LINE('',#16029,#2925);
#2003=LINE('',#16033,#2926);
#2004=LINE('',#16035,#2927);
#2005=LINE('',#16037,#2928);
#2006=LINE('',#16040,#2929);
#2007=LINE('',#16042,#2930);
#2008=LINE('',#16046,#2931);
#2009=LINE('',#16048,#2932);
#2010=LINE('',#16050,#2933);
#2011=LINE('',#16054,#2934);
#2012=LINE('',#16058,#2935);
#2013=LINE('',#16062,#2936);
#2014=LINE('',#16066,#2937);
#2015=LINE('',#16068,#2938);
#2016=LINE('',#16070,#2939);
#2017=LINE('',#16073,#2940);
#2018=LINE('',#16075,#2941);
#2019=LINE('',#16079,#2942);
#2020=LINE('',#16080,#2943);
#2021=LINE('',#16085,#2944);
#2022=LINE('',#16088,#2945);
#2023=LINE('',#16091,#2946);
#2024=LINE('',#16092,#2947);
#2025=LINE('',#16093,#2948);
#2026=LINE('',#16096,#2949);
#2027=LINE('',#16099,#2950);
#2028=LINE('',#16101,#2951);
#2029=LINE('',#16102,#2952);
#2030=LINE('',#16105,#2953);
#2031=LINE('',#16109,#2954);
#2032=LINE('',#16110,#2955);
#2033=LINE('',#16113,#2956);
#2034=LINE('',#16116,#2957);
#2035=LINE('',#16119,#2958);
#2036=LINE('',#16120,#2959);
#2037=LINE('',#16123,#2960);
#2038=LINE('',#16126,#2961);
#2039=LINE('',#16129,#2962);
#2040=LINE('',#16130,#2963);
#2041=LINE('',#16131,#2964);
#2042=LINE('',#16134,#2965);
#2043=LINE('',#16137,#2966);
#2044=LINE('',#16139,#2967);
#2045=LINE('',#16140,#2968);
#2046=LINE('',#16143,#2969);
#2047=LINE('',#16147,#2970);
#2048=LINE('',#16148,#2971);
#2049=LINE('',#16151,#2972);
#2050=LINE('',#16154,#2973);
#2051=LINE('',#16157,#2974);
#2052=LINE('',#16158,#2975);
#2053=LINE('',#16161,#2976);
#2054=LINE('',#16164,#2977);
#2055=LINE('',#16167,#2978);
#2056=LINE('',#16168,#2979);
#2057=LINE('',#16169,#2980);
#2058=LINE('',#16172,#2981);
#2059=LINE('',#16175,#2982);
#2060=LINE('',#16177,#2983);
#2061=LINE('',#16178,#2984);
#2062=LINE('',#16181,#2985);
#2063=LINE('',#16185,#2986);
#2064=LINE('',#16186,#2987);
#2065=LINE('',#16189,#2988);
#2066=LINE('',#16192,#2989);
#2067=LINE('',#16195,#2990);
#2068=LINE('',#16196,#2991);
#2069=LINE('',#16199,#2992);
#2070=LINE('',#16202,#2993);
#2071=LINE('',#16205,#2994);
#2072=LINE('',#16206,#2995);
#2073=LINE('',#16207,#2996);
#2074=LINE('',#16210,#2997);
#2075=LINE('',#16213,#2998);
#2076=LINE('',#16215,#2999);
#2077=LINE('',#16216,#3000);
#2078=LINE('',#16219,#3001);
#2079=LINE('',#16223,#3002);
#2080=LINE('',#16224,#3003);
#2081=LINE('',#16227,#3004);
#2082=LINE('',#16230,#3005);
#2083=LINE('',#16233,#3006);
#2084=LINE('',#16234,#3007);
#2085=LINE('',#16237,#3008);
#2086=LINE('',#16240,#3009);
#2087=LINE('',#16243,#3010);
#2088=LINE('',#16244,#3011);
#2089=LINE('',#16245,#3012);
#2090=LINE('',#16248,#3013);
#2091=LINE('',#16251,#3014);
#2092=LINE('',#16253,#3015);
#2093=LINE('',#16254,#3016);
#2094=LINE('',#16257,#3017);
#2095=LINE('',#16261,#3018);
#2096=LINE('',#16262,#3019);
#2097=LINE('',#16265,#3020);
#2098=LINE('',#16268,#3021);
#2099=LINE('',#16271,#3022);
#2100=LINE('',#16272,#3023);
#2101=LINE('',#16275,#3024);
#2102=LINE('',#16278,#3025);
#2103=LINE('',#16281,#3026);
#2104=LINE('',#16282,#3027);
#2105=LINE('',#16283,#3028);
#2106=LINE('',#16286,#3029);
#2107=LINE('',#16289,#3030);
#2108=LINE('',#16291,#3031);
#2109=LINE('',#16292,#3032);
#2110=LINE('',#16295,#3033);
#2111=LINE('',#16299,#3034);
#2112=LINE('',#16300,#3035);
#2113=LINE('',#16303,#3036);
#2114=LINE('',#16306,#3037);
#2115=LINE('',#16309,#3038);
#2116=LINE('',#16310,#3039);
#2117=LINE('',#16313,#3040);
#2118=LINE('',#16316,#3041);
#2119=LINE('',#16318,#3042);
#2120=LINE('',#16320,#3043);
#2121=LINE('',#16321,#3044);
#2122=LINE('',#16322,#3045);
#2123=LINE('',#16325,#3046);
#2124=LINE('',#16328,#3047);
#2125=LINE('',#16330,#3048);
#2126=LINE('',#16331,#3049);
#2127=LINE('',#16334,#3050);
#2128=LINE('',#16338,#3051);
#2129=LINE('',#16339,#3052);
#2130=LINE('',#16342,#3053);
#2131=LINE('',#16345,#3054);
#2132=LINE('',#16348,#3055);
#2133=LINE('',#16349,#3056);
#2134=LINE('',#16353,#3057);
#2135=LINE('',#16356,#3058);
#2136=LINE('',#16359,#3059);
#2137=LINE('',#16361,#3060);
#2138=LINE('',#16362,#3061);
#2139=LINE('',#16363,#3062);
#2140=LINE('',#16366,#3063);
#2141=LINE('',#16370,#3064);
#2142=LINE('',#16371,#3065);
#2143=LINE('',#16374,#3066);
#2144=LINE('',#16378,#3067);
#2145=LINE('',#16379,#3068);
#2146=LINE('',#16383,#3069);
#2147=LINE('',#16387,#3070);
#2148=LINE('',#16390,#3071);
#2149=LINE('',#16394,#3072);
#2150=LINE('',#16395,#3073);
#2151=LINE('',#16398,#3074);
#2152=LINE('',#16402,#3075);
#2153=LINE('',#16403,#3076);
#2154=LINE('',#16407,#3077);
#2155=LINE('',#16411,#3078);
#2156=LINE('',#16414,#3079);
#2157=LINE('',#16418,#3080);
#2158=LINE('',#16419,#3081);
#2159=LINE('',#16422,#3082);
#2160=LINE('',#16426,#3083);
#2161=LINE('',#16427,#3084);
#2162=LINE('',#16431,#3085);
#2163=LINE('',#16435,#3086);
#2164=LINE('',#16438,#3087);
#2165=LINE('',#16442,#3088);
#2166=LINE('',#16443,#3089);
#2167=LINE('',#16446,#3090);
#2168=LINE('',#16450,#3091);
#2169=LINE('',#16451,#3092);
#2170=LINE('',#16455,#3093);
#2171=LINE('',#16459,#3094);
#2172=LINE('',#16462,#3095);
#2173=LINE('',#16466,#3096);
#2174=LINE('',#16467,#3097);
#2175=LINE('',#16470,#3098);
#2176=LINE('',#16474,#3099);
#2177=LINE('',#16475,#3100);
#2178=LINE('',#16479,#3101);
#2179=LINE('',#16483,#3102);
#2180=LINE('',#16486,#3103);
#2181=LINE('',#16490,#3104);
#2182=LINE('',#16491,#3105);
#2183=LINE('',#16494,#3106);
#2184=LINE('',#16498,#3107);
#2185=LINE('',#16499,#3108);
#2186=LINE('',#16503,#3109);
#2187=LINE('',#16507,#3110);
#2188=LINE('',#16510,#3111);
#2189=LINE('',#16514,#3112);
#2190=LINE('',#16515,#3113);
#2191=LINE('',#16518,#3114);
#2192=LINE('',#16522,#3115);
#2193=LINE('',#16523,#3116);
#2194=LINE('',#16527,#3117);
#2195=LINE('',#16531,#3118);
#2196=LINE('',#16534,#3119);
#2197=LINE('',#16538,#3120);
#2198=LINE('',#16539,#3121);
#2199=LINE('',#16542,#3122);
#2200=LINE('',#16546,#3123);
#2201=LINE('',#16547,#3124);
#2202=LINE('',#16551,#3125);
#2203=LINE('',#16555,#3126);
#2204=LINE('',#16558,#3127);
#2205=LINE('',#16562,#3128);
#2206=LINE('',#16563,#3129);
#2207=LINE('',#16566,#3130);
#2208=LINE('',#16570,#3131);
#2209=LINE('',#16571,#3132);
#2210=LINE('',#16574,#3133);
#2211=LINE('',#16577,#3134);
#2212=LINE('',#16580,#3135);
#2213=LINE('',#16581,#3136);
#2214=LINE('',#16582,#3137);
#2215=LINE('',#16586,#3138);
#2216=LINE('',#16589,#3139);
#2217=LINE('',#16590,#3140);
#2218=LINE('',#16593,#3141);
#2219=LINE('',#16597,#3142);
#2220=LINE('',#16598,#3143);
#2221=LINE('',#16600,#3144);
#2222=LINE('',#16603,#3145);
#2223=LINE('',#16604,#3146);
#2224=LINE('',#16606,#3147);
#2225=LINE('',#16610,#3148);
#2226=LINE('',#16612,#3149);
#2227=LINE('',#16616,#3150);
#2228=LINE('',#16617,#3151);
#2229=LINE('',#16619,#3152);
#2230=LINE('',#16622,#3153);
#2231=LINE('',#16623,#3154);
#2232=LINE('',#16625,#3155);
#2233=LINE('',#16629,#3156);
#2234=LINE('',#16631,#3157);
#2235=LINE('',#16635,#3158);
#2236=LINE('',#16636,#3159);
#2237=LINE('',#16638,#3160);
#2238=LINE('',#16641,#3161);
#2239=LINE('',#16642,#3162);
#2240=LINE('',#16644,#3163);
#2241=LINE('',#16648,#3164);
#2242=LINE('',#16650,#3165);
#2243=LINE('',#16654,#3166);
#2244=LINE('',#16655,#3167);
#2245=LINE('',#16657,#3168);
#2246=LINE('',#16660,#3169);
#2247=LINE('',#16661,#3170);
#2248=LINE('',#16663,#3171);
#2249=LINE('',#16667,#3172);
#2250=LINE('',#16669,#3173);
#2251=LINE('',#16673,#3174);
#2252=LINE('',#16674,#3175);
#2253=LINE('',#16676,#3176);
#2254=LINE('',#16679,#3177);
#2255=LINE('',#16680,#3178);
#2256=LINE('',#16682,#3179);
#2257=LINE('',#16686,#3180);
#2258=LINE('',#16688,#3181);
#2259=LINE('',#16692,#3182);
#2260=LINE('',#16693,#3183);
#2261=LINE('',#16695,#3184);
#2262=LINE('',#16698,#3185);
#2263=LINE('',#16699,#3186);
#2264=LINE('',#16701,#3187);
#2265=LINE('',#16705,#3188);
#2266=LINE('',#16707,#3189);
#2267=LINE('',#16711,#3190);
#2268=LINE('',#16712,#3191);
#2269=LINE('',#16714,#3192);
#2270=LINE('',#16717,#3193);
#2271=LINE('',#16718,#3194);
#2272=LINE('',#16720,#3195);
#2273=LINE('',#16724,#3196);
#2274=LINE('',#16726,#3197);
#2275=LINE('',#16730,#3198);
#2276=LINE('',#16731,#3199);
#2277=LINE('',#16733,#3200);
#2278=LINE('',#16736,#3201);
#2279=LINE('',#16737,#3202);
#2280=LINE('',#16739,#3203);
#2281=LINE('',#16743,#3204);
#2282=LINE('',#16745,#3205);
#2283=LINE('',#16749,#3206);
#2284=LINE('',#16750,#3207);
#2285=LINE('',#16752,#3208);
#2286=LINE('',#16755,#3209);
#2287=LINE('',#16756,#3210);
#2288=LINE('',#16758,#3211);
#2289=LINE('',#16762,#3212);
#2290=LINE('',#16764,#3213);
#2291=LINE('',#16768,#3214);
#2292=LINE('',#16769,#3215);
#2293=LINE('',#16771,#3216);
#2294=LINE('',#16774,#3217);
#2295=LINE('',#16775,#3218);
#2296=LINE('',#16777,#3219);
#2297=LINE('',#16781,#3220);
#2298=LINE('',#16783,#3221);
#2299=LINE('',#16787,#3222);
#2300=LINE('',#16788,#3223);
#2301=LINE('',#16790,#3224);
#2302=LINE('',#16793,#3225);
#2303=LINE('',#16794,#3226);
#2304=LINE('',#16796,#3227);
#2305=LINE('',#16800,#3228);
#2306=LINE('',#16802,#3229);
#2307=LINE('',#16806,#3230);
#2308=LINE('',#16807,#3231);
#2309=LINE('',#16809,#3232);
#2310=LINE('',#16812,#3233);
#2311=LINE('',#16813,#3234);
#2312=LINE('',#16815,#3235);
#2313=LINE('',#16819,#3236);
#2314=LINE('',#16821,#3237);
#2315=LINE('',#16825,#3238);
#2316=LINE('',#16826,#3239);
#2317=LINE('',#16828,#3240);
#2318=LINE('',#16831,#3241);
#2319=LINE('',#16832,#3242);
#2320=LINE('',#16834,#3243);
#2321=LINE('',#16838,#3244);
#2322=LINE('',#16840,#3245);
#2323=LINE('',#16844,#3246);
#2324=LINE('',#16845,#3247);
#2325=LINE('',#16847,#3248);
#2326=LINE('',#16850,#3249);
#2327=LINE('',#16851,#3250);
#2328=LINE('',#16853,#3251);
#2329=LINE('',#16857,#3252);
#2330=LINE('',#16859,#3253);
#2331=LINE('',#16863,#3254);
#2332=LINE('',#16864,#3255);
#2333=LINE('',#16866,#3256);
#2334=LINE('',#16869,#3257);
#2335=LINE('',#16870,#3258);
#2336=LINE('',#16872,#3259);
#2337=LINE('',#16876,#3260);
#2338=LINE('',#16878,#3261);
#2339=LINE('',#16882,#3262);
#2340=LINE('',#16883,#3263);
#2341=LINE('',#16885,#3264);
#2342=LINE('',#16888,#3265);
#2343=LINE('',#16889,#3266);
#2344=LINE('',#16891,#3267);
#2345=LINE('',#16895,#3268);
#2346=LINE('',#16897,#3269);
#2347=LINE('',#16900,#3270);
#2348=LINE('',#16903,#3271);
#2349=LINE('',#16905,#3272);
#2350=LINE('',#16906,#3273);
#2351=LINE('',#16908,#3274);
#2352=LINE('',#16911,#3275);
#2353=LINE('',#16914,#3276);
#2354=LINE('',#16916,#3277);
#2355=LINE('',#16921,#3278);
#2356=LINE('',#16924,#3279);
#2357=LINE('',#16927,#3280);
#2358=LINE('',#16928,#3281);
#2359=LINE('',#16931,#3282);
#2360=LINE('',#16934,#3283);
#2361=LINE('',#16937,#3284);
#2362=LINE('',#16938,#3285);
#2363=LINE('',#16939,#3286);
#2364=LINE('',#16942,#3287);
#2365=LINE('',#16945,#3288);
#2366=LINE('',#16948,#3289);
#2367=LINE('',#16949,#3290);
#2368=LINE('',#16952,#3291);
#2369=LINE('',#16956,#3292);
#2370=LINE('',#16957,#3293);
#2371=LINE('',#16959,#3294);
#2372=LINE('',#16960,#3295);
#2373=LINE('',#16963,#3296);
#2374=LINE('',#16964,#3297);
#2375=LINE('',#16967,#3298);
#2376=LINE('',#16970,#3299);
#2377=LINE('',#16972,#3300);
#2378=LINE('',#16974,#3301);
#2379=LINE('',#16977,#3302);
#2380=VECTOR('',#10676,10.);
#2381=VECTOR('',#10677,10.);
#2382=VECTOR('',#10688,10.);
#2383=VECTOR('',#10689,10.);
#2384=VECTOR('',#10698,10.);
#2385=VECTOR('',#10699,10.);
#2386=VECTOR('',#10708,10.);
#2387=VECTOR('',#10709,10.);
#2388=VECTOR('',#10720,10.);
#2389=VECTOR('',#10721,10.);
#2390=VECTOR('',#10730,10.);
#2391=VECTOR('',#10731,10.);
#2392=VECTOR('',#10740,10.);
#2393=VECTOR('',#10741,10.);
#2394=VECTOR('',#10752,10.);
#2395=VECTOR('',#10753,10.);
#2396=VECTOR('',#10762,10.);
#2397=VECTOR('',#10763,10.);
#2398=VECTOR('',#10772,10.);
#2399=VECTOR('',#10773,10.);
#2400=VECTOR('',#10784,10.);
#2401=VECTOR('',#10785,10.);
#2402=VECTOR('',#10794,10.);
#2403=VECTOR('',#10795,10.);
#2404=VECTOR('',#10804,10.);
#2405=VECTOR('',#10805,10.);
#2406=VECTOR('',#10816,10.);
#2407=VECTOR('',#10817,10.);
#2408=VECTOR('',#10826,10.);
#2409=VECTOR('',#10827,10.);
#2410=VECTOR('',#10836,10.);
#2411=VECTOR('',#10837,10.);
#2412=VECTOR('',#10848,10.);
#2413=VECTOR('',#10849,10.);
#2414=VECTOR('',#10858,10.);
#2415=VECTOR('',#10859,10.);
#2416=VECTOR('',#10868,10.);
#2417=VECTOR('',#10869,10.);
#2418=VECTOR('',#10880,10.);
#2419=VECTOR('',#10881,10.);
#2420=VECTOR('',#10890,10.);
#2421=VECTOR('',#10891,10.);
#2422=VECTOR('',#10900,10.);
#2423=VECTOR('',#10901,10.);
#2424=VECTOR('',#10912,10.);
#2425=VECTOR('',#10913,10.);
#2426=VECTOR('',#10922,10.);
#2427=VECTOR('',#10923,10.);
#2428=VECTOR('',#10932,10.);
#2429=VECTOR('',#10933,10.);
#2430=VECTOR('',#10944,10.);
#2431=VECTOR('',#10945,10.);
#2432=VECTOR('',#10954,10.);
#2433=VECTOR('',#10955,10.);
#2434=VECTOR('',#10964,10.);
#2435=VECTOR('',#10965,10.);
#2436=VECTOR('',#10976,10.);
#2437=VECTOR('',#10977,10.);
#2438=VECTOR('',#10986,10.);
#2439=VECTOR('',#10987,10.);
#2440=VECTOR('',#10996,10.);
#2441=VECTOR('',#10997,10.);
#2442=VECTOR('',#11008,10.);
#2443=VECTOR('',#11009,10.);
#2444=VECTOR('',#11018,10.);
#2445=VECTOR('',#11019,10.);
#2446=VECTOR('',#11028,10.);
#2447=VECTOR('',#11029,10.);
#2448=VECTOR('',#11040,10.);
#2449=VECTOR('',#11041,10.);
#2450=VECTOR('',#11050,10.);
#2451=VECTOR('',#11051,10.);
#2452=VECTOR('',#11060,10.);
#2453=VECTOR('',#11061,10.);
#2454=VECTOR('',#11072,10.);
#2455=VECTOR('',#11073,10.);
#2456=VECTOR('',#11082,10.);
#2457=VECTOR('',#11083,10.);
#2458=VECTOR('',#11092,10.);
#2459=VECTOR('',#11093,10.);
#2460=VECTOR('',#11104,10.);
#2461=VECTOR('',#11105,10.);
#2462=VECTOR('',#11114,10.);
#2463=VECTOR('',#11115,10.);
#2464=VECTOR('',#11124,10.);
#2465=VECTOR('',#11125,10.);
#2466=VECTOR('',#11136,10.);
#2467=VECTOR('',#11137,10.);
#2468=VECTOR('',#11146,10.);
#2469=VECTOR('',#11147,10.);
#2470=VECTOR('',#11156,10.);
#2471=VECTOR('',#11157,10.);
#2472=VECTOR('',#11168,10.);
#2473=VECTOR('',#11169,10.);
#2474=VECTOR('',#11178,10.);
#2475=VECTOR('',#11179,10.);
#2476=VECTOR('',#11188,10.);
#2477=VECTOR('',#11189,10.);
#2478=VECTOR('',#11200,10.);
#2479=VECTOR('',#11201,10.);
#2480=VECTOR('',#11210,10.);
#2481=VECTOR('',#11211,10.);
#2482=VECTOR('',#11220,10.);
#2483=VECTOR('',#11221,10.);
#2484=VECTOR('',#11232,10.);
#2485=VECTOR('',#11233,10.);
#2486=VECTOR('',#11242,10.);
#2487=VECTOR('',#11243,10.);
#2488=VECTOR('',#11250,10.);
#2489=VECTOR('',#11251,10.);
#2490=VECTOR('',#11252,10.);
#2491=VECTOR('',#11253,10.);
#2492=VECTOR('',#11256,10.);
#2493=VECTOR('',#11257,10.);
#2494=VECTOR('',#11258,10.);
#2495=VECTOR('',#11261,10.);
#2496=VECTOR('',#11262,10.);
#2497=VECTOR('',#11263,10.);
#2498=VECTOR('',#11266,10.);
#2499=VECTOR('',#11267,10.);
#2500=VECTOR('',#11268,10.);
#2501=VECTOR('',#11271,10.);
#2502=VECTOR('',#11272,10.);
#2503=VECTOR('',#11273,10.);
#2504=VECTOR('',#11276,10.);
#2505=VECTOR('',#11277,10.);
#2506=VECTOR('',#11284,10.);
#2507=VECTOR('',#11285,10.);
#2508=VECTOR('',#11286,10.);
#2509=VECTOR('',#11287,10.);
#2510=VECTOR('',#11290,10.);
#2511=VECTOR('',#11291,10.);
#2512=VECTOR('',#11292,10.);
#2513=VECTOR('',#11295,10.);
#2514=VECTOR('',#11296,10.);
#2515=VECTOR('',#11297,10.);
#2516=VECTOR('',#11300,10.);
#2517=VECTOR('',#11301,10.);
#2518=VECTOR('',#11302,10.);
#2519=VECTOR('',#11305,10.);
#2520=VECTOR('',#11306,10.);
#2521=VECTOR('',#11307,10.);
#2522=VECTOR('',#11310,10.);
#2523=VECTOR('',#11311,10.);
#2524=VECTOR('',#11318,10.);
#2525=VECTOR('',#11319,10.);
#2526=VECTOR('',#11320,10.);
#2527=VECTOR('',#11321,10.);
#2528=VECTOR('',#11324,10.);
#2529=VECTOR('',#11325,10.);
#2530=VECTOR('',#11326,10.);
#2531=VECTOR('',#11329,10.);
#2532=VECTOR('',#11330,10.);
#2533=VECTOR('',#11331,10.);
#2534=VECTOR('',#11334,10.);
#2535=VECTOR('',#11335,10.);
#2536=VECTOR('',#11336,10.);
#2537=VECTOR('',#11339,10.);
#2538=VECTOR('',#11340,10.);
#2539=VECTOR('',#11341,10.);
#2540=VECTOR('',#11344,10.);
#2541=VECTOR('',#11345,10.);
#2542=VECTOR('',#11352,10.);
#2543=VECTOR('',#11353,10.);
#2544=VECTOR('',#11354,10.);
#2545=VECTOR('',#11355,10.);
#2546=VECTOR('',#11358,10.);
#2547=VECTOR('',#11359,10.);
#2548=VECTOR('',#11360,10.);
#2549=VECTOR('',#11363,10.);
#2550=VECTOR('',#11364,10.);
#2551=VECTOR('',#11365,10.);
#2552=VECTOR('',#11368,10.);
#2553=VECTOR('',#11369,10.);
#2554=VECTOR('',#11370,10.);
#2555=VECTOR('',#11373,10.);
#2556=VECTOR('',#11374,10.);
#2557=VECTOR('',#11375,10.);
#2558=VECTOR('',#11378,10.);
#2559=VECTOR('',#11379,10.);
#2560=VECTOR('',#11388,1.55);
#2561=VECTOR('',#11393,1.55);
#2562=VECTOR('',#11398,1.55);
#2563=VECTOR('',#11403,1.55);
#2564=VECTOR('',#11408,10.);
#2565=VECTOR('',#11409,10.);
#2566=VECTOR('',#11414,10.);
#2567=VECTOR('',#11415,10.);
#2568=VECTOR('',#11420,10.);
#2569=VECTOR('',#11421,10.);
#2570=VECTOR('',#11426,10.);
#2571=VECTOR('',#11427,10.);
#2572=VECTOR('',#11432,10.);
#2573=VECTOR('',#11433,10.);
#2574=VECTOR('',#11438,10.);
#2575=VECTOR('',#11439,10.);
#2576=VECTOR('',#11444,10.);
#2577=VECTOR('',#11445,10.);
#2578=VECTOR('',#11450,10.);
#2579=VECTOR('',#11451,10.);
#2580=VECTOR('',#11456,10.);
#2581=VECTOR('',#11457,10.);
#2582=VECTOR('',#11462,10.);
#2583=VECTOR('',#11463,10.);
#2584=VECTOR('',#11468,10.);
#2585=VECTOR('',#11469,10.);
#2586=VECTOR('',#11474,10.);
#2587=VECTOR('',#11475,10.);
#2588=VECTOR('',#11480,10.);
#2589=VECTOR('',#11481,10.);
#2590=VECTOR('',#11486,10.);
#2591=VECTOR('',#11487,10.);
#2592=VECTOR('',#11492,10.);
#2593=VECTOR('',#11493,10.);
#2594=VECTOR('',#11498,10.);
#2595=VECTOR('',#11499,10.);
#2596=VECTOR('',#11504,10.);
#2597=VECTOR('',#11505,10.);
#2598=VECTOR('',#11508,10.);
#2599=VECTOR('',#11509,10.);
#2600=VECTOR('',#11512,10.);
#2601=VECTOR('',#11515,10.);
#2602=VECTOR('',#11518,10.);
#2603=VECTOR('',#11519,10.);
#2604=VECTOR('',#11522,10.);
#2605=VECTOR('',#11523,10.);
#2606=VECTOR('',#11526,10.);
#2607=VECTOR('',#11527,10.);
#2608=VECTOR('',#11530,10.);
#2609=VECTOR('',#11531,10.);
#2610=VECTOR('',#11534,10.);
#2611=VECTOR('',#11535,10.);
#2612=VECTOR('',#11538,10.);
#2613=VECTOR('',#11539,10.);
#2614=VECTOR('',#11542,10.);
#2615=VECTOR('',#11543,10.);
#2616=VECTOR('',#11546,10.);
#2617=VECTOR('',#11547,10.);
#2618=VECTOR('',#11550,10.);
#2619=VECTOR('',#11551,10.);
#2620=VECTOR('',#11554,10.);
#2621=VECTOR('',#11555,10.);
#2622=VECTOR('',#11558,10.);
#2623=VECTOR('',#11559,10.);
#2624=VECTOR('',#11562,10.);
#2625=VECTOR('',#11563,10.);
#2626=VECTOR('',#11566,10.);
#2627=VECTOR('',#11567,10.);
#2628=VECTOR('',#11570,10.);
#2629=VECTOR('',#11571,10.);
#2630=VECTOR('',#11574,10.);
#2631=VECTOR('',#11575,10.);
#2632=VECTOR('',#11578,10.);
#2633=VECTOR('',#11579,10.);
#2634=VECTOR('',#11654,10.);
#2635=VECTOR('',#11655,10.);
#2636=VECTOR('',#11662,10.);
#2637=VECTOR('',#11663,10.);
#2638=VECTOR('',#11664,10.);
#2639=VECTOR('',#11665,10.);
#2640=VECTOR('',#11666,10.);
#2641=VECTOR('',#11667,10.);
#2642=VECTOR('',#11668,10.);
#2643=VECTOR('',#11671,10.);
#2644=VECTOR('',#11672,10.);
#2645=VECTOR('',#11673,10.);
#2646=VECTOR('',#11674,10.);
#2647=VECTOR('',#11675,10.);
#2648=VECTOR('',#11676,10.);
#2649=VECTOR('',#11677,10.);
#2650=VECTOR('',#11680,10.);
#2651=VECTOR('',#11681,10.);
#2652=VECTOR('',#11682,10.);
#2653=VECTOR('',#11683,10.);
#2654=VECTOR('',#11684,10.);
#2655=VECTOR('',#11685,10.);
#2656=VECTOR('',#11686,10.);
#2657=VECTOR('',#11689,10.);
#2658=VECTOR('',#11690,10.);
#2659=VECTOR('',#11691,10.);
#2660=VECTOR('',#11692,10.);
#2661=VECTOR('',#11693,10.);
#2662=VECTOR('',#11694,10.);
#2663=VECTOR('',#11695,10.);
#2664=VECTOR('',#11698,10.);
#2665=VECTOR('',#11699,10.);
#2666=VECTOR('',#11700,10.);
#2667=VECTOR('',#11701,10.);
#2668=VECTOR('',#11702,10.);
#2669=VECTOR('',#11703,10.);
#2670=VECTOR('',#11704,10.);
#2671=VECTOR('',#11707,10.);
#2672=VECTOR('',#11708,10.);
#2673=VECTOR('',#11709,10.);
#2674=VECTOR('',#11710,10.);
#2675=VECTOR('',#11711,10.);
#2676=VECTOR('',#11712,10.);
#2677=VECTOR('',#11713,10.);
#2678=VECTOR('',#11716,10.);
#2679=VECTOR('',#11717,10.);
#2680=VECTOR('',#11718,10.);
#2681=VECTOR('',#11719,10.);
#2682=VECTOR('',#11720,10.);
#2683=VECTOR('',#11721,10.);
#2684=VECTOR('',#11722,10.);
#2685=VECTOR('',#11725,10.);
#2686=VECTOR('',#11726,10.);
#2687=VECTOR('',#11727,10.);
#2688=VECTOR('',#11728,10.);
#2689=VECTOR('',#11729,10.);
#2690=VECTOR('',#11730,10.);
#2691=VECTOR('',#11731,10.);
#2692=VECTOR('',#11734,10.);
#2693=VECTOR('',#11735,10.);
#2694=VECTOR('',#11736,10.);
#2695=VECTOR('',#11737,10.);
#2696=VECTOR('',#11738,10.);
#2697=VECTOR('',#11739,10.);
#2698=VECTOR('',#11740,10.);
#2699=VECTOR('',#11743,10.);
#2700=VECTOR('',#11744,10.);
#2701=VECTOR('',#11745,10.);
#2702=VECTOR('',#11746,10.);
#2703=VECTOR('',#11747,10.);
#2704=VECTOR('',#11748,10.);
#2705=VECTOR('',#11749,10.);
#2706=VECTOR('',#11752,10.);
#2707=VECTOR('',#11753,10.);
#2708=VECTOR('',#11754,10.);
#2709=VECTOR('',#11755,10.);
#2710=VECTOR('',#11756,10.);
#2711=VECTOR('',#11757,10.);
#2712=VECTOR('',#11758,10.);
#2713=VECTOR('',#11761,10.);
#2714=VECTOR('',#11762,10.);
#2715=VECTOR('',#11763,10.);
#2716=VECTOR('',#11764,10.);
#2717=VECTOR('',#11765,10.);
#2718=VECTOR('',#11766,10.);
#2719=VECTOR('',#11767,10.);
#2720=VECTOR('',#11770,10.);
#2721=VECTOR('',#11771,10.);
#2722=VECTOR('',#11772,10.);
#2723=VECTOR('',#11773,10.);
#2724=VECTOR('',#11774,10.);
#2725=VECTOR('',#11775,10.);
#2726=VECTOR('',#11776,10.);
#2727=VECTOR('',#11779,10.);
#2728=VECTOR('',#11780,10.);
#2729=VECTOR('',#11781,10.);
#2730=VECTOR('',#11782,10.);
#2731=VECTOR('',#11783,10.);
#2732=VECTOR('',#11784,10.);
#2733=VECTOR('',#11785,10.);
#2734=VECTOR('',#11788,10.);
#2735=VECTOR('',#11789,10.);
#2736=VECTOR('',#11790,10.);
#2737=VECTOR('',#11791,10.);
#2738=VECTOR('',#11792,10.);
#2739=VECTOR('',#11793,10.);
#2740=VECTOR('',#11794,10.);
#2741=VECTOR('',#11797,10.);
#2742=VECTOR('',#11798,10.);
#2743=VECTOR('',#11799,10.);
#2744=VECTOR('',#11800,10.);
#2745=VECTOR('',#11801,10.);
#2746=VECTOR('',#11802,10.);
#2747=VECTOR('',#11803,10.);
#2748=VECTOR('',#11806,10.);
#2749=VECTOR('',#11807,10.);
#2750=VECTOR('',#11808,10.);
#2751=VECTOR('',#11809,10.);
#2752=VECTOR('',#11810,10.);
#2753=VECTOR('',#11811,10.);
#2754=VECTOR('',#11812,10.);
#2755=VECTOR('',#11815,10.);
#2756=VECTOR('',#11824,10.);
#2757=VECTOR('',#11827,10.);
#2758=VECTOR('',#11834,10.);
#2759=VECTOR('',#11837,10.);
#2760=VECTOR('',#11844,10.);
#2761=VECTOR('',#11847,10.);
#2762=VECTOR('',#11854,10.);
#2763=VECTOR('',#11857,10.);
#2764=VECTOR('',#11864,10.);
#2765=VECTOR('',#11867,10.);
#2766=VECTOR('',#11874,10.);
#2767=VECTOR('',#11877,10.);
#2768=VECTOR('',#11884,10.);
#2769=VECTOR('',#11887,10.);
#2770=VECTOR('',#11894,10.);
#2771=VECTOR('',#11897,10.);
#2772=VECTOR('',#11900,10.);
#2773=VECTOR('',#11901,10.);
#2774=VECTOR('',#11902,10.);
#2775=VECTOR('',#11903,10.);
#2776=VECTOR('',#11904,10.);
#2777=VECTOR('',#11905,10.);
#2778=VECTOR('',#11910,10.);
#2779=VECTOR('',#11913,10.);
#2780=VECTOR('',#11916,10.);
#2781=VECTOR('',#11917,10.);
#2782=VECTOR('',#11918,10.);
#2783=VECTOR('',#11921,10.);
#2784=VECTOR('',#11924,10.);
#2785=VECTOR('',#11927,10.);
#2786=VECTOR('',#11930,10.);
#2787=VECTOR('',#11931,10.);
#2788=VECTOR('',#11932,10.);
#2789=VECTOR('',#11935,10.);
#2790=VECTOR('',#11936,10.);
#2791=VECTOR('',#11939,10.);
#2792=VECTOR('',#11940,10.);
#2793=VECTOR('',#11941,10.);
#2794=VECTOR('',#11944,10.);
#2795=VECTOR('',#11947,10.);
#2796=VECTOR('',#11950,10.);
#2797=VECTOR('',#11953,10.);
#2798=VECTOR('',#11954,10.);
#2799=VECTOR('',#11955,10.);
#2800=VECTOR('',#11958,10.);
#2801=VECTOR('',#11959,10.);
#2802=VECTOR('',#11962,10.);
#2803=VECTOR('',#11963,10.);
#2804=VECTOR('',#11964,10.);
#2805=VECTOR('',#11967,10.);
#2806=VECTOR('',#11970,10.);
#2807=VECTOR('',#11973,10.);
#2808=VECTOR('',#11976,10.);
#2809=VECTOR('',#11977,10.);
#2810=VECTOR('',#11978,10.);
#2811=VECTOR('',#11981,10.);
#2812=VECTOR('',#11982,10.);
#2813=VECTOR('',#11985,10.);
#2814=VECTOR('',#11986,10.);
#2815=VECTOR('',#11987,10.);
#2816=VECTOR('',#11990,10.);
#2817=VECTOR('',#11993,10.);
#2818=VECTOR('',#11996,10.);
#2819=VECTOR('',#11999,10.);
#2820=VECTOR('',#12000,10.);
#2821=VECTOR('',#12001,10.);
#2822=VECTOR('',#12004,10.);
#2823=VECTOR('',#12005,10.);
#2824=VECTOR('',#12008,10.);
#2825=VECTOR('',#12009,10.);
#2826=VECTOR('',#12010,10.);
#2827=VECTOR('',#12013,10.);
#2828=VECTOR('',#12016,10.);
#2829=VECTOR('',#12019,10.);
#2830=VECTOR('',#12022,10.);
#2831=VECTOR('',#12023,10.);
#2832=VECTOR('',#12024,10.);
#2833=VECTOR('',#12027,10.);
#2834=VECTOR('',#12028,10.);
#2835=VECTOR('',#12031,10.);
#2836=VECTOR('',#12032,10.);
#2837=VECTOR('',#12033,10.);
#2838=VECTOR('',#12036,10.);
#2839=VECTOR('',#12039,10.);
#2840=VECTOR('',#12042,10.);
#2841=VECTOR('',#12045,10.);
#2842=VECTOR('',#12046,10.);
#2843=VECTOR('',#12047,10.);
#2844=VECTOR('',#12050,10.);
#2845=VECTOR('',#12051,10.);
#2846=VECTOR('',#12054,10.);
#2847=VECTOR('',#12055,10.);
#2848=VECTOR('',#12056,10.);
#2849=VECTOR('',#12059,10.);
#2850=VECTOR('',#12062,10.);
#2851=VECTOR('',#12065,10.);
#2852=VECTOR('',#12068,10.);
#2853=VECTOR('',#12069,10.);
#2854=VECTOR('',#12070,10.);
#2855=VECTOR('',#12073,10.);
#2856=VECTOR('',#12076,10.);
#2857=VECTOR('',#12079,10.);
#2858=VECTOR('',#12080,10.);
#2859=VECTOR('',#12081,10.);
#2860=VECTOR('',#12084,10.);
#2861=VECTOR('',#12087,10.);
#2862=VECTOR('',#12092,10.);
#2863=VECTOR('',#12093,10.);
#2864=VECTOR('',#12094,10.);
#2865=VECTOR('',#12099,10.);
#2866=VECTOR('',#12100,10.);
#2867=VECTOR('',#12101,10.);
#2868=VECTOR('',#12106,10.);
#2869=VECTOR('',#12111,10.);
#2870=VECTOR('',#12112,10.);
#2871=VECTOR('',#12113,10.);
#2872=VECTOR('',#12118,10.);
#2873=VECTOR('',#12119,10.);
#2874=VECTOR('',#12120,10.);
#2875=VECTOR('',#12125,10.);
#2876=VECTOR('',#12130,10.);
#2877=VECTOR('',#12131,10.);
#2878=VECTOR('',#12132,10.);
#2879=VECTOR('',#12137,10.);
#2880=VECTOR('',#12138,10.);
#2881=VECTOR('',#12139,10.);
#2882=VECTOR('',#12144,10.);
#2883=VECTOR('',#12149,10.);
#2884=VECTOR('',#12150,10.);
#2885=VECTOR('',#12151,10.);
#2886=VECTOR('',#12156,10.);
#2887=VECTOR('',#12157,10.);
#2888=VECTOR('',#12158,10.);
#2889=VECTOR('',#12163,10.);
#2890=VECTOR('',#12168,10.);
#2891=VECTOR('',#12169,10.);
#2892=VECTOR('',#12170,10.);
#2893=VECTOR('',#12175,10.);
#2894=VECTOR('',#12176,10.);
#2895=VECTOR('',#12177,10.);
#2896=VECTOR('',#12182,10.);
#2897=VECTOR('',#12187,10.);
#2898=VECTOR('',#12188,10.);
#2899=VECTOR('',#12189,10.);
#2900=VECTOR('',#12194,10.);
#2901=VECTOR('',#12195,10.);
#2902=VECTOR('',#12196,10.);
#2903=VECTOR('',#12201,10.);
#2904=VECTOR('',#12206,10.);
#2905=VECTOR('',#12207,10.);
#2906=VECTOR('',#12208,10.);
#2907=VECTOR('',#12213,10.);
#2908=VECTOR('',#12214,10.);
#2909=VECTOR('',#12215,10.);
#2910=VECTOR('',#12220,10.);
#2911=VECTOR('',#12225,10.);
#2912=VECTOR('',#12226,10.);
#2913=VECTOR('',#12227,10.);
#2914=VECTOR('',#12232,10.);
#2915=VECTOR('',#12233,10.);
#2916=VECTOR('',#12234,10.);
#2917=VECTOR('',#12239,10.);
#2918=VECTOR('',#12244,10.);
#2919=VECTOR('',#12245,10.);
#2920=VECTOR('',#12246,10.);
#2921=VECTOR('',#12251,10.);
#2922=VECTOR('',#12252,10.);
#2923=VECTOR('',#12253,10.);
#2924=VECTOR('',#12258,10.);
#2925=VECTOR('',#12261,10.);
#2926=VECTOR('',#12264,10.);
#2927=VECTOR('',#12265,10.);
#2928=VECTOR('',#12266,10.);
#2929=VECTOR('',#12269,10.);
#2930=VECTOR('',#12270,10.);
#2931=VECTOR('',#12273,10.);
#2932=VECTOR('',#12274,10.);
#2933=VECTOR('',#12275,10.);
#2934=VECTOR('',#12278,10.);
#2935=VECTOR('',#12281,10.);
#2936=VECTOR('',#12284,10.);
#2937=VECTOR('',#12287,10.);
#2938=VECTOR('',#12288,10.);
#2939=VECTOR('',#12289,10.);
#2940=VECTOR('',#12292,10.);
#2941=VECTOR('',#12293,10.);
#2942=VECTOR('',#12296,10.);
#2943=VECTOR('',#12297,10.);
#2944=VECTOR('',#12302,10.);
#2945=VECTOR('',#12305,10.);
#2946=VECTOR('',#12308,10.);
#2947=VECTOR('',#12309,10.);
#2948=VECTOR('',#12310,10.);
#2949=VECTOR('',#12313,10.);
#2950=VECTOR('',#12316,10.);
#2951=VECTOR('',#12319,10.);
#2952=VECTOR('',#12320,10.);
#2953=VECTOR('',#12323,10.);
#2954=VECTOR('',#12328,10.);
#2955=VECTOR('',#12329,10.);
#2956=VECTOR('',#12332,10.);
#2957=VECTOR('',#12335,10.);
#2958=VECTOR('',#12338,10.);
#2959=VECTOR('',#12339,10.);
#2960=VECTOR('',#12342,10.);
#2961=VECTOR('',#12345,10.);
#2962=VECTOR('',#12348,10.);
#2963=VECTOR('',#12349,10.);
#2964=VECTOR('',#12350,10.);
#2965=VECTOR('',#12353,10.);
#2966=VECTOR('',#12356,10.);
#2967=VECTOR('',#12359,10.);
#2968=VECTOR('',#12360,10.);
#2969=VECTOR('',#12363,10.);
#2970=VECTOR('',#12368,10.);
#2971=VECTOR('',#12369,10.);
#2972=VECTOR('',#12372,10.);
#2973=VECTOR('',#12375,10.);
#2974=VECTOR('',#12378,10.);
#2975=VECTOR('',#12379,10.);
#2976=VECTOR('',#12382,10.);
#2977=VECTOR('',#12385,10.);
#2978=VECTOR('',#12388,10.);
#2979=VECTOR('',#12389,10.);
#2980=VECTOR('',#12390,10.);
#2981=VECTOR('',#12393,10.);
#2982=VECTOR('',#12396,10.);
#2983=VECTOR('',#12399,10.);
#2984=VECTOR('',#12400,10.);
#2985=VECTOR('',#12403,10.);
#2986=VECTOR('',#12408,10.);
#2987=VECTOR('',#12409,10.);
#2988=VECTOR('',#12412,10.);
#2989=VECTOR('',#12415,10.);
#2990=VECTOR('',#12418,10.);
#2991=VECTOR('',#12419,10.);
#2992=VECTOR('',#12422,10.);
#2993=VECTOR('',#12425,10.);
#2994=VECTOR('',#12428,10.);
#2995=VECTOR('',#12429,10.);
#2996=VECTOR('',#12430,10.);
#2997=VECTOR('',#12433,10.);
#2998=VECTOR('',#12436,10.);
#2999=VECTOR('',#12439,10.);
#3000=VECTOR('',#12440,10.);
#3001=VECTOR('',#12443,10.);
#3002=VECTOR('',#12448,10.);
#3003=VECTOR('',#12449,10.);
#3004=VECTOR('',#12452,10.);
#3005=VECTOR('',#12455,10.);
#3006=VECTOR('',#12458,10.);
#3007=VECTOR('',#12459,10.);
#3008=VECTOR('',#12462,10.);
#3009=VECTOR('',#12465,10.);
#3010=VECTOR('',#12468,10.);
#3011=VECTOR('',#12469,10.);
#3012=VECTOR('',#12470,10.);
#3013=VECTOR('',#12473,10.);
#3014=VECTOR('',#12476,10.);
#3015=VECTOR('',#12479,10.);
#3016=VECTOR('',#12480,10.);
#3017=VECTOR('',#12483,10.);
#3018=VECTOR('',#12488,10.);
#3019=VECTOR('',#12489,10.);
#3020=VECTOR('',#12492,10.);
#3021=VECTOR('',#12495,10.);
#3022=VECTOR('',#12498,10.);
#3023=VECTOR('',#12499,10.);
#3024=VECTOR('',#12502,10.);
#3025=VECTOR('',#12505,10.);
#3026=VECTOR('',#12508,10.);
#3027=VECTOR('',#12509,10.);
#3028=VECTOR('',#12510,10.);
#3029=VECTOR('',#12513,10.);
#3030=VECTOR('',#12516,10.);
#3031=VECTOR('',#12519,10.);
#3032=VECTOR('',#12520,10.);
#3033=VECTOR('',#12523,10.);
#3034=VECTOR('',#12528,10.);
#3035=VECTOR('',#12529,10.);
#3036=VECTOR('',#12532,10.);
#3037=VECTOR('',#12535,10.);
#3038=VECTOR('',#12538,10.);
#3039=VECTOR('',#12539,10.);
#3040=VECTOR('',#12542,10.);
#3041=VECTOR('',#12545,10.);
#3042=VECTOR('',#12548,10.);
#3043=VECTOR('',#12549,10.);
#3044=VECTOR('',#12550,10.);
#3045=VECTOR('',#12551,10.);
#3046=VECTOR('',#12554,10.);
#3047=VECTOR('',#12557,10.);
#3048=VECTOR('',#12560,10.);
#3049=VECTOR('',#12561,10.);
#3050=VECTOR('',#12564,10.);
#3051=VECTOR('',#12569,10.);
#3052=VECTOR('',#12570,10.);
#3053=VECTOR('',#12573,10.);
#3054=VECTOR('',#12576,10.);
#3055=VECTOR('',#12579,10.);
#3056=VECTOR('',#12580,10.);
#3057=VECTOR('',#12585,10.);
#3058=VECTOR('',#12588,10.);
#3059=VECTOR('',#12591,10.);
#3060=VECTOR('',#12594,10.);
#3061=VECTOR('',#12595,10.);
#3062=VECTOR('',#12596,10.);
#3063=VECTOR('',#12599,10.);
#3064=VECTOR('',#12604,10.);
#3065=VECTOR('',#12605,10.);
#3066=VECTOR('',#12608,10.);
#3067=VECTOR('',#12613,10.);
#3068=VECTOR('',#12614,10.);
#3069=VECTOR('',#12619,10.);
#3070=VECTOR('',#12624,10.);
#3071=VECTOR('',#12627,10.);
#3072=VECTOR('',#12632,10.);
#3073=VECTOR('',#12633,10.);
#3074=VECTOR('',#12636,10.);
#3075=VECTOR('',#12641,10.);
#3076=VECTOR('',#12642,10.);
#3077=VECTOR('',#12647,10.);
#3078=VECTOR('',#12652,10.);
#3079=VECTOR('',#12655,10.);
#3080=VECTOR('',#12660,10.);
#3081=VECTOR('',#12661,10.);
#3082=VECTOR('',#12664,10.);
#3083=VECTOR('',#12669,10.);
#3084=VECTOR('',#12670,10.);
#3085=VECTOR('',#12675,10.);
#3086=VECTOR('',#12680,10.);
#3087=VECTOR('',#12683,10.);
#3088=VECTOR('',#12688,10.);
#3089=VECTOR('',#12689,10.);
#3090=VECTOR('',#12692,10.);
#3091=VECTOR('',#12697,10.);
#3092=VECTOR('',#12698,10.);
#3093=VECTOR('',#12703,10.);
#3094=VECTOR('',#12708,10.);
#3095=VECTOR('',#12711,10.);
#3096=VECTOR('',#12716,10.);
#3097=VECTOR('',#12717,10.);
#3098=VECTOR('',#12720,10.);
#3099=VECTOR('',#12725,10.);
#3100=VECTOR('',#12726,10.);
#3101=VECTOR('',#12731,10.);
#3102=VECTOR('',#12736,10.);
#3103=VECTOR('',#12739,10.);
#3104=VECTOR('',#12744,10.);
#3105=VECTOR('',#12745,10.);
#3106=VECTOR('',#12748,10.);
#3107=VECTOR('',#12753,10.);
#3108=VECTOR('',#12754,10.);
#3109=VECTOR('',#12759,10.);
#3110=VECTOR('',#12764,10.);
#3111=VECTOR('',#12767,10.);
#3112=VECTOR('',#12772,10.);
#3113=VECTOR('',#12773,10.);
#3114=VECTOR('',#12776,10.);
#3115=VECTOR('',#12781,10.);
#3116=VECTOR('',#12782,10.);
#3117=VECTOR('',#12787,10.);
#3118=VECTOR('',#12792,10.);
#3119=VECTOR('',#12795,10.);
#3120=VECTOR('',#12800,10.);
#3121=VECTOR('',#12801,10.);
#3122=VECTOR('',#12804,10.);
#3123=VECTOR('',#12809,10.);
#3124=VECTOR('',#12810,10.);
#3125=VECTOR('',#12815,10.);
#3126=VECTOR('',#12820,10.);
#3127=VECTOR('',#12823,10.);
#3128=VECTOR('',#12828,10.);
#3129=VECTOR('',#12829,10.);
#3130=VECTOR('',#12832,10.);
#3131=VECTOR('',#12837,10.);
#3132=VECTOR('',#12838,10.);
#3133=VECTOR('',#12841,10.);
#3134=VECTOR('',#12844,10.);
#3135=VECTOR('',#12847,10.);
#3136=VECTOR('',#12848,10.);
#3137=VECTOR('',#12849,10.);
#3138=VECTOR('',#12854,10.);
#3139=VECTOR('',#12857,10.);
#3140=VECTOR('',#12858,10.);
#3141=VECTOR('',#12861,10.);
#3142=VECTOR('',#12866,10.);
#3143=VECTOR('',#12867,10.);
#3144=VECTOR('',#12870,10.);
#3145=VECTOR('',#12873,10.);
#3146=VECTOR('',#12874,10.);
#3147=VECTOR('',#12877,10.);
#3148=VECTOR('',#12884,10.);
#3149=VECTOR('',#12887,10.);
#3150=VECTOR('',#12892,10.);
#3151=VECTOR('',#12893,10.);
#3152=VECTOR('',#12896,10.);
#3153=VECTOR('',#12899,10.);
#3154=VECTOR('',#12900,10.);
#3155=VECTOR('',#12903,10.);
#3156=VECTOR('',#12910,10.);
#3157=VECTOR('',#12913,10.);
#3158=VECTOR('',#12918,10.);
#3159=VECTOR('',#12919,10.);
#3160=VECTOR('',#12922,10.);
#3161=VECTOR('',#12925,10.);
#3162=VECTOR('',#12926,10.);
#3163=VECTOR('',#12929,10.);
#3164=VECTOR('',#12936,10.);
#3165=VECTOR('',#12939,10.);
#3166=VECTOR('',#12944,10.);
#3167=VECTOR('',#12945,10.);
#3168=VECTOR('',#12948,10.);
#3169=VECTOR('',#12951,10.);
#3170=VECTOR('',#12952,10.);
#3171=VECTOR('',#12955,10.);
#3172=VECTOR('',#12962,10.);
#3173=VECTOR('',#12965,10.);
#3174=VECTOR('',#12970,10.);
#3175=VECTOR('',#12971,10.);
#3176=VECTOR('',#12974,10.);
#3177=VECTOR('',#12977,10.);
#3178=VECTOR('',#12978,10.);
#3179=VECTOR('',#12981,10.);
#3180=VECTOR('',#12988,10.);
#3181=VECTOR('',#12991,10.);
#3182=VECTOR('',#12996,10.);
#3183=VECTOR('',#12997,10.);
#3184=VECTOR('',#13000,10.);
#3185=VECTOR('',#13003,10.);
#3186=VECTOR('',#13004,10.);
#3187=VECTOR('',#13007,10.);
#3188=VECTOR('',#13014,10.);
#3189=VECTOR('',#13017,10.);
#3190=VECTOR('',#13022,10.);
#3191=VECTOR('',#13023,10.);
#3192=VECTOR('',#13026,10.);
#3193=VECTOR('',#13029,10.);
#3194=VECTOR('',#13030,10.);
#3195=VECTOR('',#13033,10.);
#3196=VECTOR('',#13040,10.);
#3197=VECTOR('',#13043,10.);
#3198=VECTOR('',#13048,10.);
#3199=VECTOR('',#13049,10.);
#3200=VECTOR('',#13052,10.);
#3201=VECTOR('',#13055,10.);
#3202=VECTOR('',#13056,10.);
#3203=VECTOR('',#13059,10.);
#3204=VECTOR('',#13066,10.);
#3205=VECTOR('',#13069,10.);
#3206=VECTOR('',#13074,10.);
#3207=VECTOR('',#13075,10.);
#3208=VECTOR('',#13078,10.);
#3209=VECTOR('',#13081,10.);
#3210=VECTOR('',#13082,10.);
#3211=VECTOR('',#13085,10.);
#3212=VECTOR('',#13092,10.);
#3213=VECTOR('',#13095,10.);
#3214=VECTOR('',#13100,10.);
#3215=VECTOR('',#13101,10.);
#3216=VECTOR('',#13104,10.);
#3217=VECTOR('',#13107,10.);
#3218=VECTOR('',#13108,10.);
#3219=VECTOR('',#13111,10.);
#3220=VECTOR('',#13118,10.);
#3221=VECTOR('',#13121,10.);
#3222=VECTOR('',#13126,10.);
#3223=VECTOR('',#13127,10.);
#3224=VECTOR('',#13130,10.);
#3225=VECTOR('',#13133,10.);
#3226=VECTOR('',#13134,10.);
#3227=VECTOR('',#13137,10.);
#3228=VECTOR('',#13144,10.);
#3229=VECTOR('',#13147,10.);
#3230=VECTOR('',#13152,10.);
#3231=VECTOR('',#13153,10.);
#3232=VECTOR('',#13156,10.);
#3233=VECTOR('',#13159,10.);
#3234=VECTOR('',#13160,10.);
#3235=VECTOR('',#13163,10.);
#3236=VECTOR('',#13170,10.);
#3237=VECTOR('',#13173,10.);
#3238=VECTOR('',#13178,10.);
#3239=VECTOR('',#13179,10.);
#3240=VECTOR('',#13182,10.);
#3241=VECTOR('',#13185,10.);
#3242=VECTOR('',#13186,10.);
#3243=VECTOR('',#13189,10.);
#3244=VECTOR('',#13196,10.);
#3245=VECTOR('',#13199,10.);
#3246=VECTOR('',#13204,10.);
#3247=VECTOR('',#13205,10.);
#3248=VECTOR('',#13208,10.);
#3249=VECTOR('',#13211,10.);
#3250=VECTOR('',#13212,10.);
#3251=VECTOR('',#13215,10.);
#3252=VECTOR('',#13222,10.);
#3253=VECTOR('',#13225,10.);
#3254=VECTOR('',#13230,10.);
#3255=VECTOR('',#13231,10.);
#3256=VECTOR('',#13234,10.);
#3257=VECTOR('',#13237,10.);
#3258=VECTOR('',#13238,10.);
#3259=VECTOR('',#13241,10.);
#3260=VECTOR('',#13248,10.);
#3261=VECTOR('',#13251,10.);
#3262=VECTOR('',#13256,10.);
#3263=VECTOR('',#13257,10.);
#3264=VECTOR('',#13260,10.);
#3265=VECTOR('',#13263,10.);
#3266=VECTOR('',#13264,10.);
#3267=VECTOR('',#13267,10.);
#3268=VECTOR('',#13274,10.);
#3269=VECTOR('',#13277,10.);
#3270=VECTOR('',#13282,10.);
#3271=VECTOR('',#13285,10.);
#3272=VECTOR('',#13286,10.);
#3273=VECTOR('',#13287,10.);
#3274=VECTOR('',#13290,10.);
#3275=VECTOR('',#13295,10.);
#3276=VECTOR('',#13300,10.);
#3277=VECTOR('',#13303,10.);
#3278=VECTOR('',#13310,10.);
#3279=VECTOR('',#13313,10.);
#3280=VECTOR('',#13316,10.);
#3281=VECTOR('',#13317,10.);
#3282=VECTOR('',#13320,10.);
#3283=VECTOR('',#13323,10.);
#3284=VECTOR('',#13326,10.);
#3285=VECTOR('',#13327,10.);
#3286=VECTOR('',#13328,10.);
#3287=VECTOR('',#13331,10.);
#3288=VECTOR('',#13334,10.);
#3289=VECTOR('',#13337,10.);
#3290=VECTOR('',#13338,10.);
#3291=VECTOR('',#13341,10.);
#3292=VECTOR('',#13346,10.);
#3293=VECTOR('',#13347,10.);
#3294=VECTOR('',#13350,10.);
#3295=VECTOR('',#13351,10.);
#3296=VECTOR('',#13354,10.);
#3297=VECTOR('',#13355,10.);
#3298=VECTOR('',#13360,10.);
#3299=VECTOR('',#13365,10.);
#3300=VECTOR('',#13368,10.);
#3301=VECTOR('',#13371,10.);
#3302=VECTOR('',#13376,4.05);
#3303=CIRCLE('',#9780,0.999999999999999);
#3304=CIRCLE('',#9781,1.);
#3305=CIRCLE('',#9782,1.6);
#3306=CIRCLE('',#9783,0.599999999999996);
#3307=CIRCLE('',#9785,1.);
#3308=CIRCLE('',#9786,1.);
#3309=CIRCLE('',#9787,1.6);
#3310=CIRCLE('',#9788,0.599999999999997);
#3311=CIRCLE('',#9791,2.2);
#3312=CIRCLE('',#9793,1.);
#3313=CIRCLE('',#9794,1.);
#3314=CIRCLE('',#9795,1.6);
#3315=CIRCLE('',#9796,0.599999999999996);
#3316=CIRCLE('',#9798,1.);
#3317=CIRCLE('',#9799,1.);
#3318=CIRCLE('',#9800,1.6);
#3319=CIRCLE('',#9801,0.599999999999997);
#3320=CIRCLE('',#9804,2.2);
#3321=CIRCLE('',#9806,1.);
#3322=CIRCLE('',#9807,1.);
#3323=CIRCLE('',#9808,1.6);
#3324=CIRCLE('',#9809,0.599999999999996);
#3325=CIRCLE('',#9811,1.);
#3326=CIRCLE('',#9812,1.);
#3327=CIRCLE('',#9813,1.6);
#3328=CIRCLE('',#9814,0.599999999999997);
#3329=CIRCLE('',#9817,2.2);
#3330=CIRCLE('',#9819,0.999999999999999);
#3331=CIRCLE('',#9820,1.);
#3332=CIRCLE('',#9821,1.6);
#3333=CIRCLE('',#9822,0.599999999999996);
#3334=CIRCLE('',#9824,1.);
#3335=CIRCLE('',#9825,1.);
#3336=CIRCLE('',#9826,1.6);
#3337=CIRCLE('',#9827,0.599999999999997);
#3338=CIRCLE('',#9830,2.2);
#3339=CIRCLE('',#9832,1.);
#3340=CIRCLE('',#9833,1.);
#3341=CIRCLE('',#9834,1.6);
#3342=CIRCLE('',#9835,0.599999999999997);
#3343=CIRCLE('',#9837,0.999999999999999);
#3344=CIRCLE('',#9838,1.);
#3345=CIRCLE('',#9839,1.6);
#3346=CIRCLE('',#9840,0.599999999999997);
#3347=CIRCLE('',#9843,2.2);
#3348=CIRCLE('',#9845,0.999999999999999);
#3349=CIRCLE('',#9846,1.);
#3350=CIRCLE('',#9847,1.6);
#3351=CIRCLE('',#9848,0.599999999999996);
#3352=CIRCLE('',#9850,1.);
#3353=CIRCLE('',#9851,1.);
#3354=CIRCLE('',#9852,1.6);
#3355=CIRCLE('',#9853,0.599999999999997);
#3356=CIRCLE('',#9856,2.2);
#3357=CIRCLE('',#9858,1.);
#3358=CIRCLE('',#9859,1.);
#3359=CIRCLE('',#9860,1.6);
#3360=CIRCLE('',#9861,0.599999999999996);
#3361=CIRCLE('',#9863,1.);
#3362=CIRCLE('',#9864,1.);
#3363=CIRCLE('',#9865,1.6);
#3364=CIRCLE('',#9866,0.599999999999997);
#3365=CIRCLE('',#9869,2.2);
#3366=CIRCLE('',#9871,0.999999999999999);
#3367=CIRCLE('',#9872,1.);
#3368=CIRCLE('',#9873,1.6);
#3369=CIRCLE('',#9874,0.599999999999996);
#3370=CIRCLE('',#9876,1.);
#3371=CIRCLE('',#9877,1.);
#3372=CIRCLE('',#9878,1.6);
#3373=CIRCLE('',#9879,0.599999999999997);
#3374=CIRCLE('',#9882,2.2);
#3375=CIRCLE('',#9884,1.);
#3376=CIRCLE('',#9885,1.);
#3377=CIRCLE('',#9886,1.6);
#3378=CIRCLE('',#9887,0.599999999999996);
#3379=CIRCLE('',#9889,1.);
#3380=CIRCLE('',#9890,1.);
#3381=CIRCLE('',#9891,1.6);
#3382=CIRCLE('',#9892,0.599999999999997);
#3383=CIRCLE('',#9895,2.2);
#3384=CIRCLE('',#9897,0.999999999999999);
#3385=CIRCLE('',#9898,1.);
#3386=CIRCLE('',#9899,1.6);
#3387=CIRCLE('',#9900,0.599999999999996);
#3388=CIRCLE('',#9902,1.);
#3389=CIRCLE('',#9903,1.);
#3390=CIRCLE('',#9904,1.6);
#3391=CIRCLE('',#9905,0.599999999999997);
#3392=CIRCLE('',#9908,2.2);
#3393=CIRCLE('',#9910,0.999999999999999);
#3394=CIRCLE('',#9911,1.);
#3395=CIRCLE('',#9912,1.6);
#3396=CIRCLE('',#9913,0.599999999999996);
#3397=CIRCLE('',#9915,1.);
#3398=CIRCLE('',#9916,1.);
#3399=CIRCLE('',#9917,1.6);
#3400=CIRCLE('',#9918,0.599999999999997);
#3401=CIRCLE('',#9921,2.2);
#3402=CIRCLE('',#9923,1.);
#3403=CIRCLE('',#9924,1.);
#3404=CIRCLE('',#9925,1.6);
#3405=CIRCLE('',#9926,0.599999999999996);
#3406=CIRCLE('',#9928,0.999999999999999);
#3407=CIRCLE('',#9929,1.);
#3408=CIRCLE('',#9930,1.6);
#3409=CIRCLE('',#9931,0.599999999999997);
#3410=CIRCLE('',#9934,2.2);
#3411=CIRCLE('',#9936,0.999999999999999);
#3412=CIRCLE('',#9937,1.);
#3413=CIRCLE('',#9938,1.6);
#3414=CIRCLE('',#9939,0.599999999999996);
#3415=CIRCLE('',#9941,1.);
#3416=CIRCLE('',#9942,1.);
#3417=CIRCLE('',#9943,1.6);
#3418=CIRCLE('',#9944,0.599999999999997);
#3419=CIRCLE('',#9947,2.2);
#3420=CIRCLE('',#9949,0.999999999999999);
#3421=CIRCLE('',#9950,1.);
#3422=CIRCLE('',#9951,1.6);
#3423=CIRCLE('',#9952,0.599999999999996);
#3424=CIRCLE('',#9954,1.);
#3425=CIRCLE('',#9955,1.);
#3426=CIRCLE('',#9956,1.6);
#3427=CIRCLE('',#9957,0.599999999999997);
#3428=CIRCLE('',#9960,2.2);
#3429=CIRCLE('',#9962,0.999999999999999);
#3430=CIRCLE('',#9963,1.);
#3431=CIRCLE('',#9964,1.6);
#3432=CIRCLE('',#9965,0.599999999999996);
#3433=CIRCLE('',#9967,1.);
#3434=CIRCLE('',#9968,1.);
#3435=CIRCLE('',#9969,1.6);
#3436=CIRCLE('',#9970,0.599999999999997);
#3437=CIRCLE('',#9973,2.2);
#3438=CIRCLE('',#9975,1.);
#3439=CIRCLE('',#9976,1.);
#3440=CIRCLE('',#9977,1.6);
#3441=CIRCLE('',#9978,0.599999999999996);
#3442=CIRCLE('',#9980,1.);
#3443=CIRCLE('',#9981,1.);
#3444=CIRCLE('',#9982,1.6);
#3445=CIRCLE('',#9983,0.599999999999997);
#3446=CIRCLE('',#9986,2.2);
#3447=CIRCLE('',#9988,1.);
#3448=CIRCLE('',#9989,1.);
#3449=CIRCLE('',#9990,1.6);
#3450=CIRCLE('',#9991,0.599999999999996);
#3451=CIRCLE('',#9993,1.);
#3452=CIRCLE('',#9994,1.);
#3453=CIRCLE('',#9995,1.6);
#3454=CIRCLE('',#9996,0.599999999999997);
#3455=CIRCLE('',#9999,2.2);
#3456=CIRCLE('',#10001,1.);
#3457=CIRCLE('',#10002,1.);
#3458=CIRCLE('',#10003,1.6);
#3459=CIRCLE('',#10004,0.599999999999996);
#3460=CIRCLE('',#10006,1.);
#3461=CIRCLE('',#10007,1.);
#3462=CIRCLE('',#10008,1.6);
#3463=CIRCLE('',#10009,0.599999999999997);
#3464=CIRCLE('',#10012,2.2);
#3465=CIRCLE('',#10020,1.55);
#3466=CIRCLE('',#10028,1.55);
#3467=CIRCLE('',#10036,1.55);
#3468=CIRCLE('',#10044,1.55);
#3469=CIRCLE('',#10046,1.55);
#3470=CIRCLE('',#10048,1.55);
#3471=CIRCLE('',#10050,1.55);
#3472=CIRCLE('',#10052,1.55);
#3473=CIRCLE('',#10054,2.2);
#3474=CIRCLE('',#10056,2.2);
#3475=CIRCLE('',#10058,2.2);
#3476=CIRCLE('',#10060,2.2);
#3477=CIRCLE('',#10062,2.2);
#3478=CIRCLE('',#10064,2.2);
#3479=CIRCLE('',#10066,2.2);
#3480=CIRCLE('',#10068,2.2);
#3481=CIRCLE('',#10070,2.2);
#3482=CIRCLE('',#10072,2.2);
#3483=CIRCLE('',#10074,2.2);
#3484=CIRCLE('',#10076,2.2);
#3485=CIRCLE('',#10078,2.2);
#3486=CIRCLE('',#10080,2.2);
#3487=CIRCLE('',#10082,2.2);
#3488=CIRCLE('',#10084,2.2);
#3489=CIRCLE('',#10086,2.2);
#3490=CIRCLE('',#10088,21.5);
#3491=CIRCLE('',#10089,2.2);
#3492=CIRCLE('',#10090,21.5);
#3493=CIRCLE('',#10091,21.5);
#3494=CIRCLE('',#10092,21.5);
#3495=CIRCLE('',#10093,21.5);
#3496=CIRCLE('',#10094,21.5);
#3497=CIRCLE('',#10095,21.5);
#3498=CIRCLE('',#10096,21.5);
#3499=CIRCLE('',#10097,21.5);
#3500=CIRCLE('',#10098,21.5);
#3501=CIRCLE('',#10099,21.5);
#3502=CIRCLE('',#10100,21.5);
#3503=CIRCLE('',#10101,21.5);
#3504=CIRCLE('',#10102,21.5);
#3505=CIRCLE('',#10103,21.5);
#3506=CIRCLE('',#10104,21.5);
#3507=CIRCLE('',#10105,21.5);
#3508=CIRCLE('',#10106,21.5);
#3509=CIRCLE('',#10107,4.05);
#3510=CIRCLE('',#10109,23.);
#3511=CIRCLE('',#10111,23.);
#3512=CIRCLE('',#10113,23.);
#3513=CIRCLE('',#10115,23.);
#3514=CIRCLE('',#10117,23.);
#3515=CIRCLE('',#10119,23.);
#3516=CIRCLE('',#10121,23.);
#3517=CIRCLE('',#10123,23.);
#3518=CIRCLE('',#10125,23.);
#3519=CIRCLE('',#10127,23.);
#3520=CIRCLE('',#10129,23.);
#3521=CIRCLE('',#10131,23.);
#3522=CIRCLE('',#10133,23.);
#3523=CIRCLE('',#10135,23.);
#3524=CIRCLE('',#10137,23.);
#3525=CIRCLE('',#10139,23.);
#3526=CIRCLE('',#10141,23.);
#3527=CIRCLE('',#10144,23.);
#3528=CIRCLE('',#10163,23.);
#3529=CIRCLE('',#10165,23.);
#3530=CIRCLE('',#10167,23.);
#3531=CIRCLE('',#10169,23.);
#3532=CIRCLE('',#10171,23.);
#3533=CIRCLE('',#10173,23.);
#3534=CIRCLE('',#10175,23.);
#3535=CIRCLE('',#10177,23.);
#3536=CIRCLE('',#10179,23.);
#3537=CIRCLE('',#10181,23.);
#3538=CIRCLE('',#10183,23.);
#3539=CIRCLE('',#10185,23.);
#3540=CIRCLE('',#10187,23.);
#3541=CIRCLE('',#10189,23.);
#3542=CIRCLE('',#10191,23.);
#3543=CIRCLE('',#10193,23.);
#3544=CIRCLE('',#10195,23.);
#3545=CIRCLE('',#10198,0.1);
#3546=CIRCLE('',#10199,0.1);
#3547=CIRCLE('',#10202,1.6);
#3548=CIRCLE('',#10203,1.6);
#3549=CIRCLE('',#10204,0.1);
#3550=CIRCLE('',#10205,0.1);
#3551=CIRCLE('',#10206,0.1);
#3552=CIRCLE('',#10207,0.1);
#3553=CIRCLE('',#10208,1.6);
#3554=CIRCLE('',#10209,1.6);
#3555=CIRCLE('',#10210,0.1);
#3556=CIRCLE('',#10211,0.1);
#3557=CIRCLE('',#10212,0.1);
#3558=CIRCLE('',#10213,0.1);
#3559=CIRCLE('',#10214,1.6);
#3560=CIRCLE('',#10215,1.6);
#3561=CIRCLE('',#10216,0.1);
#3562=CIRCLE('',#10217,0.1);
#3563=CIRCLE('',#10218,0.1);
#3564=CIRCLE('',#10219,0.1);
#3565=CIRCLE('',#10220,1.6);
#3566=CIRCLE('',#10221,1.6);
#3567=CIRCLE('',#10222,0.1);
#3568=CIRCLE('',#10223,0.1);
#3569=CIRCLE('',#10224,0.1);
#3570=CIRCLE('',#10225,0.1);
#3571=CIRCLE('',#10226,1.6);
#3572=CIRCLE('',#10227,1.6);
#3573=CIRCLE('',#10228,0.1);
#3574=CIRCLE('',#10229,0.1);
#3575=CIRCLE('',#10230,0.1);
#3576=CIRCLE('',#10231,0.1);
#3577=CIRCLE('',#10232,1.6);
#3578=CIRCLE('',#10233,1.6);
#3579=CIRCLE('',#10234,0.1);
#3580=CIRCLE('',#10235,0.1);
#3581=CIRCLE('',#10236,0.1);
#3582=CIRCLE('',#10237,0.1);
#3583=CIRCLE('',#10238,1.6);
#3584=CIRCLE('',#10239,1.6);
#3585=CIRCLE('',#10240,0.1);
#3586=CIRCLE('',#10241,0.1);
#3587=CIRCLE('',#10242,23.);
#3588=CIRCLE('',#10243,0.1);
#3589=CIRCLE('',#10244,0.1);
#3590=CIRCLE('',#10245,1.6);
#3591=CIRCLE('',#10246,1.6);
#3592=CIRCLE('',#10247,0.1);
#3593=CIRCLE('',#10248,0.1);
#3594=CIRCLE('',#10249,0.1);
#3595=CIRCLE('',#10250,0.1);
#3596=CIRCLE('',#10251,1.6);
#3597=CIRCLE('',#10252,1.6);
#3598=CIRCLE('',#10253,0.1);
#3599=CIRCLE('',#10254,0.1);
#3600=CIRCLE('',#10255,0.1);
#3601=CIRCLE('',#10256,0.1);
#3602=CIRCLE('',#10257,1.6);
#3603=CIRCLE('',#10258,1.6);
#3604=CIRCLE('',#10259,0.1);
#3605=CIRCLE('',#10260,0.1);
#3606=CIRCLE('',#10261,0.1);
#3607=CIRCLE('',#10262,0.1);
#3608=CIRCLE('',#10263,1.6);
#3609=CIRCLE('',#10264,1.6);
#3610=CIRCLE('',#10265,0.1);
#3611=CIRCLE('',#10266,0.1);
#3612=CIRCLE('',#10267,0.1);
#3613=CIRCLE('',#10268,0.1);
#3614=CIRCLE('',#10269,1.6);
#3615=CIRCLE('',#10270,1.6);
#3616=CIRCLE('',#10271,0.1);
#3617=CIRCLE('',#10272,0.1);
#3618=CIRCLE('',#10273,0.1);
#3619=CIRCLE('',#10274,0.1);
#3620=CIRCLE('',#10275,1.6);
#3621=CIRCLE('',#10276,1.6);
#3622=CIRCLE('',#10277,0.1);
#3623=CIRCLE('',#10278,0.1);
#3624=CIRCLE('',#10279,0.1);
#3625=CIRCLE('',#10280,0.1);
#3626=CIRCLE('',#10281,1.6);
#3627=CIRCLE('',#10282,1.6);
#3628=CIRCLE('',#10283,0.1);
#3629=CIRCLE('',#10284,0.1);
#3630=CIRCLE('',#10285,0.1);
#3631=CIRCLE('',#10286,0.1);
#3632=CIRCLE('',#10287,1.6);
#3633=CIRCLE('',#10288,1.6);
#3634=CIRCLE('',#10289,0.1);
#3635=CIRCLE('',#10290,0.1);
#3636=CIRCLE('',#10291,0.1);
#3637=CIRCLE('',#10292,0.1);
#3638=CIRCLE('',#10293,1.6);
#3639=CIRCLE('',#10294,1.6);
#3640=CIRCLE('',#10295,0.1);
#3641=CIRCLE('',#10296,0.1);
#3642=CIRCLE('',#10297,0.1);
#3643=CIRCLE('',#10298,0.1);
#3644=CIRCLE('',#10299,1.6);
#3645=CIRCLE('',#10300,1.6);
#3646=CIRCLE('',#10301,0.1);
#3647=CIRCLE('',#10302,0.1);
#3648=CIRCLE('',#10303,0.1);
#3649=CIRCLE('',#10304,0.1);
#3650=CIRCLE('',#10305,1.6);
#3651=CIRCLE('',#10306,1.6);
#3652=CIRCLE('',#10307,0.1);
#3653=CIRCLE('',#10308,0.1);
#3654=CIRCLE('',#10309,0.1);
#3655=CIRCLE('',#10310,4.05);
#3656=CIRCLE('',#10312,0.1);
#3657=CIRCLE('',#10315,0.1);
#3658=CIRCLE('',#10318,0.1);
#3659=CIRCLE('',#10321,0.1);
#3660=CIRCLE('',#10324,0.1);
#3661=CIRCLE('',#10327,0.1);
#3662=CIRCLE('',#10330,0.1);
#3663=CIRCLE('',#10333,0.1);
#3664=CIRCLE('',#10336,0.1);
#3665=CIRCLE('',#10339,0.1);
#3666=CIRCLE('',#10342,0.1);
#3667=CIRCLE('',#10345,0.1);
#3668=CIRCLE('',#10348,0.1);
#3669=CIRCLE('',#10351,0.1);
#3670=CIRCLE('',#10354,0.1);
#3671=CIRCLE('',#10357,0.1);
#3672=CIRCLE('',#10360,0.1);
#3673=CIRCLE('',#10363,0.1);
#3674=CIRCLE('',#10366,0.1);
#3675=CIRCLE('',#10369,0.1);
#3676=CIRCLE('',#10372,0.1);
#3677=CIRCLE('',#10375,0.1);
#3678=CIRCLE('',#10378,0.1);
#3679=CIRCLE('',#10381,0.1);
#3680=CIRCLE('',#10384,0.1);
#3681=CIRCLE('',#10387,0.1);
#3682=CIRCLE('',#10390,0.1);
#3683=CIRCLE('',#10393,0.1);
#3684=CIRCLE('',#10396,0.1);
#3685=CIRCLE('',#10398,0.1);
#3686=CIRCLE('',#10401,0.1);
#3687=CIRCLE('',#10404,0.1);
#3688=CIRCLE('',#10407,0.1);
#3689=CIRCLE('',#10409,0.1);
#3690=CIRCLE('',#10411,0.1);
#3691=CIRCLE('',#10414,0.1);
#3692=CIRCLE('',#10417,0.1);
#3693=CIRCLE('',#10419,0.1);
#3694=CIRCLE('',#10421,0.1);
#3695=CIRCLE('',#10424,0.1);
#3696=CIRCLE('',#10427,0.1);
#3697=CIRCLE('',#10429,0.1);
#3698=CIRCLE('',#10431,0.1);
#3699=CIRCLE('',#10434,0.1);
#3700=CIRCLE('',#10437,0.1);
#3701=CIRCLE('',#10439,0.1);
#3702=CIRCLE('',#10441,0.1);
#3703=CIRCLE('',#10444,0.1);
#3704=CIRCLE('',#10447,0.1);
#3705=CIRCLE('',#10449,0.1);
#3706=CIRCLE('',#10451,0.1);
#3707=CIRCLE('',#10454,0.1);
#3708=CIRCLE('',#10457,0.1);
#3709=CIRCLE('',#10459,0.1);
#3710=CIRCLE('',#10461,0.1);
#3711=CIRCLE('',#10464,0.1);
#3712=CIRCLE('',#10467,0.1);
#3713=CIRCLE('',#10469,0.1);
#3714=CIRCLE('',#10471,0.1);
#3715=CIRCLE('',#10474,0.1);
#3716=CIRCLE('',#10477,0.1);
#3717=CIRCLE('',#10479,0.1);
#3718=CIRCLE('',#10481,0.1);
#3719=CIRCLE('',#10484,0.1);
#3720=CIRCLE('',#10487,0.1);
#3721=CIRCLE('',#10490,0.1);
#3722=CIRCLE('',#10493,0.1);
#3723=CIRCLE('',#10649,0.1);
#3724=CIRCLE('',#10652,0.1);
#3725=CIRCLE('',#10655,0.1);
#3726=CIRCLE('',#10658,0.1);
#3727=VERTEX_POINT('',#13379);
#3728=VERTEX_POINT('',#13380);
#3729=VERTEX_POINT('',#13382);
#3730=VERTEX_POINT('',#13384);
#3731=VERTEX_POINT('',#13403);
#3732=VERTEX_POINT('',#13404);
#3733=VERTEX_POINT('',#13409);
#3734=VERTEX_POINT('',#13410);
#3735=VERTEX_POINT('',#13423);
#3736=VERTEX_POINT('',#13424);
#3737=VERTEX_POINT('',#13429);
#3738=VERTEX_POINT('',#13430);
#3739=VERTEX_POINT('',#13444);
#3740=VERTEX_POINT('',#13445);
#3741=VERTEX_POINT('',#13447);
#3742=VERTEX_POINT('',#13449);
#3743=VERTEX_POINT('',#13468);
#3744=VERTEX_POINT('',#13469);
#3745=VERTEX_POINT('',#13474);
#3746=VERTEX_POINT('',#13475);
#3747=VERTEX_POINT('',#13488);
#3748=VERTEX_POINT('',#13489);
#3749=VERTEX_POINT('',#13494);
#3750=VERTEX_POINT('',#13495);
#3751=VERTEX_POINT('',#13509);
#3752=VERTEX_POINT('',#13510);
#3753=VERTEX_POINT('',#13512);
#3754=VERTEX_POINT('',#13514);
#3755=VERTEX_POINT('',#13533);
#3756=VERTEX_POINT('',#13534);
#3757=VERTEX_POINT('',#13539);
#3758=VERTEX_POINT('',#13540);
#3759=VERTEX_POINT('',#13553);
#3760=VERTEX_POINT('',#13554);
#3761=VERTEX_POINT('',#13559);
#3762=VERTEX_POINT('',#13560);
#3763=VERTEX_POINT('',#13574);
#3764=VERTEX_POINT('',#13575);
#3765=VERTEX_POINT('',#13577);
#3766=VERTEX_POINT('',#13579);
#3767=VERTEX_POINT('',#13598);
#3768=VERTEX_POINT('',#13599);
#3769=VERTEX_POINT('',#13604);
#3770=VERTEX_POINT('',#13605);
#3771=VERTEX_POINT('',#13618);
#3772=VERTEX_POINT('',#13619);
#3773=VERTEX_POINT('',#13624);
#3774=VERTEX_POINT('',#13625);
#3775=VERTEX_POINT('',#13639);
#3776=VERTEX_POINT('',#13640);
#3777=VERTEX_POINT('',#13642);
#3778=VERTEX_POINT('',#13644);
#3779=VERTEX_POINT('',#13663);
#3780=VERTEX_POINT('',#13664);
#3781=VERTEX_POINT('',#13669);
#3782=VERTEX_POINT('',#13670);
#3783=VERTEX_POINT('',#13683);
#3784=VERTEX_POINT('',#13684);
#3785=VERTEX_POINT('',#13689);
#3786=VERTEX_POINT('',#13690);
#3787=VERTEX_POINT('',#13704);
#3788=VERTEX_POINT('',#13705);
#3789=VERTEX_POINT('',#13707);
#3790=VERTEX_POINT('',#13709);
#3791=VERTEX_POINT('',#13728);
#3792=VERTEX_POINT('',#13729);
#3793=VERTEX_POINT('',#13734);
#3794=VERTEX_POINT('',#13735);
#3795=VERTEX_POINT('',#13748);
#3796=VERTEX_POINT('',#13749);
#3797=VERTEX_POINT('',#13754);
#3798=VERTEX_POINT('',#13755);
#3799=VERTEX_POINT('',#13769);
#3800=VERTEX_POINT('',#13770);
#3801=VERTEX_POINT('',#13772);
#3802=VERTEX_POINT('',#13774);
#3803=VERTEX_POINT('',#13793);
#3804=VERTEX_POINT('',#13794);
#3805=VERTEX_POINT('',#13799);
#3806=VERTEX_POINT('',#13800);
#3807=VERTEX_POINT('',#13813);
#3808=VERTEX_POINT('',#13814);
#3809=VERTEX_POINT('',#13819);
#3810=VERTEX_POINT('',#13820);
#3811=VERTEX_POINT('',#13834);
#3812=VERTEX_POINT('',#13835);
#3813=VERTEX_POINT('',#13837);
#3814=VERTEX_POINT('',#13839);
#3815=VERTEX_POINT('',#13858);
#3816=VERTEX_POINT('',#13859);
#3817=VERTEX_POINT('',#13864);
#3818=VERTEX_POINT('',#13865);
#3819=VERTEX_POINT('',#13878);
#3820=VERTEX_POINT('',#13879);
#3821=VERTEX_POINT('',#13884);
#3822=VERTEX_POINT('',#13885);
#3823=VERTEX_POINT('',#13899);
#3824=VERTEX_POINT('',#13900);
#3825=VERTEX_POINT('',#13902);
#3826=VERTEX_POINT('',#13904);
#3827=VERTEX_POINT('',#13923);
#3828=VERTEX_POINT('',#13924);
#3829=VERTEX_POINT('',#13929);
#3830=VERTEX_POINT('',#13930);
#3831=VERTEX_POINT('',#13943);
#3832=VERTEX_POINT('',#13944);
#3833=VERTEX_POINT('',#13949);
#3834=VERTEX_POINT('',#13950);
#3835=VERTEX_POINT('',#13964);
#3836=VERTEX_POINT('',#13965);
#3837=VERTEX_POINT('',#13967);
#3838=VERTEX_POINT('',#13969);
#3839=VERTEX_POINT('',#13988);
#3840=VERTEX_POINT('',#13989);
#3841=VERTEX_POINT('',#13994);
#3842=VERTEX_POINT('',#13995);
#3843=VERTEX_POINT('',#14008);
#3844=VERTEX_POINT('',#14009);
#3845=VERTEX_POINT('',#14014);
#3846=VERTEX_POINT('',#14015);
#3847=VERTEX_POINT('',#14029);
#3848=VERTEX_POINT('',#14030);
#3849=VERTEX_POINT('',#14032);
#3850=VERTEX_POINT('',#14034);
#3851=VERTEX_POINT('',#14053);
#3852=VERTEX_POINT('',#14054);
#3853=VERTEX_POINT('',#14059);
#3854=VERTEX_POINT('',#14060);
#3855=VERTEX_POINT('',#14073);
#3856=VERTEX_POINT('',#14074);
#3857=VERTEX_POINT('',#14079);
#3858=VERTEX_POINT('',#14080);
#3859=VERTEX_POINT('',#14094);
#3860=VERTEX_POINT('',#14095);
#3861=VERTEX_POINT('',#14097);
#3862=VERTEX_POINT('',#14099);
#3863=VERTEX_POINT('',#14118);
#3864=VERTEX_POINT('',#14119);
#3865=VERTEX_POINT('',#14124);
#3866=VERTEX_POINT('',#14125);
#3867=VERTEX_POINT('',#14138);
#3868=VERTEX_POINT('',#14139);
#3869=VERTEX_POINT('',#14144);
#3870=VERTEX_POINT('',#14145);
#3871=VERTEX_POINT('',#14159);
#3872=VERTEX_POINT('',#14160);
#3873=VERTEX_POINT('',#14162);
#3874=VERTEX_POINT('',#14164);
#3875=VERTEX_POINT('',#14183);
#3876=VERTEX_POINT('',#14184);
#3877=VERTEX_POINT('',#14189);
#3878=VERTEX_POINT('',#14190);
#3879=VERTEX_POINT('',#14203);
#3880=VERTEX_POINT('',#14204);
#3881=VERTEX_POINT('',#14209);
#3882=VERTEX_POINT('',#14210);
#3883=VERTEX_POINT('',#14224);
#3884=VERTEX_POINT('',#14225);
#3885=VERTEX_POINT('',#14227);
#3886=VERTEX_POINT('',#14229);
#3887=VERTEX_POINT('',#14248);
#3888=VERTEX_POINT('',#14249);
#3889=VERTEX_POINT('',#14254);
#3890=VERTEX_POINT('',#14255);
#3891=VERTEX_POINT('',#14268);
#3892=VERTEX_POINT('',#14269);
#3893=VERTEX_POINT('',#14274);
#3894=VERTEX_POINT('',#14275);
#3895=VERTEX_POINT('',#14289);
#3896=VERTEX_POINT('',#14290);
#3897=VERTEX_POINT('',#14292);
#3898=VERTEX_POINT('',#14294);
#3899=VERTEX_POINT('',#14313);
#3900=VERTEX_POINT('',#14314);
#3901=VERTEX_POINT('',#14319);
#3902=VERTEX_POINT('',#14320);
#3903=VERTEX_POINT('',#14333);
#3904=VERTEX_POINT('',#14334);
#3905=VERTEX_POINT('',#14339);
#3906=VERTEX_POINT('',#14340);
#3907=VERTEX_POINT('',#14354);
#3908=VERTEX_POINT('',#14355);
#3909=VERTEX_POINT('',#14357);
#3910=VERTEX_POINT('',#14359);
#3911=VERTEX_POINT('',#14378);
#3912=VERTEX_POINT('',#14379);
#3913=VERTEX_POINT('',#14384);
#3914=VERTEX_POINT('',#14385);
#3915=VERTEX_POINT('',#14398);
#3916=VERTEX_POINT('',#14399);
#3917=VERTEX_POINT('',#14404);
#3918=VERTEX_POINT('',#14405);
#3919=VERTEX_POINT('',#14419);
#3920=VERTEX_POINT('',#14420);
#3921=VERTEX_POINT('',#14422);
#3922=VERTEX_POINT('',#14424);
#3923=VERTEX_POINT('',#14443);
#3924=VERTEX_POINT('',#14444);
#3925=VERTEX_POINT('',#14449);
#3926=VERTEX_POINT('',#14450);
#3927=VERTEX_POINT('',#14463);
#3928=VERTEX_POINT('',#14464);
#3929=VERTEX_POINT('',#14469);
#3930=VERTEX_POINT('',#14470);
#3931=VERTEX_POINT('',#14484);
#3932=VERTEX_POINT('',#14485);
#3933=VERTEX_POINT('',#14487);
#3934=VERTEX_POINT('',#14489);
#3935=VERTEX_POINT('',#14508);
#3936=VERTEX_POINT('',#14509);
#3937=VERTEX_POINT('',#14514);
#3938=VERTEX_POINT('',#14515);
#3939=VERTEX_POINT('',#14528);
#3940=VERTEX_POINT('',#14529);
#3941=VERTEX_POINT('',#14534);
#3942=VERTEX_POINT('',#14535);
#3943=VERTEX_POINT('',#14549);
#3944=VERTEX_POINT('',#14550);
#3945=VERTEX_POINT('',#14552);
#3946=VERTEX_POINT('',#14554);
#3947=VERTEX_POINT('',#14558);
#3948=VERTEX_POINT('',#14560);
#3949=VERTEX_POINT('',#14564);
#3950=VERTEX_POINT('',#14566);
#3951=VERTEX_POINT('',#14570);
#3952=VERTEX_POINT('',#14572);
#3953=VERTEX_POINT('',#14576);
#3954=VERTEX_POINT('',#14578);
#3955=VERTEX_POINT('',#14585);
#3956=VERTEX_POINT('',#14588);
#3957=VERTEX_POINT('',#14589);
#3958=VERTEX_POINT('',#14591);
#3959=VERTEX_POINT('',#14593);
#3960=VERTEX_POINT('',#14597);
#3961=VERTEX_POINT('',#14599);
#3962=VERTEX_POINT('',#14603);
#3963=VERTEX_POINT('',#14605);
#3964=VERTEX_POINT('',#14609);
#3965=VERTEX_POINT('',#14611);
#3966=VERTEX_POINT('',#14615);
#3967=VERTEX_POINT('',#14617);
#3968=VERTEX_POINT('',#14624);
#3969=VERTEX_POINT('',#14627);
#3970=VERTEX_POINT('',#14628);
#3971=VERTEX_POINT('',#14630);
#3972=VERTEX_POINT('',#14632);
#3973=VERTEX_POINT('',#14636);
#3974=VERTEX_POINT('',#14638);
#3975=VERTEX_POINT('',#14642);
#3976=VERTEX_POINT('',#14644);
#3977=VERTEX_POINT('',#14648);
#3978=VERTEX_POINT('',#14650);
#3979=VERTEX_POINT('',#14654);
#3980=VERTEX_POINT('',#14656);
#3981=VERTEX_POINT('',#14663);
#3982=VERTEX_POINT('',#14666);
#3983=VERTEX_POINT('',#14667);
#3984=VERTEX_POINT('',#14669);
#3985=VERTEX_POINT('',#14671);
#3986=VERTEX_POINT('',#14675);
#3987=VERTEX_POINT('',#14677);
#3988=VERTEX_POINT('',#14681);
#3989=VERTEX_POINT('',#14683);
#3990=VERTEX_POINT('',#14687);
#3991=VERTEX_POINT('',#14689);
#3992=VERTEX_POINT('',#14693);
#3993=VERTEX_POINT('',#14695);
#3994=VERTEX_POINT('',#14702);
#3995=VERTEX_POINT('',#14705);
#3996=VERTEX_POINT('',#14709);
#3997=VERTEX_POINT('',#14713);
#3998=VERTEX_POINT('',#14717);
#3999=VERTEX_POINT('',#14721);
#4000=VERTEX_POINT('',#14722);
#4001=VERTEX_POINT('',#14727);
#4002=VERTEX_POINT('',#14728);
#4003=VERTEX_POINT('',#14733);
#4004=VERTEX_POINT('',#14734);
#4005=VERTEX_POINT('',#14739);
#4006=VERTEX_POINT('',#14740);
#4007=VERTEX_POINT('',#14745);
#4008=VERTEX_POINT('',#14746);
#4009=VERTEX_POINT('',#14751);
#4010=VERTEX_POINT('',#14752);
#4011=VERTEX_POINT('',#14757);
#4012=VERTEX_POINT('',#14758);
#4013=VERTEX_POINT('',#14763);
#4014=VERTEX_POINT('',#14764);
#4015=VERTEX_POINT('',#14769);
#4016=VERTEX_POINT('',#14770);
#4017=VERTEX_POINT('',#14775);
#4018=VERTEX_POINT('',#14776);
#4019=VERTEX_POINT('',#14781);
#4020=VERTEX_POINT('',#14782);
#4021=VERTEX_POINT('',#14787);
#4022=VERTEX_POINT('',#14788);
#4023=VERTEX_POINT('',#14793);
#4024=VERTEX_POINT('',#14794);
#4025=VERTEX_POINT('',#14799);
#4026=VERTEX_POINT('',#14800);
#4027=VERTEX_POINT('',#14805);
#4028=VERTEX_POINT('',#14806);
#4029=VERTEX_POINT('',#14811);
#4030=VERTEX_POINT('',#14812);
#4031=VERTEX_POINT('',#14817);
#4032=VERTEX_POINT('',#14818);
#4033=VERTEX_POINT('',#14823);
#4034=VERTEX_POINT('',#14825);
#4035=VERTEX_POINT('',#14827);
#4036=VERTEX_POINT('',#14829);
#4037=VERTEX_POINT('',#14831);
#4038=VERTEX_POINT('',#14833);
#4039=VERTEX_POINT('',#14835);
#4040=VERTEX_POINT('',#14838);
#4041=VERTEX_POINT('',#14840);
#4042=VERTEX_POINT('',#14843);
#4043=VERTEX_POINT('',#14845);
#4044=VERTEX_POINT('',#14848);
#4045=VERTEX_POINT('',#14850);
#4046=VERTEX_POINT('',#14853);
#4047=VERTEX_POINT('',#14855);
#4048=VERTEX_POINT('',#14858);
#4049=VERTEX_POINT('',#14860);
#4050=VERTEX_POINT('',#14863);
#4051=VERTEX_POINT('',#14865);
#4052=VERTEX_POINT('',#14868);
#4053=VERTEX_POINT('',#14870);
#4054=VERTEX_POINT('',#14873);
#4055=VERTEX_POINT('',#14875);
#4056=VERTEX_POINT('',#14878);
#4057=VERTEX_POINT('',#14880);
#4058=VERTEX_POINT('',#14883);
#4059=VERTEX_POINT('',#14885);
#4060=VERTEX_POINT('',#14888);
#4061=VERTEX_POINT('',#14890);
#4062=VERTEX_POINT('',#14893);
#4063=VERTEX_POINT('',#14895);
#4064=VERTEX_POINT('',#14898);
#4065=VERTEX_POINT('',#14900);
#4066=VERTEX_POINT('',#14903);
#4067=VERTEX_POINT('',#14905);
#4068=VERTEX_POINT('',#14908);
#4069=VERTEX_POINT('',#14910);
#4070=VERTEX_POINT('',#14913);
#4071=VERTEX_POINT('',#14916);
#4072=VERTEX_POINT('',#14919);
#4073=VERTEX_POINT('',#14923);
#4074=VERTEX_POINT('',#14927);
#4075=VERTEX_POINT('',#14929);
#4076=VERTEX_POINT('',#14937);
#4077=VERTEX_POINT('',#14941);
#4078=VERTEX_POINT('',#14945);
#4079=VERTEX_POINT('',#14949);
#4080=VERTEX_POINT('',#14955);
#4081=VERTEX_POINT('',#14959);
#4082=VERTEX_POINT('',#14963);
#4083=VERTEX_POINT('',#14967);
#4084=VERTEX_POINT('',#14973);
#4085=VERTEX_POINT('',#14977);
#4086=VERTEX_POINT('',#14981);
#4087=VERTEX_POINT('',#14985);
#4088=VERTEX_POINT('',#14991);
#4089=VERTEX_POINT('',#14995);
#4090=VERTEX_POINT('',#14999);
#4091=VERTEX_POINT('',#15003);
#4092=VERTEX_POINT('',#15009);
#4093=VERTEX_POINT('',#15013);
#4094=VERTEX_POINT('',#15017);
#4095=VERTEX_POINT('',#15021);
#4096=VERTEX_POINT('',#15027);
#4097=VERTEX_POINT('',#15031);
#4098=VERTEX_POINT('',#15035);
#4099=VERTEX_POINT('',#15039);
#4100=VERTEX_POINT('',#15045);
#4101=VERTEX_POINT('',#15049);
#4102=VERTEX_POINT('',#15053);
#4103=VERTEX_POINT('',#15057);
#4104=VERTEX_POINT('',#15063);
#4105=VERTEX_POINT('',#15067);
#4106=VERTEX_POINT('',#15071);
#4107=VERTEX_POINT('',#15075);
#4108=VERTEX_POINT('',#15081);
#4109=VERTEX_POINT('',#15085);
#4110=VERTEX_POINT('',#15089);
#4111=VERTEX_POINT('',#15093);
#4112=VERTEX_POINT('',#15099);
#4113=VERTEX_POINT('',#15103);
#4114=VERTEX_POINT('',#15107);
#4115=VERTEX_POINT('',#15111);
#4116=VERTEX_POINT('',#15117);
#4117=VERTEX_POINT('',#15121);
#4118=VERTEX_POINT('',#15125);
#4119=VERTEX_POINT('',#15129);
#4120=VERTEX_POINT('',#15135);
#4121=VERTEX_POINT('',#15139);
#4122=VERTEX_POINT('',#15143);
#4123=VERTEX_POINT('',#15147);
#4124=VERTEX_POINT('',#15153);
#4125=VERTEX_POINT('',#15157);
#4126=VERTEX_POINT('',#15161);
#4127=VERTEX_POINT('',#15165);
#4128=VERTEX_POINT('',#15171);
#4129=VERTEX_POINT('',#15175);
#4130=VERTEX_POINT('',#15179);
#4131=VERTEX_POINT('',#15183);
#4132=VERTEX_POINT('',#15189);
#4133=VERTEX_POINT('',#15193);
#4134=VERTEX_POINT('',#15197);
#4135=VERTEX_POINT('',#15201);
#4136=VERTEX_POINT('',#15207);
#4137=VERTEX_POINT('',#15211);
#4138=VERTEX_POINT('',#15215);
#4139=VERTEX_POINT('',#15219);
#4140=VERTEX_POINT('',#15228);
#4141=VERTEX_POINT('',#15232);
#4142=VERTEX_POINT('',#15236);
#4143=VERTEX_POINT('',#15240);
#4144=VERTEX_POINT('',#15246);
#4145=VERTEX_POINT('',#15248);
#4146=VERTEX_POINT('',#15250);
#4147=VERTEX_POINT('',#15252);
#4148=VERTEX_POINT('',#15254);
#4149=VERTEX_POINT('',#15256);
#4150=VERTEX_POINT('',#15260);
#4151=VERTEX_POINT('',#15262);
#4152=VERTEX_POINT('',#15264);
#4153=VERTEX_POINT('',#15266);
#4154=VERTEX_POINT('',#15268);
#4155=VERTEX_POINT('',#15270);
#4156=VERTEX_POINT('',#15274);
#4157=VERTEX_POINT('',#15276);
#4158=VERTEX_POINT('',#15278);
#4159=VERTEX_POINT('',#15280);
#4160=VERTEX_POINT('',#15282);
#4161=VERTEX_POINT('',#15284);
#4162=VERTEX_POINT('',#15288);
#4163=VERTEX_POINT('',#15290);
#4164=VERTEX_POINT('',#15292);
#4165=VERTEX_POINT('',#15294);
#4166=VERTEX_POINT('',#15296);
#4167=VERTEX_POINT('',#15298);
#4168=VERTEX_POINT('',#15302);
#4169=VERTEX_POINT('',#15304);
#4170=VERTEX_POINT('',#15306);
#4171=VERTEX_POINT('',#15308);
#4172=VERTEX_POINT('',#15310);
#4173=VERTEX_POINT('',#15312);
#4174=VERTEX_POINT('',#15316);
#4175=VERTEX_POINT('',#15318);
#4176=VERTEX_POINT('',#15320);
#4177=VERTEX_POINT('',#15322);
#4178=VERTEX_POINT('',#15324);
#4179=VERTEX_POINT('',#15326);
#4180=VERTEX_POINT('',#15330);
#4181=VERTEX_POINT('',#15332);
#4182=VERTEX_POINT('',#15334);
#4183=VERTEX_POINT('',#15336);
#4184=VERTEX_POINT('',#15338);
#4185=VERTEX_POINT('',#15340);
#4186=VERTEX_POINT('',#15344);
#4187=VERTEX_POINT('',#15346);
#4188=VERTEX_POINT('',#15348);
#4189=VERTEX_POINT('',#15350);
#4190=VERTEX_POINT('',#15352);
#4191=VERTEX_POINT('',#15354);
#4192=VERTEX_POINT('',#15358);
#4193=VERTEX_POINT('',#15360);
#4194=VERTEX_POINT('',#15362);
#4195=VERTEX_POINT('',#15364);
#4196=VERTEX_POINT('',#15366);
#4197=VERTEX_POINT('',#15368);
#4198=VERTEX_POINT('',#15372);
#4199=VERTEX_POINT('',#15374);
#4200=VERTEX_POINT('',#15376);
#4201=VERTEX_POINT('',#15378);
#4202=VERTEX_POINT('',#15380);
#4203=VERTEX_POINT('',#15382);
#4204=VERTEX_POINT('',#15386);
#4205=VERTEX_POINT('',#15388);
#4206=VERTEX_POINT('',#15390);
#4207=VERTEX_POINT('',#15392);
#4208=VERTEX_POINT('',#15394);
#4209=VERTEX_POINT('',#15396);
#4210=VERTEX_POINT('',#15400);
#4211=VERTEX_POINT('',#15402);
#4212=VERTEX_POINT('',#15404);
#4213=VERTEX_POINT('',#15406);
#4214=VERTEX_POINT('',#15408);
#4215=VERTEX_POINT('',#15410);
#4216=VERTEX_POINT('',#15414);
#4217=VERTEX_POINT('',#15416);
#4218=VERTEX_POINT('',#15418);
#4219=VERTEX_POINT('',#15420);
#4220=VERTEX_POINT('',#15422);
#4221=VERTEX_POINT('',#15424);
#4222=VERTEX_POINT('',#15428);
#4223=VERTEX_POINT('',#15430);
#4224=VERTEX_POINT('',#15432);
#4225=VERTEX_POINT('',#15434);
#4226=VERTEX_POINT('',#15436);
#4227=VERTEX_POINT('',#15438);
#4228=VERTEX_POINT('',#15442);
#4229=VERTEX_POINT('',#15444);
#4230=VERTEX_POINT('',#15446);
#4231=VERTEX_POINT('',#15448);
#4232=VERTEX_POINT('',#15450);
#4233=VERTEX_POINT('',#15452);
#4234=VERTEX_POINT('',#15456);
#4235=VERTEX_POINT('',#15458);
#4236=VERTEX_POINT('',#15460);
#4237=VERTEX_POINT('',#15462);
#4238=VERTEX_POINT('',#15464);
#4239=VERTEX_POINT('',#15466);
#4240=VERTEX_POINT('',#15470);
#4241=VERTEX_POINT('',#15472);
#4242=VERTEX_POINT('',#15474);
#4243=VERTEX_POINT('',#15476);
#4244=VERTEX_POINT('',#15478);
#4245=VERTEX_POINT('',#15480);
#4246=VERTEX_POINT('',#15484);
#4247=VERTEX_POINT('',#15490);
#4248=VERTEX_POINT('',#15492);
#4249=VERTEX_POINT('',#15498);
#4250=VERTEX_POINT('',#15500);
#4251=VERTEX_POINT('',#15506);
#4252=VERTEX_POINT('',#15508);
#4253=VERTEX_POINT('',#15514);
#4254=VERTEX_POINT('',#15516);
#4255=VERTEX_POINT('',#15522);
#4256=VERTEX_POINT('',#15524);
#4257=VERTEX_POINT('',#15530);
#4258=VERTEX_POINT('',#15532);
#4259=VERTEX_POINT('',#15538);
#4260=VERTEX_POINT('',#15540);
#4261=VERTEX_POINT('',#15546);
#4262=VERTEX_POINT('',#15548);
#4263=VERTEX_POINT('',#15552);
#4264=VERTEX_POINT('',#15554);
#4265=VERTEX_POINT('',#15556);
#4266=VERTEX_POINT('',#15558);
#4267=VERTEX_POINT('',#15560);
#4268=VERTEX_POINT('',#15564);
#4269=VERTEX_POINT('',#15565);
#4270=VERTEX_POINT('',#15567);
#4271=VERTEX_POINT('',#15569);
#4272=VERTEX_POINT('',#15573);
#4273=VERTEX_POINT('',#15575);
#4274=VERTEX_POINT('',#15579);
#4275=VERTEX_POINT('',#15581);
#4276=VERTEX_POINT('',#15583);
#4277=VERTEX_POINT('',#15585);
#4278=VERTEX_POINT('',#15587);
#4279=VERTEX_POINT('',#15589);
#4280=VERTEX_POINT('',#15591);
#4281=VERTEX_POINT('',#15593);
#4282=VERTEX_POINT('',#15595);
#4283=VERTEX_POINT('',#15597);
#4284=VERTEX_POINT('',#15600);
#4285=VERTEX_POINT('',#15602);
#4286=VERTEX_POINT('',#15604);
#4287=VERTEX_POINT('',#15606);
#4288=VERTEX_POINT('',#15608);
#4289=VERTEX_POINT('',#15610);
#4290=VERTEX_POINT('',#15612);
#4291=VERTEX_POINT('',#15614);
#4292=VERTEX_POINT('',#15616);
#4293=VERTEX_POINT('',#15618);
#4294=VERTEX_POINT('',#15620);
#4295=VERTEX_POINT('',#15622);
#4296=VERTEX_POINT('',#15624);
#4297=VERTEX_POINT('',#15626);
#4298=VERTEX_POINT('',#15628);
#4299=VERTEX_POINT('',#15630);
#4300=VERTEX_POINT('',#15633);
#4301=VERTEX_POINT('',#15635);
#4302=VERTEX_POINT('',#15637);
#4303=VERTEX_POINT('',#15639);
#4304=VERTEX_POINT('',#15641);
#4305=VERTEX_POINT('',#15643);
#4306=VERTEX_POINT('',#15645);
#4307=VERTEX_POINT('',#15647);
#4308=VERTEX_POINT('',#15649);
#4309=VERTEX_POINT('',#15651);
#4310=VERTEX_POINT('',#15653);
#4311=VERTEX_POINT('',#15655);
#4312=VERTEX_POINT('',#15657);
#4313=VERTEX_POINT('',#15659);
#4314=VERTEX_POINT('',#15661);
#4315=VERTEX_POINT('',#15663);
#4316=VERTEX_POINT('',#15666);
#4317=VERTEX_POINT('',#15668);
#4318=VERTEX_POINT('',#15670);
#4319=VERTEX_POINT('',#15672);
#4320=VERTEX_POINT('',#15674);
#4321=VERTEX_POINT('',#15676);
#4322=VERTEX_POINT('',#15678);
#4323=VERTEX_POINT('',#15680);
#4324=VERTEX_POINT('',#15682);
#4325=VERTEX_POINT('',#15684);
#4326=VERTEX_POINT('',#15686);
#4327=VERTEX_POINT('',#15688);
#4328=VERTEX_POINT('',#15690);
#4329=VERTEX_POINT('',#15692);
#4330=VERTEX_POINT('',#15694);
#4331=VERTEX_POINT('',#15696);
#4332=VERTEX_POINT('',#15699);
#4333=VERTEX_POINT('',#15701);
#4334=VERTEX_POINT('',#15703);
#4335=VERTEX_POINT('',#15705);
#4336=VERTEX_POINT('',#15707);
#4337=VERTEX_POINT('',#15709);
#4338=VERTEX_POINT('',#15711);
#4339=VERTEX_POINT('',#15713);
#4340=VERTEX_POINT('',#15715);
#4341=VERTEX_POINT('',#15717);
#4342=VERTEX_POINT('',#15719);
#4343=VERTEX_POINT('',#15721);
#4344=VERTEX_POINT('',#15723);
#4345=VERTEX_POINT('',#15725);
#4346=VERTEX_POINT('',#15727);
#4347=VERTEX_POINT('',#15729);
#4348=VERTEX_POINT('',#15732);
#4349=VERTEX_POINT('',#15734);
#4350=VERTEX_POINT('',#15736);
#4351=VERTEX_POINT('',#15738);
#4352=VERTEX_POINT('',#15740);
#4353=VERTEX_POINT('',#15742);
#4354=VERTEX_POINT('',#15744);
#4355=VERTEX_POINT('',#15746);
#4356=VERTEX_POINT('',#15748);
#4357=VERTEX_POINT('',#15750);
#4358=VERTEX_POINT('',#15752);
#4359=VERTEX_POINT('',#15754);
#4360=VERTEX_POINT('',#15756);
#4361=VERTEX_POINT('',#15758);
#4362=VERTEX_POINT('',#15760);
#4363=VERTEX_POINT('',#15762);
#4364=VERTEX_POINT('',#15765);
#4365=VERTEX_POINT('',#15767);
#4366=VERTEX_POINT('',#15769);
#4367=VERTEX_POINT('',#15771);
#4368=VERTEX_POINT('',#15773);
#4369=VERTEX_POINT('',#15775);
#4370=VERTEX_POINT('',#15777);
#4371=VERTEX_POINT('',#15779);
#4372=VERTEX_POINT('',#15781);
#4373=VERTEX_POINT('',#15783);
#4374=VERTEX_POINT('',#15785);
#4375=VERTEX_POINT('',#15787);
#4376=VERTEX_POINT('',#15789);
#4377=VERTEX_POINT('',#15791);
#4378=VERTEX_POINT('',#15793);
#4379=VERTEX_POINT('',#15795);
#4380=VERTEX_POINT('',#15797);
#4381=VERTEX_POINT('',#15799);
#4382=VERTEX_POINT('',#15801);
#4383=VERTEX_POINT('',#15803);
#4384=VERTEX_POINT('',#15805);
#4385=VERTEX_POINT('',#15807);
#4386=VERTEX_POINT('',#15809);
#4387=VERTEX_POINT('',#15811);
#4388=VERTEX_POINT('',#15813);
#4389=VERTEX_POINT('',#15815);
#4390=VERTEX_POINT('',#15817);
#4391=VERTEX_POINT('',#15820);
#4392=VERTEX_POINT('',#15822);
#4393=VERTEX_POINT('',#15824);
#4394=VERTEX_POINT('',#15826);
#4395=VERTEX_POINT('',#15829);
#4396=VERTEX_POINT('',#15831);
#4397=VERTEX_POINT('',#15833);
#4398=VERTEX_POINT('',#15835);
#4399=VERTEX_POINT('',#15838);
#4400=VERTEX_POINT('',#15840);
#4401=VERTEX_POINT('',#15843);
#4402=VERTEX_POINT('',#15845);
#4403=VERTEX_POINT('',#15847);
#4404=VERTEX_POINT('',#15849);
#4405=VERTEX_POINT('',#15852);
#4406=VERTEX_POINT('',#15854);
#4407=VERTEX_POINT('',#15856);
#4408=VERTEX_POINT('',#15858);
#4409=VERTEX_POINT('',#15861);
#4410=VERTEX_POINT('',#15863);
#4411=VERTEX_POINT('',#15866);
#4412=VERTEX_POINT('',#15868);
#4413=VERTEX_POINT('',#15870);
#4414=VERTEX_POINT('',#15872);
#4415=VERTEX_POINT('',#15875);
#4416=VERTEX_POINT('',#15877);
#4417=VERTEX_POINT('',#15879);
#4418=VERTEX_POINT('',#15881);
#4419=VERTEX_POINT('',#15884);
#4420=VERTEX_POINT('',#15886);
#4421=VERTEX_POINT('',#15889);
#4422=VERTEX_POINT('',#15891);
#4423=VERTEX_POINT('',#15893);
#4424=VERTEX_POINT('',#15895);
#4425=VERTEX_POINT('',#15898);
#4426=VERTEX_POINT('',#15900);
#4427=VERTEX_POINT('',#15902);
#4428=VERTEX_POINT('',#15904);
#4429=VERTEX_POINT('',#15907);
#4430=VERTEX_POINT('',#15909);
#4431=VERTEX_POINT('',#15912);
#4432=VERTEX_POINT('',#15914);
#4433=VERTEX_POINT('',#15916);
#4434=VERTEX_POINT('',#15918);
#4435=VERTEX_POINT('',#15921);
#4436=VERTEX_POINT('',#15923);
#4437=VERTEX_POINT('',#15925);
#4438=VERTEX_POINT('',#15927);
#4439=VERTEX_POINT('',#15930);
#4440=VERTEX_POINT('',#15932);
#4441=VERTEX_POINT('',#15935);
#4442=VERTEX_POINT('',#15937);
#4443=VERTEX_POINT('',#15939);
#4444=VERTEX_POINT('',#15941);
#4445=VERTEX_POINT('',#15944);
#4446=VERTEX_POINT('',#15946);
#4447=VERTEX_POINT('',#15948);
#4448=VERTEX_POINT('',#15950);
#4449=VERTEX_POINT('',#15953);
#4450=VERTEX_POINT('',#15955);
#4451=VERTEX_POINT('',#15958);
#4452=VERTEX_POINT('',#15960);
#4453=VERTEX_POINT('',#15962);
#4454=VERTEX_POINT('',#15964);
#4455=VERTEX_POINT('',#15967);
#4456=VERTEX_POINT('',#15969);
#4457=VERTEX_POINT('',#15971);
#4458=VERTEX_POINT('',#15973);
#4459=VERTEX_POINT('',#15976);
#4460=VERTEX_POINT('',#15978);
#4461=VERTEX_POINT('',#15981);
#4462=VERTEX_POINT('',#15983);
#4463=VERTEX_POINT('',#15985);
#4464=VERTEX_POINT('',#15987);
#4465=VERTEX_POINT('',#15990);
#4466=VERTEX_POINT('',#15992);
#4467=VERTEX_POINT('',#15994);
#4468=VERTEX_POINT('',#15996);
#4469=VERTEX_POINT('',#15999);
#4470=VERTEX_POINT('',#16001);
#4471=VERTEX_POINT('',#16004);
#4472=VERTEX_POINT('',#16006);
#4473=VERTEX_POINT('',#16008);
#4474=VERTEX_POINT('',#16010);
#4475=VERTEX_POINT('',#16013);
#4476=VERTEX_POINT('',#16015);
#4477=VERTEX_POINT('',#16017);
#4478=VERTEX_POINT('',#16019);
#4479=VERTEX_POINT('',#16022);
#4480=VERTEX_POINT('',#16024);
#4481=VERTEX_POINT('',#16026);
#4482=VERTEX_POINT('',#16028);
#4483=VERTEX_POINT('',#16030);
#4484=VERTEX_POINT('',#16032);
#4485=VERTEX_POINT('',#16034);
#4486=VERTEX_POINT('',#16036);
#4487=VERTEX_POINT('',#16038);
#4488=VERTEX_POINT('',#16041);
#4489=VERTEX_POINT('',#16043);
#4490=VERTEX_POINT('',#16045);
#4491=VERTEX_POINT('',#16047);
#4492=VERTEX_POINT('',#16049);
#4493=VERTEX_POINT('',#16051);
#4494=VERTEX_POINT('',#16053);
#4495=VERTEX_POINT('',#16055);
#4496=VERTEX_POINT('',#16057);
#4497=VERTEX_POINT('',#16059);
#4498=VERTEX_POINT('',#16061);
#4499=VERTEX_POINT('',#16063);
#4500=VERTEX_POINT('',#16065);
#4501=VERTEX_POINT('',#16067);
#4502=VERTEX_POINT('',#16069);
#4503=VERTEX_POINT('',#16071);
#4504=VERTEX_POINT('',#16074);
#4505=VERTEX_POINT('',#16076);
#4506=VERTEX_POINT('',#16078);
#4507=VERTEX_POINT('',#16081);
#4508=VERTEX_POINT('',#16084);
#4509=VERTEX_POINT('',#16086);
#4510=VERTEX_POINT('',#16090);
#4511=VERTEX_POINT('',#16095);
#4512=VERTEX_POINT('',#16097);
#4513=VERTEX_POINT('',#16104);
#4514=VERTEX_POINT('',#16108);
#4515=VERTEX_POINT('',#16112);
#4516=VERTEX_POINT('',#16114);
#4517=VERTEX_POINT('',#16118);
#4518=VERTEX_POINT('',#16122);
#4519=VERTEX_POINT('',#16124);
#4520=VERTEX_POINT('',#16128);
#4521=VERTEX_POINT('',#16133);
#4522=VERTEX_POINT('',#16135);
#4523=VERTEX_POINT('',#16142);
#4524=VERTEX_POINT('',#16146);
#4525=VERTEX_POINT('',#16150);
#4526=VERTEX_POINT('',#16152);
#4527=VERTEX_POINT('',#16156);
#4528=VERTEX_POINT('',#16160);
#4529=VERTEX_POINT('',#16162);
#4530=VERTEX_POINT('',#16166);
#4531=VERTEX_POINT('',#16171);
#4532=VERTEX_POINT('',#16173);
#4533=VERTEX_POINT('',#16180);
#4534=VERTEX_POINT('',#16184);
#4535=VERTEX_POINT('',#16188);
#4536=VERTEX_POINT('',#16190);
#4537=VERTEX_POINT('',#16194);
#4538=VERTEX_POINT('',#16198);
#4539=VERTEX_POINT('',#16200);
#4540=VERTEX_POINT('',#16204);
#4541=VERTEX_POINT('',#16209);
#4542=VERTEX_POINT('',#16211);
#4543=VERTEX_POINT('',#16218);
#4544=VERTEX_POINT('',#16222);
#4545=VERTEX_POINT('',#16226);
#4546=VERTEX_POINT('',#16228);
#4547=VERTEX_POINT('',#16232);
#4548=VERTEX_POINT('',#16236);
#4549=VERTEX_POINT('',#16238);
#4550=VERTEX_POINT('',#16242);
#4551=VERTEX_POINT('',#16247);
#4552=VERTEX_POINT('',#16249);
#4553=VERTEX_POINT('',#16256);
#4554=VERTEX_POINT('',#16260);
#4555=VERTEX_POINT('',#16264);
#4556=VERTEX_POINT('',#16266);
#4557=VERTEX_POINT('',#16270);
#4558=VERTEX_POINT('',#16274);
#4559=VERTEX_POINT('',#16276);
#4560=VERTEX_POINT('',#16280);
#4561=VERTEX_POINT('',#16285);
#4562=VERTEX_POINT('',#16287);
#4563=VERTEX_POINT('',#16294);
#4564=VERTEX_POINT('',#16298);
#4565=VERTEX_POINT('',#16302);
#4566=VERTEX_POINT('',#16304);
#4567=VERTEX_POINT('',#16308);
#4568=VERTEX_POINT('',#16312);
#4569=VERTEX_POINT('',#16314);
#4570=VERTEX_POINT('',#16319);
#4571=VERTEX_POINT('',#16324);
#4572=VERTEX_POINT('',#16326);
#4573=VERTEX_POINT('',#16333);
#4574=VERTEX_POINT('',#16337);
#4575=VERTEX_POINT('',#16341);
#4576=VERTEX_POINT('',#16343);
#4577=VERTEX_POINT('',#16347);
#4578=VERTEX_POINT('',#16351);
#4579=VERTEX_POINT('',#16355);
#4580=VERTEX_POINT('',#16357);
#4581=VERTEX_POINT('',#16365);
#4582=VERTEX_POINT('',#16369);
#4583=VERTEX_POINT('',#16373);
#4584=VERTEX_POINT('',#16377);
#4585=VERTEX_POINT('',#16381);
#4586=VERTEX_POINT('',#16385);
#4587=VERTEX_POINT('',#16389);
#4588=VERTEX_POINT('',#16393);
#4589=VERTEX_POINT('',#16397);
#4590=VERTEX_POINT('',#16401);
#4591=VERTEX_POINT('',#16405);
#4592=VERTEX_POINT('',#16409);
#4593=VERTEX_POINT('',#16413);
#4594=VERTEX_POINT('',#16417);
#4595=VERTEX_POINT('',#16421);
#4596=VERTEX_POINT('',#16425);
#4597=VERTEX_POINT('',#16429);
#4598=VERTEX_POINT('',#16433);
#4599=VERTEX_POINT('',#16437);
#4600=VERTEX_POINT('',#16441);
#4601=VERTEX_POINT('',#16445);
#4602=VERTEX_POINT('',#16449);
#4603=VERTEX_POINT('',#16453);
#4604=VERTEX_POINT('',#16457);
#4605=VERTEX_POINT('',#16461);
#4606=VERTEX_POINT('',#16465);
#4607=VERTEX_POINT('',#16469);
#4608=VERTEX_POINT('',#16473);
#4609=VERTEX_POINT('',#16477);
#4610=VERTEX_POINT('',#16481);
#4611=VERTEX_POINT('',#16485);
#4612=VERTEX_POINT('',#16489);
#4613=VERTEX_POINT('',#16493);
#4614=VERTEX_POINT('',#16497);
#4615=VERTEX_POINT('',#16501);
#4616=VERTEX_POINT('',#16505);
#4617=VERTEX_POINT('',#16509);
#4618=VERTEX_POINT('',#16513);
#4619=VERTEX_POINT('',#16517);
#4620=VERTEX_POINT('',#16521);
#4621=VERTEX_POINT('',#16525);
#4622=VERTEX_POINT('',#16529);
#4623=VERTEX_POINT('',#16533);
#4624=VERTEX_POINT('',#16537);
#4625=VERTEX_POINT('',#16541);
#4626=VERTEX_POINT('',#16545);
#4627=VERTEX_POINT('',#16549);
#4628=VERTEX_POINT('',#16553);
#4629=VERTEX_POINT('',#16557);
#4630=VERTEX_POINT('',#16561);
#4631=VERTEX_POINT('',#16565);
#4632=VERTEX_POINT('',#16569);
#4633=VERTEX_POINT('',#16573);
#4634=VERTEX_POINT('',#16575);
#4635=VERTEX_POINT('',#16579);
#4636=VERTEX_POINT('',#16584);
#4637=VERTEX_POINT('',#16588);
#4638=VERTEX_POINT('',#16592);
#4639=VERTEX_POINT('',#16596);
#4640=VERTEX_POINT('',#16602);
#4641=VERTEX_POINT('',#16615);
#4642=VERTEX_POINT('',#16621);
#4643=VERTEX_POINT('',#16634);
#4644=VERTEX_POINT('',#16640);
#4645=VERTEX_POINT('',#16653);
#4646=VERTEX_POINT('',#16659);
#4647=VERTEX_POINT('',#16672);
#4648=VERTEX_POINT('',#16678);
#4649=VERTEX_POINT('',#16691);
#4650=VERTEX_POINT('',#16697);
#4651=VERTEX_POINT('',#16710);
#4652=VERTEX_POINT('',#16716);
#4653=VERTEX_POINT('',#16729);
#4654=VERTEX_POINT('',#16735);
#4655=VERTEX_POINT('',#16748);
#4656=VERTEX_POINT('',#16754);
#4657=VERTEX_POINT('',#16767);
#4658=VERTEX_POINT('',#16773);
#4659=VERTEX_POINT('',#16786);
#4660=VERTEX_POINT('',#16792);
#4661=VERTEX_POINT('',#16805);
#4662=VERTEX_POINT('',#16811);
#4663=VERTEX_POINT('',#16824);
#4664=VERTEX_POINT('',#16830);
#4665=VERTEX_POINT('',#16843);
#4666=VERTEX_POINT('',#16849);
#4667=VERTEX_POINT('',#16862);
#4668=VERTEX_POINT('',#16868);
#4669=VERTEX_POINT('',#16881);
#4670=VERTEX_POINT('',#16887);
#4671=VERTEX_POINT('',#16902);
#4672=VERTEX_POINT('',#16904);
#4673=VERTEX_POINT('',#16920);
#4674=VERTEX_POINT('',#16922);
#4675=VERTEX_POINT('',#16926);
#4676=VERTEX_POINT('',#16930);
#4677=VERTEX_POINT('',#16932);
#4678=VERTEX_POINT('',#16936);
#4679=VERTEX_POINT('',#16941);
#4680=VERTEX_POINT('',#16943);
#4681=VERTEX_POINT('',#16947);
#4682=VERTEX_POINT('',#16951);
#4683=VERTEX_POINT('',#16955);
#4684=VERTEX_POINT('',#16962);
#4685=EDGE_CURVE('',#3727,#3728,#3303,.T.);
#4686=EDGE_CURVE('',#3728,#3729,#1457,.T.);
#4687=EDGE_CURVE('',#3729,#3730,#1421,.T.);
#4688=EDGE_CURVE('',#3730,#3727,#1458,.T.);
#4689=EDGE_CURVE('',#3731,#3732,#3304,.T.);
#4690=EDGE_CURVE('',#3732,#3728,#3305,.T.);
#4691=EDGE_CURVE('',#3727,#3731,#3306,.T.);
#4692=EDGE_CURVE('',#3733,#3734,#3307,.T.);
#4693=EDGE_CURVE('',#3734,#3732,#1459,.T.);
#4694=EDGE_CURVE('',#3731,#3733,#1460,.T.);
#4695=EDGE_CURVE('',#3735,#3736,#3308,.T.);
#4696=EDGE_CURVE('',#3736,#3734,#3309,.T.);
#4697=EDGE_CURVE('',#3733,#3735,#3310,.T.);
#4698=EDGE_CURVE('',#3737,#3738,#1422,.T.);
#4699=EDGE_CURVE('',#3738,#3736,#1461,.T.);
#4700=EDGE_CURVE('',#3735,#3737,#1462,.T.);
#4701=EDGE_CURVE('',#3730,#3737,#3311,.T.);
#4702=EDGE_CURVE('',#3739,#3740,#3312,.T.);
#4703=EDGE_CURVE('',#3740,#3741,#1463,.T.);
#4704=EDGE_CURVE('',#3741,#3742,#1423,.T.);
#4705=EDGE_CURVE('',#3742,#3739,#1464,.T.);
#4706=EDGE_CURVE('',#3743,#3744,#3313,.T.);
#4707=EDGE_CURVE('',#3744,#3740,#3314,.T.);
#4708=EDGE_CURVE('',#3739,#3743,#3315,.T.);
#4709=EDGE_CURVE('',#3745,#3746,#3316,.T.);
#4710=EDGE_CURVE('',#3746,#3744,#1465,.T.);
#4711=EDGE_CURVE('',#3743,#3745,#1466,.T.);
#4712=EDGE_CURVE('',#3747,#3748,#3317,.T.);
#4713=EDGE_CURVE('',#3748,#3746,#3318,.T.);
#4714=EDGE_CURVE('',#3745,#3747,#3319,.T.);
#4715=EDGE_CURVE('',#3749,#3750,#1424,.T.);
#4716=EDGE_CURVE('',#3750,#3748,#1467,.T.);
#4717=EDGE_CURVE('',#3747,#3749,#1468,.T.);
#4718=EDGE_CURVE('',#3742,#3749,#3320,.T.);
#4719=EDGE_CURVE('',#3751,#3752,#3321,.T.);
#4720=EDGE_CURVE('',#3752,#3753,#1469,.T.);
#4721=EDGE_CURVE('',#3753,#3754,#1425,.T.);
#4722=EDGE_CURVE('',#3754,#3751,#1470,.T.);
#4723=EDGE_CURVE('',#3755,#3756,#3322,.T.);
#4724=EDGE_CURVE('',#3756,#3752,#3323,.T.);
#4725=EDGE_CURVE('',#3751,#3755,#3324,.T.);
#4726=EDGE_CURVE('',#3757,#3758,#3325,.T.);
#4727=EDGE_CURVE('',#3758,#3756,#1471,.T.);
#4728=EDGE_CURVE('',#3755,#3757,#1472,.T.);
#4729=EDGE_CURVE('',#3759,#3760,#3326,.T.);
#4730=EDGE_CURVE('',#3760,#3758,#3327,.T.);
#4731=EDGE_CURVE('',#3757,#3759,#3328,.T.);
#4732=EDGE_CURVE('',#3761,#3762,#1426,.T.);
#4733=EDGE_CURVE('',#3762,#3760,#1473,.T.);
#4734=EDGE_CURVE('',#3759,#3761,#1474,.T.);
#4735=EDGE_CURVE('',#3754,#3761,#3329,.T.);
#4736=EDGE_CURVE('',#3763,#3764,#3330,.T.);
#4737=EDGE_CURVE('',#3764,#3765,#1475,.T.);
#4738=EDGE_CURVE('',#3765,#3766,#1427,.T.);
#4739=EDGE_CURVE('',#3766,#3763,#1476,.T.);
#4740=EDGE_CURVE('',#3767,#3768,#3331,.T.);
#4741=EDGE_CURVE('',#3768,#3764,#3332,.T.);
#4742=EDGE_CURVE('',#3763,#3767,#3333,.T.);
#4743=EDGE_CURVE('',#3769,#3770,#3334,.T.);
#4744=EDGE_CURVE('',#3770,#3768,#1477,.T.);
#4745=EDGE_CURVE('',#3767,#3769,#1478,.T.);
#4746=EDGE_CURVE('',#3771,#3772,#3335,.T.);
#4747=EDGE_CURVE('',#3772,#3770,#3336,.T.);
#4748=EDGE_CURVE('',#3769,#3771,#3337,.T.);
#4749=EDGE_CURVE('',#3773,#3774,#1428,.T.);
#4750=EDGE_CURVE('',#3774,#3772,#1479,.T.);
#4751=EDGE_CURVE('',#3771,#3773,#1480,.T.);
#4752=EDGE_CURVE('',#3766,#3773,#3338,.T.);
#4753=EDGE_CURVE('',#3775,#3776,#3339,.T.);
#4754=EDGE_CURVE('',#3776,#3777,#1481,.T.);
#4755=EDGE_CURVE('',#3777,#3778,#1429,.T.);
#4756=EDGE_CURVE('',#3778,#3775,#1482,.T.);
#4757=EDGE_CURVE('',#3779,#3780,#3340,.T.);
#4758=EDGE_CURVE('',#3780,#3776,#3341,.T.);
#4759=EDGE_CURVE('',#3775,#3779,#3342,.T.);
#4760=EDGE_CURVE('',#3781,#3782,#3343,.T.);
#4761=EDGE_CURVE('',#3782,#3780,#1483,.T.);
#4762=EDGE_CURVE('',#3779,#3781,#1484,.T.);
#4763=EDGE_CURVE('',#3783,#3784,#3344,.T.);
#4764=EDGE_CURVE('',#3784,#3782,#3345,.T.);
#4765=EDGE_CURVE('',#3781,#3783,#3346,.T.);
#4766=EDGE_CURVE('',#3785,#3786,#1430,.T.);
#4767=EDGE_CURVE('',#3786,#3784,#1485,.T.);
#4768=EDGE_CURVE('',#3783,#3785,#1486,.T.);
#4769=EDGE_CURVE('',#3778,#3785,#3347,.T.);
#4770=EDGE_CURVE('',#3787,#3788,#3348,.T.);
#4771=EDGE_CURVE('',#3788,#3789,#1487,.T.);
#4772=EDGE_CURVE('',#3789,#3790,#1431,.T.);
#4773=EDGE_CURVE('',#3790,#3787,#1488,.T.);
#4774=EDGE_CURVE('',#3791,#3792,#3349,.T.);
#4775=EDGE_CURVE('',#3792,#3788,#3350,.T.);
#4776=EDGE_CURVE('',#3787,#3791,#3351,.T.);
#4777=EDGE_CURVE('',#3793,#3794,#3352,.T.);
#4778=EDGE_CURVE('',#3794,#3792,#1489,.T.);
#4779=EDGE_CURVE('',#3791,#3793,#1490,.T.);
#4780=EDGE_CURVE('',#3795,#3796,#3353,.T.);
#4781=EDGE_CURVE('',#3796,#3794,#3354,.T.);
#4782=EDGE_CURVE('',#3793,#3795,#3355,.T.);
#4783=EDGE_CURVE('',#3797,#3798,#1432,.T.);
#4784=EDGE_CURVE('',#3798,#3796,#1491,.T.);
#4785=EDGE_CURVE('',#3795,#3797,#1492,.T.);
#4786=EDGE_CURVE('',#3790,#3797,#3356,.T.);
#4787=EDGE_CURVE('',#3799,#3800,#3357,.T.);
#4788=EDGE_CURVE('',#3800,#3801,#1493,.T.);
#4789=EDGE_CURVE('',#3801,#3802,#1433,.T.);
#4790=EDGE_CURVE('',#3802,#3799,#1494,.T.);
#4791=EDGE_CURVE('',#3803,#3804,#3358,.T.);
#4792=EDGE_CURVE('',#3804,#3800,#3359,.T.);
#4793=EDGE_CURVE('',#3799,#3803,#3360,.T.);
#4794=EDGE_CURVE('',#3805,#3806,#3361,.T.);
#4795=EDGE_CURVE('',#3806,#3804,#1495,.T.);
#4796=EDGE_CURVE('',#3803,#3805,#1496,.T.);
#4797=EDGE_CURVE('',#3807,#3808,#3362,.T.);
#4798=EDGE_CURVE('',#3808,#3806,#3363,.T.);
#4799=EDGE_CURVE('',#3805,#3807,#3364,.T.);
#4800=EDGE_CURVE('',#3809,#3810,#1434,.T.);
#4801=EDGE_CURVE('',#3810,#3808,#1497,.T.);
#4802=EDGE_CURVE('',#3807,#3809,#1498,.T.);
#4803=EDGE_CURVE('',#3802,#3809,#3365,.T.);
#4804=EDGE_CURVE('',#3811,#3812,#3366,.T.);
#4805=EDGE_CURVE('',#3812,#3813,#1499,.T.);
#4806=EDGE_CURVE('',#3813,#3814,#1435,.T.);
#4807=EDGE_CURVE('',#3814,#3811,#1500,.T.);
#4808=EDGE_CURVE('',#3815,#3816,#3367,.T.);
#4809=EDGE_CURVE('',#3816,#3812,#3368,.T.);
#4810=EDGE_CURVE('',#3811,#3815,#3369,.T.);
#4811=EDGE_CURVE('',#3817,#3818,#3370,.T.);
#4812=EDGE_CURVE('',#3818,#3816,#1501,.T.);
#4813=EDGE_CURVE('',#3815,#3817,#1502,.T.);
#4814=EDGE_CURVE('',#3819,#3820,#3371,.T.);
#4815=EDGE_CURVE('',#3820,#3818,#3372,.T.);
#4816=EDGE_CURVE('',#3817,#3819,#3373,.T.);
#4817=EDGE_CURVE('',#3821,#3822,#1436,.T.);
#4818=EDGE_CURVE('',#3822,#3820,#1503,.T.);
#4819=EDGE_CURVE('',#3819,#3821,#1504,.T.);
#4820=EDGE_CURVE('',#3814,#3821,#3374,.T.);
#4821=EDGE_CURVE('',#3823,#3824,#3375,.T.);
#4822=EDGE_CURVE('',#3824,#3825,#1505,.T.);
#4823=EDGE_CURVE('',#3825,#3826,#1437,.T.);
#4824=EDGE_CURVE('',#3826,#3823,#1506,.T.);
#4825=EDGE_CURVE('',#3827,#3828,#3376,.T.);
#4826=EDGE_CURVE('',#3828,#3824,#3377,.T.);
#4827=EDGE_CURVE('',#3823,#3827,#3378,.T.);
#4828=EDGE_CURVE('',#3829,#3830,#3379,.T.);
#4829=EDGE_CURVE('',#3830,#3828,#1507,.T.);
#4830=EDGE_CURVE('',#3827,#3829,#1508,.T.);
#4831=EDGE_CURVE('',#3831,#3832,#3380,.T.);
#4832=EDGE_CURVE('',#3832,#3830,#3381,.T.);
#4833=EDGE_CURVE('',#3829,#3831,#3382,.T.);
#4834=EDGE_CURVE('',#3833,#3834,#1438,.T.);
#4835=EDGE_CURVE('',#3834,#3832,#1509,.T.);
#4836=EDGE_CURVE('',#3831,#3833,#1510,.T.);
#4837=EDGE_CURVE('',#3826,#3833,#3383,.T.);
#4838=EDGE_CURVE('',#3835,#3836,#3384,.T.);
#4839=EDGE_CURVE('',#3836,#3837,#1511,.T.);
#4840=EDGE_CURVE('',#3837,#3838,#1439,.T.);
#4841=EDGE_CURVE('',#3838,#3835,#1512,.T.);
#4842=EDGE_CURVE('',#3839,#3840,#3385,.T.);
#4843=EDGE_CURVE('',#3840,#3836,#3386,.T.);
#4844=EDGE_CURVE('',#3835,#3839,#3387,.T.);
#4845=EDGE_CURVE('',#3841,#3842,#3388,.T.);
#4846=EDGE_CURVE('',#3842,#3840,#1513,.T.);
#4847=EDGE_CURVE('',#3839,#3841,#1514,.T.);
#4848=EDGE_CURVE('',#3843,#3844,#3389,.T.);
#4849=EDGE_CURVE('',#3844,#3842,#3390,.T.);
#4850=EDGE_CURVE('',#3841,#3843,#3391,.T.);
#4851=EDGE_CURVE('',#3845,#3846,#1440,.T.);
#4852=EDGE_CURVE('',#3846,#3844,#1515,.T.);
#4853=EDGE_CURVE('',#3843,#3845,#1516,.T.);
#4854=EDGE_CURVE('',#3838,#3845,#3392,.T.);
#4855=EDGE_CURVE('',#3847,#3848,#3393,.T.);
#4856=EDGE_CURVE('',#3848,#3849,#1517,.T.);
#4857=EDGE_CURVE('',#3849,#3850,#1441,.T.);
#4858=EDGE_CURVE('',#3850,#3847,#1518,.T.);
#4859=EDGE_CURVE('',#3851,#3852,#3394,.T.);
#4860=EDGE_CURVE('',#3852,#3848,#3395,.T.);
#4861=EDGE_CURVE('',#3847,#3851,#3396,.T.);
#4862=EDGE_CURVE('',#3853,#3854,#3397,.T.);
#4863=EDGE_CURVE('',#3854,#3852,#1519,.T.);
#4864=EDGE_CURVE('',#3851,#3853,#1520,.T.);
#4865=EDGE_CURVE('',#3855,#3856,#3398,.T.);
#4866=EDGE_CURVE('',#3856,#3854,#3399,.T.);
#4867=EDGE_CURVE('',#3853,#3855,#3400,.T.);
#4868=EDGE_CURVE('',#3857,#3858,#1442,.T.);
#4869=EDGE_CURVE('',#3858,#3856,#1521,.T.);
#4870=EDGE_CURVE('',#3855,#3857,#1522,.T.);
#4871=EDGE_CURVE('',#3850,#3857,#3401,.T.);
#4872=EDGE_CURVE('',#3859,#3860,#3402,.T.);
#4873=EDGE_CURVE('',#3860,#3861,#1523,.T.);
#4874=EDGE_CURVE('',#3861,#3862,#1443,.T.);
#4875=EDGE_CURVE('',#3862,#3859,#1524,.T.);
#4876=EDGE_CURVE('',#3863,#3864,#3403,.T.);
#4877=EDGE_CURVE('',#3864,#3860,#3404,.T.);
#4878=EDGE_CURVE('',#3859,#3863,#3405,.T.);
#4879=EDGE_CURVE('',#3865,#3866,#3406,.T.);
#4880=EDGE_CURVE('',#3866,#3864,#1525,.T.);
#4881=EDGE_CURVE('',#3863,#3865,#1526,.T.);
#4882=EDGE_CURVE('',#3867,#3868,#3407,.T.);
#4883=EDGE_CURVE('',#3868,#3866,#3408,.T.);
#4884=EDGE_CURVE('',#3865,#3867,#3409,.T.);
#4885=EDGE_CURVE('',#3869,#3870,#1444,.T.);
#4886=EDGE_CURVE('',#3870,#3868,#1527,.T.);
#4887=EDGE_CURVE('',#3867,#3869,#1528,.T.);
#4888=EDGE_CURVE('',#3862,#3869,#3410,.T.);
#4889=EDGE_CURVE('',#3871,#3872,#3411,.T.);
#4890=EDGE_CURVE('',#3872,#3873,#1529,.T.);
#4891=EDGE_CURVE('',#3873,#3874,#1445,.T.);
#4892=EDGE_CURVE('',#3874,#3871,#1530,.T.);
#4893=EDGE_CURVE('',#3875,#3876,#3412,.T.);
#4894=EDGE_CURVE('',#3876,#3872,#3413,.T.);
#4895=EDGE_CURVE('',#3871,#3875,#3414,.T.);
#4896=EDGE_CURVE('',#3877,#3878,#3415,.T.);
#4897=EDGE_CURVE('',#3878,#3876,#1531,.T.);
#4898=EDGE_CURVE('',#3875,#3877,#1532,.T.);
#4899=EDGE_CURVE('',#3879,#3880,#3416,.T.);
#4900=EDGE_CURVE('',#3880,#3878,#3417,.T.);
#4901=EDGE_CURVE('',#3877,#3879,#3418,.T.);
#4902=EDGE_CURVE('',#3881,#3882,#1446,.T.);
#4903=EDGE_CURVE('',#3882,#3880,#1533,.T.);
#4904=EDGE_CURVE('',#3879,#3881,#1534,.T.);
#4905=EDGE_CURVE('',#3874,#3881,#3419,.T.);
#4906=EDGE_CURVE('',#3883,#3884,#3420,.T.);
#4907=EDGE_CURVE('',#3884,#3885,#1535,.T.);
#4908=EDGE_CURVE('',#3885,#3886,#1447,.T.);
#4909=EDGE_CURVE('',#3886,#3883,#1536,.T.);
#4910=EDGE_CURVE('',#3887,#3888,#3421,.T.);
#4911=EDGE_CURVE('',#3888,#3884,#3422,.T.);
#4912=EDGE_CURVE('',#3883,#3887,#3423,.T.);
#4913=EDGE_CURVE('',#3889,#3890,#3424,.T.);
#4914=EDGE_CURVE('',#3890,#3888,#1537,.T.);
#4915=EDGE_CURVE('',#3887,#3889,#1538,.T.);
#4916=EDGE_CURVE('',#3891,#3892,#3425,.T.);
#4917=EDGE_CURVE('',#3892,#3890,#3426,.T.);
#4918=EDGE_CURVE('',#3889,#3891,#3427,.T.);
#4919=EDGE_CURVE('',#3893,#3894,#1448,.T.);
#4920=EDGE_CURVE('',#3894,#3892,#1539,.T.);
#4921=EDGE_CURVE('',#3891,#3893,#1540,.T.);
#4922=EDGE_CURVE('',#3886,#3893,#3428,.T.);
#4923=EDGE_CURVE('',#3895,#3896,#3429,.T.);
#4924=EDGE_CURVE('',#3896,#3897,#1541,.T.);
#4925=EDGE_CURVE('',#3897,#3898,#1449,.T.);
#4926=EDGE_CURVE('',#3898,#3895,#1542,.T.);
#4927=EDGE_CURVE('',#3899,#3900,#3430,.T.);
#4928=EDGE_CURVE('',#3900,#3896,#3431,.T.);
#4929=EDGE_CURVE('',#3895,#3899,#3432,.T.);
#4930=EDGE_CURVE('',#3901,#3902,#3433,.T.);
#4931=EDGE_CURVE('',#3902,#3900,#1543,.T.);
#4932=EDGE_CURVE('',#3899,#3901,#1544,.T.);
#4933=EDGE_CURVE('',#3903,#3904,#3434,.T.);
#4934=EDGE_CURVE('',#3904,#3902,#3435,.T.);
#4935=EDGE_CURVE('',#3901,#3903,#3436,.T.);
#4936=EDGE_CURVE('',#3905,#3906,#1450,.T.);
#4937=EDGE_CURVE('',#3906,#3904,#1545,.T.);
#4938=EDGE_CURVE('',#3903,#3905,#1546,.T.);
#4939=EDGE_CURVE('',#3898,#3905,#3437,.T.);
#4940=EDGE_CURVE('',#3907,#3908,#3438,.T.);
#4941=EDGE_CURVE('',#3908,#3909,#1547,.T.);
#4942=EDGE_CURVE('',#3909,#3910,#1451,.T.);
#4943=EDGE_CURVE('',#3910,#3907,#1548,.T.);
#4944=EDGE_CURVE('',#3911,#3912,#3439,.T.);
#4945=EDGE_CURVE('',#3912,#3908,#3440,.T.);
#4946=EDGE_CURVE('',#3907,#3911,#3441,.T.);
#4947=EDGE_CURVE('',#3913,#3914,#3442,.T.);
#4948=EDGE_CURVE('',#3914,#3912,#1549,.T.);
#4949=EDGE_CURVE('',#3911,#3913,#1550,.T.);
#4950=EDGE_CURVE('',#3915,#3916,#3443,.T.);
#4951=EDGE_CURVE('',#3916,#3914,#3444,.T.);
#4952=EDGE_CURVE('',#3913,#3915,#3445,.T.);
#4953=EDGE_CURVE('',#3917,#3918,#1452,.T.);
#4954=EDGE_CURVE('',#3918,#3916,#1551,.T.);
#4955=EDGE_CURVE('',#3915,#3917,#1552,.T.);
#4956=EDGE_CURVE('',#3910,#3917,#3446,.T.);
#4957=EDGE_CURVE('',#3919,#3920,#3447,.T.);
#4958=EDGE_CURVE('',#3920,#3921,#1553,.T.);
#4959=EDGE_CURVE('',#3921,#3922,#1453,.T.);
#4960=EDGE_CURVE('',#3922,#3919,#1554,.T.);
#4961=EDGE_CURVE('',#3923,#3924,#3448,.T.);
#4962=EDGE_CURVE('',#3924,#3920,#3449,.T.);
#4963=EDGE_CURVE('',#3919,#3923,#3450,.T.);
#4964=EDGE_CURVE('',#3925,#3926,#3451,.T.);
#4965=EDGE_CURVE('',#3926,#3924,#1555,.T.);
#4966=EDGE_CURVE('',#3923,#3925,#1556,.T.);
#4967=EDGE_CURVE('',#3927,#3928,#3452,.T.);
#4968=EDGE_CURVE('',#3928,#3926,#3453,.T.);
#4969=EDGE_CURVE('',#3925,#3927,#3454,.T.);
#4970=EDGE_CURVE('',#3929,#3930,#1454,.T.);
#4971=EDGE_CURVE('',#3930,#3928,#1557,.T.);
#4972=EDGE_CURVE('',#3927,#3929,#1558,.T.);
#4973=EDGE_CURVE('',#3922,#3929,#3455,.T.);
#4974=EDGE_CURVE('',#3931,#3932,#3456,.T.);
#4975=EDGE_CURVE('',#3932,#3933,#1559,.T.);
#4976=EDGE_CURVE('',#3933,#3934,#1455,.T.);
#4977=EDGE_CURVE('',#3934,#3931,#1560,.T.);
#4978=EDGE_CURVE('',#3935,#3936,#3457,.T.);
#4979=EDGE_CURVE('',#3936,#3932,#3458,.T.);
#4980=EDGE_CURVE('',#3931,#3935,#3459,.T.);
#4981=EDGE_CURVE('',#3937,#3938,#3460,.T.);
#4982=EDGE_CURVE('',#3938,#3936,#1561,.T.);
#4983=EDGE_CURVE('',#3935,#3937,#1562,.T.);
#4984=EDGE_CURVE('',#3939,#3940,#3461,.T.);
#4985=EDGE_CURVE('',#3940,#3938,#3462,.T.);
#4986=EDGE_CURVE('',#3937,#3939,#3463,.T.);
#4987=EDGE_CURVE('',#3941,#3942,#1456,.T.);
#4988=EDGE_CURVE('',#3942,#3940,#1563,.T.);
#4989=EDGE_CURVE('',#3939,#3941,#1564,.T.);
#4990=EDGE_CURVE('',#3934,#3941,#3464,.T.);
#4991=EDGE_CURVE('',#3943,#3944,#1565,.T.);
#4992=EDGE_CURVE('',#3943,#3945,#1566,.T.);
#4993=EDGE_CURVE('',#3945,#3946,#1567,.T.);
#4994=EDGE_CURVE('',#3944,#3946,#1568,.T.);
#4995=EDGE_CURVE('',#3947,#3943,#1569,.T.);
#4996=EDGE_CURVE('',#3947,#3948,#1570,.T.);
#4997=EDGE_CURVE('',#3948,#3945,#1571,.T.);
#4998=EDGE_CURVE('',#3949,#3947,#1572,.T.);
#4999=EDGE_CURVE('',#3949,#3950,#1573,.T.);
#5000=EDGE_CURVE('',#3950,#3948,#1574,.T.);
#5001=EDGE_CURVE('',#3951,#3949,#1575,.T.);
#5002=EDGE_CURVE('',#3951,#3952,#1576,.T.);
#5003=EDGE_CURVE('',#3952,#3950,#1577,.T.);
#5004=EDGE_CURVE('',#3953,#3951,#1578,.T.);
#5005=EDGE_CURVE('',#3953,#3954,#1579,.T.);
#5006=EDGE_CURVE('',#3954,#3952,#1580,.T.);
#5007=EDGE_CURVE('',#3944,#3953,#1581,.T.);
#5008=EDGE_CURVE('',#3946,#3954,#1582,.T.);
#5009=EDGE_CURVE('',#3955,#3955,#3465,.T.);
#5010=EDGE_CURVE('',#3956,#3957,#1583,.T.);
#5011=EDGE_CURVE('',#3956,#3958,#1584,.T.);
#5012=EDGE_CURVE('',#3958,#3959,#1585,.T.);
#5013=EDGE_CURVE('',#3957,#3959,#1586,.T.);
#5014=EDGE_CURVE('',#3960,#3956,#1587,.T.);
#5015=EDGE_CURVE('',#3960,#3961,#1588,.T.);
#5016=EDGE_CURVE('',#3961,#3958,#1589,.T.);
#5017=EDGE_CURVE('',#3962,#3960,#1590,.T.);
#5018=EDGE_CURVE('',#3962,#3963,#1591,.T.);
#5019=EDGE_CURVE('',#3963,#3961,#1592,.T.);
#5020=EDGE_CURVE('',#3964,#3962,#1593,.T.);
#5021=EDGE_CURVE('',#3964,#3965,#1594,.T.);
#5022=EDGE_CURVE('',#3965,#3963,#1595,.T.);
#5023=EDGE_CURVE('',#3966,#3964,#1596,.T.);
#5024=EDGE_CURVE('',#3966,#3967,#1597,.T.);
#5025=EDGE_CURVE('',#3967,#3965,#1598,.T.);
#5026=EDGE_CURVE('',#3957,#3966,#1599,.T.);
#5027=EDGE_CURVE('',#3959,#3967,#1600,.T.);
#5028=EDGE_CURVE('',#3968,#3968,#3466,.T.);
#5029=EDGE_CURVE('',#3969,#3970,#1601,.T.);
#5030=EDGE_CURVE('',#3969,#3971,#1602,.T.);
#5031=EDGE_CURVE('',#3971,#3972,#1603,.T.);
#5032=EDGE_CURVE('',#3970,#3972,#1604,.T.);
#5033=EDGE_CURVE('',#3973,#3969,#1605,.T.);
#5034=EDGE_CURVE('',#3973,#3974,#1606,.T.);
#5035=EDGE_CURVE('',#3974,#3971,#1607,.T.);
#5036=EDGE_CURVE('',#3975,#3973,#1608,.T.);
#5037=EDGE_CURVE('',#3975,#3976,#1609,.T.);
#5038=EDGE_CURVE('',#3976,#3974,#1610,.T.);
#5039=EDGE_CURVE('',#3977,#3975,#1611,.T.);
#5040=EDGE_CURVE('',#3977,#3978,#1612,.T.);
#5041=EDGE_CURVE('',#3978,#3976,#1613,.T.);
#5042=EDGE_CURVE('',#3979,#3977,#1614,.T.);
#5043=EDGE_CURVE('',#3979,#3980,#1615,.T.);
#5044=EDGE_CURVE('',#3980,#3978,#1616,.T.);
#5045=EDGE_CURVE('',#3970,#3979,#1617,.T.);
#5046=EDGE_CURVE('',#3972,#3980,#1618,.T.);
#5047=EDGE_CURVE('',#3981,#3981,#3467,.T.);
#5048=EDGE_CURVE('',#3982,#3983,#1619,.T.);
#5049=EDGE_CURVE('',#3982,#3984,#1620,.T.);
#5050=EDGE_CURVE('',#3984,#3985,#1621,.T.);
#5051=EDGE_CURVE('',#3983,#3985,#1622,.T.);
#5052=EDGE_CURVE('',#3986,#3982,#1623,.T.);
#5053=EDGE_CURVE('',#3986,#3987,#1624,.T.);
#5054=EDGE_CURVE('',#3987,#3984,#1625,.T.);
#5055=EDGE_CURVE('',#3988,#3986,#1626,.T.);
#5056=EDGE_CURVE('',#3988,#3989,#1627,.T.);
#5057=EDGE_CURVE('',#3989,#3987,#1628,.T.);
#5058=EDGE_CURVE('',#3990,#3988,#1629,.T.);
#5059=EDGE_CURVE('',#3990,#3991,#1630,.T.);
#5060=EDGE_CURVE('',#3991,#3989,#1631,.T.);
#5061=EDGE_CURVE('',#3992,#3990,#1632,.T.);
#5062=EDGE_CURVE('',#3992,#3993,#1633,.T.);
#5063=EDGE_CURVE('',#3993,#3991,#1634,.T.);
#5064=EDGE_CURVE('',#3983,#3992,#1635,.T.);
#5065=EDGE_CURVE('',#3985,#3993,#1636,.T.);
#5066=EDGE_CURVE('',#3994,#3994,#3468,.T.);
#5067=EDGE_CURVE('',#3995,#3995,#3469,.T.);
#5068=EDGE_CURVE('',#3995,#3955,#1637,.T.);
#5069=EDGE_CURVE('',#3996,#3996,#3470,.T.);
#5070=EDGE_CURVE('',#3996,#3981,#1638,.T.);
#5071=EDGE_CURVE('',#3997,#3997,#3471,.T.);
#5072=EDGE_CURVE('',#3997,#3994,#1639,.T.);
#5073=EDGE_CURVE('',#3998,#3998,#3472,.T.);
#5074=EDGE_CURVE('',#3998,#3968,#1640,.T.);
#5075=EDGE_CURVE('',#3999,#4000,#3473,.T.);
#5076=EDGE_CURVE('',#3738,#3999,#1641,.T.);
#5077=EDGE_CURVE('',#3729,#4000,#1642,.T.);
#5078=EDGE_CURVE('',#4001,#4002,#3474,.T.);
#5079=EDGE_CURVE('',#3750,#4001,#1643,.T.);
#5080=EDGE_CURVE('',#3741,#4002,#1644,.T.);
#5081=EDGE_CURVE('',#4003,#4004,#3475,.T.);
#5082=EDGE_CURVE('',#3762,#4003,#1645,.T.);
#5083=EDGE_CURVE('',#3753,#4004,#1646,.T.);
#5084=EDGE_CURVE('',#4005,#4006,#3476,.T.);
#5085=EDGE_CURVE('',#3774,#4005,#1647,.T.);
#5086=EDGE_CURVE('',#3765,#4006,#1648,.T.);
#5087=EDGE_CURVE('',#4007,#4008,#3477,.T.);
#5088=EDGE_CURVE('',#3786,#4007,#1649,.T.);
#5089=EDGE_CURVE('',#3777,#4008,#1650,.T.);
#5090=EDGE_CURVE('',#4009,#4010,#3478,.T.);
#5091=EDGE_CURVE('',#3798,#4009,#1651,.T.);
#5092=EDGE_CURVE('',#3789,#4010,#1652,.T.);
#5093=EDGE_CURVE('',#4011,#4012,#3479,.T.);
#5094=EDGE_CURVE('',#3810,#4011,#1653,.T.);
#5095=EDGE_CURVE('',#3801,#4012,#1654,.T.);
#5096=EDGE_CURVE('',#4013,#4014,#3480,.T.);
#5097=EDGE_CURVE('',#3822,#4013,#1655,.T.);
#5098=EDGE_CURVE('',#3813,#4014,#1656,.T.);
#5099=EDGE_CURVE('',#4015,#4016,#3481,.T.);
#5100=EDGE_CURVE('',#3834,#4015,#1657,.T.);
#5101=EDGE_CURVE('',#3825,#4016,#1658,.T.);
#5102=EDGE_CURVE('',#4017,#4018,#3482,.T.);
#5103=EDGE_CURVE('',#3846,#4017,#1659,.T.);
#5104=EDGE_CURVE('',#3837,#4018,#1660,.T.);
#5105=EDGE_CURVE('',#4019,#4020,#3483,.T.);
#5106=EDGE_CURVE('',#3858,#4019,#1661,.T.);
#5107=EDGE_CURVE('',#3849,#4020,#1662,.T.);
#5108=EDGE_CURVE('',#4021,#4022,#3484,.T.);
#5109=EDGE_CURVE('',#3870,#4021,#1663,.T.);
#5110=EDGE_CURVE('',#3861,#4022,#1664,.T.);
#5111=EDGE_CURVE('',#4023,#4024,#3485,.T.);
#5112=EDGE_CURVE('',#3882,#4023,#1665,.T.);
#5113=EDGE_CURVE('',#3873,#4024,#1666,.T.);
#5114=EDGE_CURVE('',#4025,#4026,#3486,.T.);
#5115=EDGE_CURVE('',#3894,#4025,#1667,.T.);
#5116=EDGE_CURVE('',#3885,#4026,#1668,.T.);
#5117=EDGE_CURVE('',#4027,#4028,#3487,.T.);
#5118=EDGE_CURVE('',#3906,#4027,#1669,.T.);
#5119=EDGE_CURVE('',#3897,#4028,#1670,.T.);
#5120=EDGE_CURVE('',#4029,#4030,#3488,.T.);
#5121=EDGE_CURVE('',#3918,#4029,#1671,.T.);
#5122=EDGE_CURVE('',#3909,#4030,#1672,.T.);
#5123=EDGE_CURVE('',#4031,#4032,#3489,.T.);
#5124=EDGE_CURVE('',#3930,#4031,#1673,.T.);
#5125=EDGE_CURVE('',#3921,#4032,#1674,.T.);
#5126=EDGE_CURVE('',#4033,#3999,#1675,.T.);
#5127=EDGE_CURVE('',#4000,#4034,#1676,.T.);
#5128=EDGE_CURVE('',#4035,#4034,#3490,.T.);
#5129=EDGE_CURVE('',#4035,#4036,#1677,.T.);
#5130=EDGE_CURVE('',#4036,#4037,#3491,.T.);
#5131=EDGE_CURVE('',#4037,#4038,#1678,.T.);
#5132=EDGE_CURVE('',#4039,#4038,#3492,.T.);
#5133=EDGE_CURVE('',#4039,#4031,#1679,.T.);
#5134=EDGE_CURVE('',#4032,#4040,#1680,.T.);
#5135=EDGE_CURVE('',#4041,#4040,#3493,.T.);
#5136=EDGE_CURVE('',#4041,#4029,#1681,.T.);
#5137=EDGE_CURVE('',#4030,#4042,#1682,.T.);
#5138=EDGE_CURVE('',#4043,#4042,#3494,.T.);
#5139=EDGE_CURVE('',#4043,#4027,#1683,.T.);
#5140=EDGE_CURVE('',#4028,#4044,#1684,.T.);
#5141=EDGE_CURVE('',#4045,#4044,#3495,.T.);
#5142=EDGE_CURVE('',#4045,#4025,#1685,.T.);
#5143=EDGE_CURVE('',#4026,#4046,#1686,.T.);
#5144=EDGE_CURVE('',#4047,#4046,#3496,.T.);
#5145=EDGE_CURVE('',#4047,#4023,#1687,.T.);
#5146=EDGE_CURVE('',#4024,#4048,#1688,.T.);
#5147=EDGE_CURVE('',#4049,#4048,#3497,.T.);
#5148=EDGE_CURVE('',#4049,#4021,#1689,.T.);
#5149=EDGE_CURVE('',#4022,#4050,#1690,.T.);
#5150=EDGE_CURVE('',#4051,#4050,#3498,.T.);
#5151=EDGE_CURVE('',#4051,#4019,#1691,.T.);
#5152=EDGE_CURVE('',#4020,#4052,#1692,.T.);
#5153=EDGE_CURVE('',#4053,#4052,#3499,.T.);
#5154=EDGE_CURVE('',#4053,#4017,#1693,.T.);
#5155=EDGE_CURVE('',#4018,#4054,#1694,.T.);
#5156=EDGE_CURVE('',#4055,#4054,#3500,.T.);
#5157=EDGE_CURVE('',#4055,#4015,#1695,.T.);
#5158=EDGE_CURVE('',#4016,#4056,#1696,.T.);
#5159=EDGE_CURVE('',#4057,#4056,#3501,.T.);
#5160=EDGE_CURVE('',#4057,#4013,#1697,.T.);
#5161=EDGE_CURVE('',#4014,#4058,#1698,.T.);
#5162=EDGE_CURVE('',#4059,#4058,#3502,.T.);
#5163=EDGE_CURVE('',#4059,#4011,#1699,.T.);
#5164=EDGE_CURVE('',#4012,#4060,#1700,.T.);
#5165=EDGE_CURVE('',#4061,#4060,#3503,.T.);
#5166=EDGE_CURVE('',#4061,#4009,#1701,.T.);
#5167=EDGE_CURVE('',#4010,#4062,#1702,.T.);
#5168=EDGE_CURVE('',#4063,#4062,#3504,.T.);
#5169=EDGE_CURVE('',#4063,#4007,#1703,.T.);
#5170=EDGE_CURVE('',#4008,#4064,#1704,.T.);
#5171=EDGE_CURVE('',#4065,#4064,#3505,.T.);
#5172=EDGE_CURVE('',#4065,#4005,#1705,.T.);
#5173=EDGE_CURVE('',#4006,#4066,#1706,.T.);
#5174=EDGE_CURVE('',#4067,#4066,#3506,.T.);
#5175=EDGE_CURVE('',#4067,#4003,#1707,.T.);
#5176=EDGE_CURVE('',#4004,#4068,#1708,.T.);
#5177=EDGE_CURVE('',#4069,#4068,#3507,.T.);
#5178=EDGE_CURVE('',#4069,#4001,#1709,.T.);
#5179=EDGE_CURVE('',#4002,#4070,#1710,.T.);
#5180=EDGE_CURVE('',#4033,#4070,#3508,.T.);
#5181=EDGE_CURVE('',#4071,#4071,#3509,.T.);
#5182=EDGE_CURVE('',#4034,#4072,#15,.T.);
#5183=EDGE_CURVE('',#4072,#4073,#16,.T.);
#5184=EDGE_CURVE('',#4073,#4074,#3510,.T.);
#5185=EDGE_CURVE('',#4074,#4075,#17,.T.);
#5186=EDGE_CURVE('',#4075,#4035,#18,.T.);
#5187=EDGE_CURVE('',#4076,#4039,#19,.T.);
#5188=EDGE_CURVE('',#4038,#4077,#20,.T.);
#5189=EDGE_CURVE('',#4077,#4078,#21,.T.);
#5190=EDGE_CURVE('',#4078,#4079,#3511,.T.);
#5191=EDGE_CURVE('',#4079,#4076,#22,.T.);
#5192=EDGE_CURVE('',#4080,#4041,#23,.T.);
#5193=EDGE_CURVE('',#4040,#4081,#24,.T.);
#5194=EDGE_CURVE('',#4081,#4082,#25,.T.);
#5195=EDGE_CURVE('',#4082,#4083,#3512,.T.);
#5196=EDGE_CURVE('',#4083,#4080,#26,.T.);
#5197=EDGE_CURVE('',#4084,#4043,#27,.T.);
#5198=EDGE_CURVE('',#4042,#4085,#28,.T.);
#5199=EDGE_CURVE('',#4085,#4086,#29,.T.);
#5200=EDGE_CURVE('',#4086,#4087,#3513,.T.);
#5201=EDGE_CURVE('',#4087,#4084,#30,.T.);
#5202=EDGE_CURVE('',#4088,#4045,#31,.T.);
#5203=EDGE_CURVE('',#4044,#4089,#32,.T.);
#5204=EDGE_CURVE('',#4089,#4090,#33,.T.);
#5205=EDGE_CURVE('',#4090,#4091,#3514,.T.);
#5206=EDGE_CURVE('',#4091,#4088,#34,.T.);
#5207=EDGE_CURVE('',#4092,#4047,#35,.T.);
#5208=EDGE_CURVE('',#4046,#4093,#36,.T.);
#5209=EDGE_CURVE('',#4093,#4094,#37,.T.);
#5210=EDGE_CURVE('',#4094,#4095,#3515,.T.);
#5211=EDGE_CURVE('',#4095,#4092,#38,.T.);
#5212=EDGE_CURVE('',#4096,#4049,#39,.T.);
#5213=EDGE_CURVE('',#4048,#4097,#40,.T.);
#5214=EDGE_CURVE('',#4097,#4098,#41,.T.);
#5215=EDGE_CURVE('',#4098,#4099,#3516,.T.);
#5216=EDGE_CURVE('',#4099,#4096,#42,.T.);
#5217=EDGE_CURVE('',#4100,#4051,#43,.T.);
#5218=EDGE_CURVE('',#4050,#4101,#44,.T.);
#5219=EDGE_CURVE('',#4101,#4102,#45,.T.);
#5220=EDGE_CURVE('',#4102,#4103,#3517,.T.);
#5221=EDGE_CURVE('',#4103,#4100,#46,.T.);
#5222=EDGE_CURVE('',#4104,#4053,#47,.T.);
#5223=EDGE_CURVE('',#4052,#4105,#48,.T.);
#5224=EDGE_CURVE('',#4105,#4106,#49,.T.);
#5225=EDGE_CURVE('',#4106,#4107,#3518,.T.);
#5226=EDGE_CURVE('',#4107,#4104,#50,.T.);
#5227=EDGE_CURVE('',#4108,#4055,#51,.T.);
#5228=EDGE_CURVE('',#4054,#4109,#52,.T.);
#5229=EDGE_CURVE('',#4109,#4110,#53,.T.);
#5230=EDGE_CURVE('',#4110,#4111,#3519,.T.);
#5231=EDGE_CURVE('',#4111,#4108,#54,.T.);
#5232=EDGE_CURVE('',#4112,#4057,#55,.T.);
#5233=EDGE_CURVE('',#4056,#4113,#56,.T.);
#5234=EDGE_CURVE('',#4113,#4114,#57,.T.);
#5235=EDGE_CURVE('',#4114,#4115,#3520,.T.);
#5236=EDGE_CURVE('',#4115,#4112,#58,.T.);
#5237=EDGE_CURVE('',#4116,#4059,#59,.T.);
#5238=EDGE_CURVE('',#4058,#4117,#60,.T.);
#5239=EDGE_CURVE('',#4117,#4118,#61,.T.);
#5240=EDGE_CURVE('',#4118,#4119,#3521,.T.);
#5241=EDGE_CURVE('',#4119,#4116,#62,.T.);
#5242=EDGE_CURVE('',#4120,#4061,#63,.T.);
#5243=EDGE_CURVE('',#4060,#4121,#64,.T.);
#5244=EDGE_CURVE('',#4121,#4122,#65,.T.);
#5245=EDGE_CURVE('',#4122,#4123,#3522,.T.);
#5246=EDGE_CURVE('',#4123,#4120,#66,.T.);
#5247=EDGE_CURVE('',#4124,#4063,#67,.T.);
#5248=EDGE_CURVE('',#4062,#4125,#68,.T.);
#5249=EDGE_CURVE('',#4125,#4126,#69,.T.);
#5250=EDGE_CURVE('',#4126,#4127,#3523,.T.);
#5251=EDGE_CURVE('',#4127,#4124,#70,.T.);
#5252=EDGE_CURVE('',#4128,#4065,#71,.T.);
#5253=EDGE_CURVE('',#4064,#4129,#72,.T.);
#5254=EDGE_CURVE('',#4129,#4130,#73,.T.);
#5255=EDGE_CURVE('',#4130,#4131,#3524,.T.);
#5256=EDGE_CURVE('',#4131,#4128,#74,.T.);
#5257=EDGE_CURVE('',#4132,#4067,#75,.T.);
#5258=EDGE_CURVE('',#4066,#4133,#76,.T.);
#5259=EDGE_CURVE('',#4133,#4134,#77,.T.);
#5260=EDGE_CURVE('',#4134,#4135,#3525,.T.);
#5261=EDGE_CURVE('',#4135,#4132,#78,.T.);
#5262=EDGE_CURVE('',#4136,#4069,#79,.T.);
#5263=EDGE_CURVE('',#4068,#4137,#80,.T.);
#5264=EDGE_CURVE('',#4137,#4138,#81,.T.);
#5265=EDGE_CURVE('',#4138,#4139,#3526,.T.);
#5266=EDGE_CURVE('',#4139,#4136,#82,.T.);
#5267=EDGE_CURVE('',#3942,#4036,#1711,.T.);
#5268=EDGE_CURVE('',#3933,#4037,#1712,.T.);
#5269=EDGE_CURVE('',#4140,#4033,#83,.T.);
#5270=EDGE_CURVE('',#4070,#4141,#84,.T.);
#5271=EDGE_CURVE('',#4141,#4142,#85,.T.);
#5272=EDGE_CURVE('',#4142,#4143,#3527,.T.);
#5273=EDGE_CURVE('',#4143,#4140,#86,.T.);
#5274=EDGE_CURVE('',#4144,#4115,#1713,.T.);
#5275=EDGE_CURVE('',#4145,#4144,#1714,.T.);
#5276=EDGE_CURVE('',#4146,#4145,#1715,.T.);
#5277=EDGE_CURVE('',#4147,#4146,#1716,.T.);
#5278=EDGE_CURVE('',#4148,#4147,#1717,.T.);
#5279=EDGE_CURVE('',#4149,#4148,#1718,.T.);
#5280=EDGE_CURVE('',#4149,#3820,#1719,.T.);
#5281=EDGE_CURVE('',#4150,#3824,#1720,.T.);
#5282=EDGE_CURVE('',#4151,#4150,#1721,.T.);
#5283=EDGE_CURVE('',#4152,#4151,#1722,.T.);
#5284=EDGE_CURVE('',#4153,#4152,#1723,.T.);
#5285=EDGE_CURVE('',#4154,#4153,#1724,.T.);
#5286=EDGE_CURVE('',#4155,#4154,#1725,.T.);
#5287=EDGE_CURVE('',#4114,#4155,#1726,.T.);
#5288=EDGE_CURVE('',#4156,#4111,#1727,.T.);
#5289=EDGE_CURVE('',#4157,#4156,#1728,.T.);
#5290=EDGE_CURVE('',#4158,#4157,#1729,.T.);
#5291=EDGE_CURVE('',#4159,#4158,#1730,.T.);
#5292=EDGE_CURVE('',#4160,#4159,#1731,.T.);
#5293=EDGE_CURVE('',#4161,#4160,#1732,.T.);
#5294=EDGE_CURVE('',#4161,#3832,#1733,.T.);
#5295=EDGE_CURVE('',#4162,#3836,#1734,.T.);
#5296=EDGE_CURVE('',#4163,#4162,#1735,.T.);
#5297=EDGE_CURVE('',#4164,#4163,#1736,.T.);
#5298=EDGE_CURVE('',#4165,#4164,#1737,.T.);
#5299=EDGE_CURVE('',#4166,#4165,#1738,.T.);
#5300=EDGE_CURVE('',#4167,#4166,#1739,.T.);
#5301=EDGE_CURVE('',#4110,#4167,#1740,.T.);
#5302=EDGE_CURVE('',#4168,#4107,#1741,.T.);
#5303=EDGE_CURVE('',#4169,#4168,#1742,.T.);
#5304=EDGE_CURVE('',#4170,#4169,#1743,.T.);
#5305=EDGE_CURVE('',#4171,#4170,#1744,.T.);
#5306=EDGE_CURVE('',#4172,#4171,#1745,.T.);
#5307=EDGE_CURVE('',#4173,#4172,#1746,.T.);
#5308=EDGE_CURVE('',#4173,#3844,#1747,.T.);
#5309=EDGE_CURVE('',#4174,#3848,#1748,.T.);
#5310=EDGE_CURVE('',#4175,#4174,#1749,.T.);
#5311=EDGE_CURVE('',#4176,#4175,#1750,.T.);
#5312=EDGE_CURVE('',#4177,#4176,#1751,.T.);
#5313=EDGE_CURVE('',#4178,#4177,#1752,.T.);
#5314=EDGE_CURVE('',#4179,#4178,#1753,.T.);
#5315=EDGE_CURVE('',#4106,#4179,#1754,.T.);
#5316=EDGE_CURVE('',#4180,#4103,#1755,.T.);
#5317=EDGE_CURVE('',#4181,#4180,#1756,.T.);
#5318=EDGE_CURVE('',#4182,#4181,#1757,.T.);
#5319=EDGE_CURVE('',#4183,#4182,#1758,.T.);
#5320=EDGE_CURVE('',#4184,#4183,#1759,.T.);
#5321=EDGE_CURVE('',#4185,#4184,#1760,.T.);
#5322=EDGE_CURVE('',#4185,#3856,#1761,.T.);
#5323=EDGE_CURVE('',#4186,#3860,#1762,.T.);
#5324=EDGE_CURVE('',#4187,#4186,#1763,.T.);
#5325=EDGE_CURVE('',#4188,#4187,#1764,.T.);
#5326=EDGE_CURVE('',#4189,#4188,#1765,.T.);
#5327=EDGE_CURVE('',#4190,#4189,#1766,.T.);
#5328=EDGE_CURVE('',#4191,#4190,#1767,.T.);
#5329=EDGE_CURVE('',#4102,#4191,#1768,.T.);
#5330=EDGE_CURVE('',#4192,#4099,#1769,.T.);
#5331=EDGE_CURVE('',#4193,#4192,#1770,.T.);
#5332=EDGE_CURVE('',#4194,#4193,#1771,.T.);
#5333=EDGE_CURVE('',#4195,#4194,#1772,.T.);
#5334=EDGE_CURVE('',#4196,#4195,#1773,.T.);
#5335=EDGE_CURVE('',#4197,#4196,#1774,.T.);
#5336=EDGE_CURVE('',#4197,#3868,#1775,.T.);
#5337=EDGE_CURVE('',#4198,#3872,#1776,.T.);
#5338=EDGE_CURVE('',#4199,#4198,#1777,.T.);
#5339=EDGE_CURVE('',#4200,#4199,#1778,.T.);
#5340=EDGE_CURVE('',#4201,#4200,#1779,.T.);
#5341=EDGE_CURVE('',#4202,#4201,#1780,.T.);
#5342=EDGE_CURVE('',#4203,#4202,#1781,.T.);
#5343=EDGE_CURVE('',#4098,#4203,#1782,.T.);
#5344=EDGE_CURVE('',#4204,#4095,#1783,.T.);
#5345=EDGE_CURVE('',#4205,#4204,#1784,.T.);
#5346=EDGE_CURVE('',#4206,#4205,#1785,.T.);
#5347=EDGE_CURVE('',#4207,#4206,#1786,.T.);
#5348=EDGE_CURVE('',#4208,#4207,#1787,.T.);
#5349=EDGE_CURVE('',#4209,#4208,#1788,.T.);
#5350=EDGE_CURVE('',#4209,#3880,#1789,.T.);
#5351=EDGE_CURVE('',#4210,#3884,#1790,.T.);
#5352=EDGE_CURVE('',#4211,#4210,#1791,.T.);
#5353=EDGE_CURVE('',#4212,#4211,#1792,.T.);
#5354=EDGE_CURVE('',#4213,#4212,#1793,.T.);
#5355=EDGE_CURVE('',#4214,#4213,#1794,.T.);
#5356=EDGE_CURVE('',#4215,#4214,#1795,.T.);
#5357=EDGE_CURVE('',#4094,#4215,#1796,.T.);
#5358=EDGE_CURVE('',#4216,#4091,#1797,.T.);
#5359=EDGE_CURVE('',#4217,#4216,#1798,.T.);
#5360=EDGE_CURVE('',#4218,#4217,#1799,.T.);
#5361=EDGE_CURVE('',#4219,#4218,#1800,.T.);
#5362=EDGE_CURVE('',#4220,#4219,#1801,.T.);
#5363=EDGE_CURVE('',#4221,#4220,#1802,.T.);
#5364=EDGE_CURVE('',#4221,#3892,#1803,.T.);
#5365=EDGE_CURVE('',#4222,#3896,#1804,.T.);
#5366=EDGE_CURVE('',#4223,#4222,#1805,.T.);
#5367=EDGE_CURVE('',#4224,#4223,#1806,.T.);
#5368=EDGE_CURVE('',#4225,#4224,#1807,.T.);
#5369=EDGE_CURVE('',#4226,#4225,#1808,.T.);
#5370=EDGE_CURVE('',#4227,#4226,#1809,.T.);
#5371=EDGE_CURVE('',#4090,#4227,#1810,.T.);
#5372=EDGE_CURVE('',#4228,#4087,#1811,.T.);
#5373=EDGE_CURVE('',#4229,#4228,#1812,.T.);
#5374=EDGE_CURVE('',#4230,#4229,#1813,.T.);
#5375=EDGE_CURVE('',#4231,#4230,#1814,.T.);
#5376=EDGE_CURVE('',#4232,#4231,#1815,.T.);
#5377=EDGE_CURVE('',#4233,#4232,#1816,.T.);
#5378=EDGE_CURVE('',#4233,#3904,#1817,.T.);
#5379=EDGE_CURVE('',#4234,#3908,#1818,.T.);
#5380=EDGE_CURVE('',#4235,#4234,#1819,.T.);
#5381=EDGE_CURVE('',#4236,#4235,#1820,.T.);
#5382=EDGE_CURVE('',#4237,#4236,#1821,.T.);
#5383=EDGE_CURVE('',#4238,#4237,#1822,.T.);
#5384=EDGE_CURVE('',#4239,#4238,#1823,.T.);
#5385=EDGE_CURVE('',#4086,#4239,#1824,.T.);
#5386=EDGE_CURVE('',#4240,#4083,#1825,.T.);
#5387=EDGE_CURVE('',#4241,#4240,#1826,.T.);
#5388=EDGE_CURVE('',#4242,#4241,#1827,.T.);
#5389=EDGE_CURVE('',#4243,#4242,#1828,.T.);
#5390=EDGE_CURVE('',#4244,#4243,#1829,.T.);
#5391=EDGE_CURVE('',#4245,#4244,#1830,.T.);
#5392=EDGE_CURVE('',#4245,#3916,#1831,.T.);
#5393=EDGE_CURVE('',#4082,#4246,#1832,.T.);
#5394=EDGE_CURVE('',#4246,#4240,#3528,.T.);
#5395=EDGE_CURVE('',#4239,#4228,#3529,.T.);
#5396=EDGE_CURVE('',#4078,#4247,#1833,.T.);
#5397=EDGE_CURVE('',#4247,#4248,#3530,.T.);
#5398=EDGE_CURVE('',#4248,#4079,#1834,.T.);
#5399=EDGE_CURVE('',#4227,#4216,#3531,.T.);
#5400=EDGE_CURVE('',#4073,#4249,#1835,.T.);
#5401=EDGE_CURVE('',#4249,#4250,#3532,.T.);
#5402=EDGE_CURVE('',#4250,#4074,#1836,.T.);
#5403=EDGE_CURVE('',#4215,#4204,#3533,.T.);
#5404=EDGE_CURVE('',#4142,#4251,#1837,.T.);
#5405=EDGE_CURVE('',#4251,#4252,#3534,.T.);
#5406=EDGE_CURVE('',#4252,#4143,#1838,.T.);
#5407=EDGE_CURVE('',#4203,#4192,#3535,.T.);
#5408=EDGE_CURVE('',#4138,#4253,#1839,.T.);
#5409=EDGE_CURVE('',#4253,#4254,#3536,.T.);
#5410=EDGE_CURVE('',#4254,#4139,#1840,.T.);
#5411=EDGE_CURVE('',#4191,#4180,#3537,.T.);
#5412=EDGE_CURVE('',#4134,#4255,#1841,.T.);
#5413=EDGE_CURVE('',#4255,#4256,#3538,.T.);
#5414=EDGE_CURVE('',#4256,#4135,#1842,.T.);
#5415=EDGE_CURVE('',#4179,#4168,#3539,.T.);
#5416=EDGE_CURVE('',#4130,#4257,#1843,.T.);
#5417=EDGE_CURVE('',#4257,#4258,#3540,.T.);
#5418=EDGE_CURVE('',#4258,#4131,#1844,.T.);
#5419=EDGE_CURVE('',#4167,#4156,#3541,.T.);
#5420=EDGE_CURVE('',#4126,#4259,#1845,.T.);
#5421=EDGE_CURVE('',#4259,#4260,#3542,.T.);
#5422=EDGE_CURVE('',#4260,#4127,#1846,.T.);
#5423=EDGE_CURVE('',#4155,#4144,#3543,.T.);
#5424=EDGE_CURVE('',#4122,#4261,#1847,.T.);
#5425=EDGE_CURVE('',#4261,#4262,#3544,.T.);
#5426=EDGE_CURVE('',#4262,#4123,#1848,.T.);
#5427=EDGE_CURVE('',#4263,#3920,#1849,.T.);
#5428=EDGE_CURVE('',#4264,#4263,#1850,.T.);
#5429=EDGE_CURVE('',#4265,#4264,#1851,.T.);
#5430=EDGE_CURVE('',#4266,#4265,#1852,.T.);
#5431=EDGE_CURVE('',#4267,#4266,#1853,.T.);
#5432=EDGE_CURVE('',#4246,#4267,#1854,.T.);
#5433=EDGE_CURVE('',#4268,#4269,#3545,.T.);
#5434=EDGE_CURVE('',#4269,#4270,#1855,.T.);
#5435=EDGE_CURVE('',#4270,#4271,#3546,.F.);
#5436=EDGE_CURVE('',#4271,#4268,#1856,.T.);
#5437=EDGE_CURVE('',#4272,#4269,#1857,.T.);
#5438=EDGE_CURVE('',#4272,#4273,#1858,.T.);
#5439=EDGE_CURVE('',#4273,#4270,#1859,.T.);
#5440=EDGE_CURVE('',#4268,#4274,#1860,.T.);
#5441=EDGE_CURVE('',#4274,#4275,#3547,.T.);
#5442=EDGE_CURVE('',#4275,#4276,#1861,.T.);
#5443=EDGE_CURVE('',#4276,#4277,#3548,.T.);
#5444=EDGE_CURVE('',#4277,#4278,#1862,.T.);
#5445=EDGE_CURVE('',#4279,#4278,#3549,.T.);
#5446=EDGE_CURVE('',#4279,#4280,#1863,.T.);
#5447=EDGE_CURVE('',#4280,#4281,#1864,.T.);
#5448=EDGE_CURVE('',#4281,#4282,#1865,.T.);
#5449=EDGE_CURVE('',#4283,#4282,#3550,.T.);
#5450=EDGE_CURVE('',#4283,#4252,#1866,.T.);
#5451=EDGE_CURVE('',#4251,#4284,#1867,.T.);
#5452=EDGE_CURVE('',#4285,#4284,#3551,.T.);
#5453=EDGE_CURVE('',#4285,#4286,#1868,.T.);
#5454=EDGE_CURVE('',#4286,#4287,#1869,.T.);
#5455=EDGE_CURVE('',#4287,#4288,#1870,.T.);
#5456=EDGE_CURVE('',#4289,#4288,#3552,.T.);
#5457=EDGE_CURVE('',#4289,#4290,#1871,.T.);
#5458=EDGE_CURVE('',#4290,#4291,#3553,.T.);
#5459=EDGE_CURVE('',#4291,#4292,#1872,.T.);
#5460=EDGE_CURVE('',#4292,#4293,#3554,.T.);
#5461=EDGE_CURVE('',#4293,#4294,#1873,.T.);
#5462=EDGE_CURVE('',#4295,#4294,#3555,.T.);
#5463=EDGE_CURVE('',#4295,#4296,#1874,.T.);
#5464=EDGE_CURVE('',#4296,#4297,#1875,.T.);
#5465=EDGE_CURVE('',#4297,#4298,#1876,.T.);
#5466=EDGE_CURVE('',#4299,#4298,#3556,.T.);
#5467=EDGE_CURVE('',#4299,#4254,#1877,.T.);
#5468=EDGE_CURVE('',#4253,#4300,#1878,.T.);
#5469=EDGE_CURVE('',#4301,#4300,#3557,.T.);
#5470=EDGE_CURVE('',#4301,#4302,#1879,.T.);
#5471=EDGE_CURVE('',#4302,#4303,#1880,.T.);
#5472=EDGE_CURVE('',#4303,#4304,#1881,.T.);
#5473=EDGE_CURVE('',#4305,#4304,#3558,.T.);
#5474=EDGE_CURVE('',#4305,#4306,#1882,.T.);
#5475=EDGE_CURVE('',#4306,#4307,#3559,.T.);
#5476=EDGE_CURVE('',#4307,#4308,#1883,.T.);
#5477=EDGE_CURVE('',#4308,#4309,#3560,.T.);
#5478=EDGE_CURVE('',#4309,#4310,#1884,.T.);
#5479=EDGE_CURVE('',#4311,#4310,#3561,.T.);
#5480=EDGE_CURVE('',#4311,#4312,#1885,.T.);
#5481=EDGE_CURVE('',#4312,#4313,#1886,.T.);
#5482=EDGE_CURVE('',#4313,#4314,#1887,.T.);
#5483=EDGE_CURVE('',#4315,#4314,#3562,.T.);
#5484=EDGE_CURVE('',#4315,#4256,#1888,.T.);
#5485=EDGE_CURVE('',#4255,#4316,#1889,.T.);
#5486=EDGE_CURVE('',#4317,#4316,#3563,.T.);
#5487=EDGE_CURVE('',#4317,#4318,#1890,.T.);
#5488=EDGE_CURVE('',#4318,#4319,#1891,.T.);
#5489=EDGE_CURVE('',#4319,#4320,#1892,.T.);
#5490=EDGE_CURVE('',#4321,#4320,#3564,.T.);
#5491=EDGE_CURVE('',#4321,#4322,#1893,.T.);
#5492=EDGE_CURVE('',#4322,#4323,#3565,.T.);
#5493=EDGE_CURVE('',#4323,#4324,#1894,.T.);
#5494=EDGE_CURVE('',#4324,#4325,#3566,.T.);
#5495=EDGE_CURVE('',#4325,#4326,#1895,.T.);
#5496=EDGE_CURVE('',#4327,#4326,#3567,.T.);
#5497=EDGE_CURVE('',#4327,#4328,#1896,.T.);
#5498=EDGE_CURVE('',#4328,#4329,#1897,.T.);
#5499=EDGE_CURVE('',#4329,#4330,#1898,.T.);
#5500=EDGE_CURVE('',#4331,#4330,#3568,.T.);
#5501=EDGE_CURVE('',#4331,#4258,#1899,.T.);
#5502=EDGE_CURVE('',#4257,#4332,#1900,.T.);
#5503=EDGE_CURVE('',#4333,#4332,#3569,.T.);
#5504=EDGE_CURVE('',#4333,#4334,#1901,.T.);
#5505=EDGE_CURVE('',#4334,#4335,#1902,.T.);
#5506=EDGE_CURVE('',#4335,#4336,#1903,.T.);
#5507=EDGE_CURVE('',#4337,#4336,#3570,.T.);
#5508=EDGE_CURVE('',#4337,#4338,#1904,.T.);
#5509=EDGE_CURVE('',#4338,#4339,#3571,.T.);
#5510=EDGE_CURVE('',#4339,#4340,#1905,.T.);
#5511=EDGE_CURVE('',#4340,#4341,#3572,.T.);
#5512=EDGE_CURVE('',#4341,#4342,#1906,.T.);
#5513=EDGE_CURVE('',#4343,#4342,#3573,.T.);
#5514=EDGE_CURVE('',#4343,#4344,#1907,.T.);
#5515=EDGE_CURVE('',#4344,#4345,#1908,.T.);
#5516=EDGE_CURVE('',#4345,#4346,#1909,.T.);
#5517=EDGE_CURVE('',#4347,#4346,#3574,.T.);
#5518=EDGE_CURVE('',#4347,#4260,#1910,.T.);
#5519=EDGE_CURVE('',#4259,#4348,#1911,.T.);
#5520=EDGE_CURVE('',#4349,#4348,#3575,.T.);
#5521=EDGE_CURVE('',#4349,#4350,#1912,.T.);
#5522=EDGE_CURVE('',#4350,#4351,#1913,.T.);
#5523=EDGE_CURVE('',#4351,#4352,#1914,.T.);
#5524=EDGE_CURVE('',#4353,#4352,#3576,.T.);
#5525=EDGE_CURVE('',#4353,#4354,#1915,.T.);
#5526=EDGE_CURVE('',#4354,#4355,#3577,.T.);
#5527=EDGE_CURVE('',#4355,#4356,#1916,.T.);
#5528=EDGE_CURVE('',#4356,#4357,#3578,.T.);
#5529=EDGE_CURVE('',#4357,#4358,#1917,.T.);
#5530=EDGE_CURVE('',#4359,#4358,#3579,.T.);
#5531=EDGE_CURVE('',#4359,#4360,#1918,.T.);
#5532=EDGE_CURVE('',#4360,#4361,#1919,.T.);
#5533=EDGE_CURVE('',#4361,#4362,#1920,.T.);
#5534=EDGE_CURVE('',#4363,#4362,#3580,.T.);
#5535=EDGE_CURVE('',#4363,#4262,#1921,.T.);
#5536=EDGE_CURVE('',#4261,#4364,#1922,.T.);
#5537=EDGE_CURVE('',#4365,#4364,#3581,.T.);
#5538=EDGE_CURVE('',#4365,#4366,#1923,.T.);
#5539=EDGE_CURVE('',#4366,#4367,#1924,.T.);
#5540=EDGE_CURVE('',#4367,#4368,#1925,.T.);
#5541=EDGE_CURVE('',#4369,#4368,#3582,.T.);
#5542=EDGE_CURVE('',#4369,#4370,#1926,.T.);
#5543=EDGE_CURVE('',#4370,#4371,#3583,.T.);
#5544=EDGE_CURVE('',#4371,#4372,#1927,.T.);
#5545=EDGE_CURVE('',#4372,#4373,#3584,.T.);
#5546=EDGE_CURVE('',#4373,#4374,#1928,.T.);
#5547=EDGE_CURVE('',#4375,#4374,#3585,.T.);
#5548=EDGE_CURVE('',#4375,#4376,#1929,.T.);
#5549=EDGE_CURVE('',#4376,#4377,#1930,.T.);
#5550=EDGE_CURVE('',#4377,#4378,#1931,.T.);
#5551=EDGE_CURVE('',#4379,#4378,#3586,.T.);
#5552=EDGE_CURVE('',#4379,#4380,#1932,.T.);
#5553=EDGE_CURVE('',#4381,#4380,#3587,.T.);
#5554=EDGE_CURVE('',#4381,#4382,#1933,.T.);
#5555=EDGE_CURVE('',#4383,#4382,#3588,.T.);
#5556=EDGE_CURVE('',#4383,#4384,#1934,.T.);
#5557=EDGE_CURVE('',#4384,#4385,#1935,.T.);
#5558=EDGE_CURVE('',#4385,#4386,#1936,.T.);
#5559=EDGE_CURVE('',#4387,#4386,#3589,.T.);
#5560=EDGE_CURVE('',#4387,#4388,#1937,.T.);
#5561=EDGE_CURVE('',#4388,#4389,#3590,.T.);
#5562=EDGE_CURVE('',#4389,#4390,#1938,.T.);
#5563=EDGE_CURVE('',#4390,#4149,#3591,.T.);
#5564=EDGE_CURVE('',#4391,#4148,#3592,.T.);
#5565=EDGE_CURVE('',#4391,#4392,#1939,.T.);
#5566=EDGE_CURVE('',#4392,#4393,#1940,.T.);
#5567=EDGE_CURVE('',#4393,#4394,#1941,.T.);
#5568=EDGE_CURVE('',#4145,#4394,#3593,.T.);
#5569=EDGE_CURVE('',#4395,#4154,#3594,.T.);
#5570=EDGE_CURVE('',#4395,#4396,#1942,.T.);
#5571=EDGE_CURVE('',#4396,#4397,#1943,.T.);
#5572=EDGE_CURVE('',#4397,#4398,#1944,.T.);
#5573=EDGE_CURVE('',#4151,#4398,#3595,.T.);
#5574=EDGE_CURVE('',#4150,#4399,#3596,.T.);
#5575=EDGE_CURVE('',#4399,#4400,#1945,.T.);
#5576=EDGE_CURVE('',#4400,#4161,#3597,.T.);
#5577=EDGE_CURVE('',#4401,#4160,#3598,.T.);
#5578=EDGE_CURVE('',#4401,#4402,#1946,.T.);
#5579=EDGE_CURVE('',#4402,#4403,#1947,.T.);
#5580=EDGE_CURVE('',#4403,#4404,#1948,.T.);
#5581=EDGE_CURVE('',#4157,#4404,#3599,.T.);
#5582=EDGE_CURVE('',#4405,#4166,#3600,.T.);
#5583=EDGE_CURVE('',#4405,#4406,#1949,.T.);
#5584=EDGE_CURVE('',#4406,#4407,#1950,.T.);
#5585=EDGE_CURVE('',#4407,#4408,#1951,.T.);
#5586=EDGE_CURVE('',#4163,#4408,#3601,.T.);
#5587=EDGE_CURVE('',#4162,#4409,#3602,.T.);
#5588=EDGE_CURVE('',#4409,#4410,#1952,.T.);
#5589=EDGE_CURVE('',#4410,#4173,#3603,.T.);
#5590=EDGE_CURVE('',#4411,#4172,#3604,.T.);
#5591=EDGE_CURVE('',#4411,#4412,#1953,.T.);
#5592=EDGE_CURVE('',#4412,#4413,#1954,.T.);
#5593=EDGE_CURVE('',#4413,#4414,#1955,.T.);
#5594=EDGE_CURVE('',#4169,#4414,#3605,.T.);
#5595=EDGE_CURVE('',#4415,#4178,#3606,.T.);
#5596=EDGE_CURVE('',#4415,#4416,#1956,.T.);
#5597=EDGE_CURVE('',#4416,#4417,#1957,.T.);
#5598=EDGE_CURVE('',#4417,#4418,#1958,.T.);
#5599=EDGE_CURVE('',#4175,#4418,#3607,.T.);
#5600=EDGE_CURVE('',#4174,#4419,#3608,.T.);
#5601=EDGE_CURVE('',#4419,#4420,#1959,.T.);
#5602=EDGE_CURVE('',#4420,#4185,#3609,.T.);
#5603=EDGE_CURVE('',#4421,#4184,#3610,.T.);
#5604=EDGE_CURVE('',#4421,#4422,#1960,.T.);
#5605=EDGE_CURVE('',#4422,#4423,#1961,.T.);
#5606=EDGE_CURVE('',#4423,#4424,#1962,.T.);
#5607=EDGE_CURVE('',#4181,#4424,#3611,.T.);
#5608=EDGE_CURVE('',#4425,#4190,#3612,.T.);
#5609=EDGE_CURVE('',#4425,#4426,#1963,.T.);
#5610=EDGE_CURVE('',#4426,#4427,#1964,.T.);
#5611=EDGE_CURVE('',#4427,#4428,#1965,.T.);
#5612=EDGE_CURVE('',#4187,#4428,#3613,.T.);
#5613=EDGE_CURVE('',#4186,#4429,#3614,.T.);
#5614=EDGE_CURVE('',#4429,#4430,#1966,.T.);
#5615=EDGE_CURVE('',#4430,#4197,#3615,.T.);
#5616=EDGE_CURVE('',#4431,#4196,#3616,.T.);
#5617=EDGE_CURVE('',#4431,#4432,#1967,.T.);
#5618=EDGE_CURVE('',#4432,#4433,#1968,.T.);
#5619=EDGE_CURVE('',#4433,#4434,#1969,.T.);
#5620=EDGE_CURVE('',#4193,#4434,#3617,.T.);
#5621=EDGE_CURVE('',#4435,#4202,#3618,.T.);
#5622=EDGE_CURVE('',#4435,#4436,#1970,.T.);
#5623=EDGE_CURVE('',#4436,#4437,#1971,.T.);
#5624=EDGE_CURVE('',#4437,#4438,#1972,.T.);
#5625=EDGE_CURVE('',#4199,#4438,#3619,.T.);
#5626=EDGE_CURVE('',#4198,#4439,#3620,.T.);
#5627=EDGE_CURVE('',#4439,#4440,#1973,.T.);
#5628=EDGE_CURVE('',#4440,#4209,#3621,.T.);
#5629=EDGE_CURVE('',#4441,#4208,#3622,.T.);
#5630=EDGE_CURVE('',#4441,#4442,#1974,.T.);
#5631=EDGE_CURVE('',#4442,#4443,#1975,.T.);
#5632=EDGE_CURVE('',#4443,#4444,#1976,.T.);
#5633=EDGE_CURVE('',#4205,#4444,#3623,.T.);
#5634=EDGE_CURVE('',#4445,#4214,#3624,.T.);
#5635=EDGE_CURVE('',#4445,#4446,#1977,.T.);
#5636=EDGE_CURVE('',#4446,#4447,#1978,.T.);
#5637=EDGE_CURVE('',#4447,#4448,#1979,.T.);
#5638=EDGE_CURVE('',#4211,#4448,#3625,.T.);
#5639=EDGE_CURVE('',#4210,#4449,#3626,.T.);
#5640=EDGE_CURVE('',#4449,#4450,#1980,.T.);
#5641=EDGE_CURVE('',#4450,#4221,#3627,.T.);
#5642=EDGE_CURVE('',#4451,#4220,#3628,.T.);
#5643=EDGE_CURVE('',#4451,#4452,#1981,.T.);
#5644=EDGE_CURVE('',#4452,#4453,#1982,.T.);
#5645=EDGE_CURVE('',#4453,#4454,#1983,.T.);
#5646=EDGE_CURVE('',#4217,#4454,#3629,.T.);
#5647=EDGE_CURVE('',#4455,#4226,#3630,.T.);
#5648=EDGE_CURVE('',#4455,#4456,#1984,.T.);
#5649=EDGE_CURVE('',#4456,#4457,#1985,.T.);
#5650=EDGE_CURVE('',#4457,#4458,#1986,.T.);
#5651=EDGE_CURVE('',#4223,#4458,#3631,.T.);
#5652=EDGE_CURVE('',#4222,#4459,#3632,.T.);
#5653=EDGE_CURVE('',#4459,#4460,#1987,.T.);
#5654=EDGE_CURVE('',#4460,#4233,#3633,.T.);
#5655=EDGE_CURVE('',#4461,#4232,#3634,.T.);
#5656=EDGE_CURVE('',#4461,#4462,#1988,.T.);
#5657=EDGE_CURVE('',#4462,#4463,#1989,.T.);
#5658=EDGE_CURVE('',#4463,#4464,#1990,.T.);
#5659=EDGE_CURVE('',#4229,#4464,#3635,.T.);
#5660=EDGE_CURVE('',#4465,#4238,#3636,.T.);
#5661=EDGE_CURVE('',#4465,#4466,#1991,.T.);
#5662=EDGE_CURVE('',#4466,#4467,#1992,.T.);
#5663=EDGE_CURVE('',#4467,#4468,#1993,.T.);
#5664=EDGE_CURVE('',#4235,#4468,#3637,.T.);
#5665=EDGE_CURVE('',#4234,#4469,#3638,.T.);
#5666=EDGE_CURVE('',#4469,#4470,#1994,.T.);
#5667=EDGE_CURVE('',#4470,#4245,#3639,.T.);
#5668=EDGE_CURVE('',#4471,#4244,#3640,.T.);
#5669=EDGE_CURVE('',#4471,#4472,#1995,.T.);
#5670=EDGE_CURVE('',#4472,#4473,#1996,.T.);
#5671=EDGE_CURVE('',#4473,#4474,#1997,.T.);
#5672=EDGE_CURVE('',#4241,#4474,#3641,.T.);
#5673=EDGE_CURVE('',#4475,#4267,#3642,.T.);
#5674=EDGE_CURVE('',#4475,#4476,#1998,.T.);
#5675=EDGE_CURVE('',#4476,#4477,#1999,.T.);
#5676=EDGE_CURVE('',#4477,#4478,#2000,.T.);
#5677=EDGE_CURVE('',#4264,#4478,#3643,.T.);
#5678=EDGE_CURVE('',#4263,#4479,#3644,.T.);
#5679=EDGE_CURVE('',#4479,#4480,#2001,.T.);
#5680=EDGE_CURVE('',#4480,#4481,#3645,.T.);
#5681=EDGE_CURVE('',#4481,#4482,#2002,.T.);
#5682=EDGE_CURVE('',#4483,#4482,#3646,.T.);
#5683=EDGE_CURVE('',#4483,#4484,#2003,.T.);
#5684=EDGE_CURVE('',#4484,#4485,#2004,.T.);
#5685=EDGE_CURVE('',#4485,#4486,#2005,.T.);
#5686=EDGE_CURVE('',#4487,#4486,#3647,.T.);
#5687=EDGE_CURVE('',#4487,#4248,#2006,.T.);
#5688=EDGE_CURVE('',#4247,#4488,#2007,.T.);
#5689=EDGE_CURVE('',#4489,#4488,#3648,.T.);
#5690=EDGE_CURVE('',#4489,#4490,#2008,.T.);
#5691=EDGE_CURVE('',#4490,#4491,#2009,.T.);
#5692=EDGE_CURVE('',#4491,#4492,#2010,.T.);
#5693=EDGE_CURVE('',#4493,#4492,#3649,.T.);
#5694=EDGE_CURVE('',#4493,#4494,#2011,.T.);
#5695=EDGE_CURVE('',#4494,#4495,#3650,.T.);
#5696=EDGE_CURVE('',#4495,#4496,#2012,.T.);
#5697=EDGE_CURVE('',#4496,#4497,#3651,.T.);
#5698=EDGE_CURVE('',#4497,#4498,#2013,.T.);
#5699=EDGE_CURVE('',#4499,#4498,#3652,.T.);
#5700=EDGE_CURVE('',#4499,#4500,#2014,.T.);
#5701=EDGE_CURVE('',#4500,#4501,#2015,.T.);
#5702=EDGE_CURVE('',#4501,#4502,#2016,.T.);
#5703=EDGE_CURVE('',#4503,#4502,#3653,.T.);
#5704=EDGE_CURVE('',#4503,#4250,#2017,.T.);
#5705=EDGE_CURVE('',#4249,#4504,#2018,.T.);
#5706=EDGE_CURVE('',#4505,#4504,#3654,.T.);
#5707=EDGE_CURVE('',#4505,#4506,#2019,.T.);
#5708=EDGE_CURVE('',#4506,#4272,#2020,.T.);
#5709=EDGE_CURVE('',#4507,#4507,#3655,.T.);
#5710=EDGE_CURVE('',#4278,#4508,#2021,.T.);
#5711=EDGE_CURVE('',#4508,#4509,#3656,.F.);
#5712=EDGE_CURVE('',#4509,#4279,#2022,.T.);
#5713=EDGE_CURVE('',#4510,#4283,#2023,.T.);
#5714=EDGE_CURVE('',#4508,#4510,#2024,.T.);
#5715=EDGE_CURVE('',#4277,#3736,#2025,.T.);
#5716=EDGE_CURVE('',#4504,#4511,#2026,.T.);
#5717=EDGE_CURVE('',#4511,#4512,#3657,.F.);
#5718=EDGE_CURVE('',#4512,#4505,#2027,.T.);
#5719=EDGE_CURVE('',#4274,#3728,#2028,.T.);
#5720=EDGE_CURVE('',#4511,#4271,#2029,.T.);
#5721=EDGE_CURVE('',#4282,#4513,#2030,.T.);
#5722=EDGE_CURVE('',#4513,#4510,#3658,.F.);
#5723=EDGE_CURVE('',#4281,#4514,#2031,.T.);
#5724=EDGE_CURVE('',#4514,#4513,#2032,.T.);
#5725=EDGE_CURVE('',#4288,#4515,#2033,.T.);
#5726=EDGE_CURVE('',#4515,#4516,#3659,.F.);
#5727=EDGE_CURVE('',#4516,#4289,#2034,.T.);
#5728=EDGE_CURVE('',#4287,#4517,#2035,.T.);
#5729=EDGE_CURVE('',#4517,#4515,#2036,.T.);
#5730=EDGE_CURVE('',#4294,#4518,#2037,.T.);
#5731=EDGE_CURVE('',#4518,#4519,#3660,.F.);
#5732=EDGE_CURVE('',#4519,#4295,#2038,.T.);
#5733=EDGE_CURVE('',#4520,#4299,#2039,.T.);
#5734=EDGE_CURVE('',#4518,#4520,#2040,.T.);
#5735=EDGE_CURVE('',#4293,#3748,#2041,.T.);
#5736=EDGE_CURVE('',#4284,#4521,#2042,.T.);
#5737=EDGE_CURVE('',#4521,#4522,#3661,.F.);
#5738=EDGE_CURVE('',#4522,#4285,#2043,.T.);
#5739=EDGE_CURVE('',#4290,#3740,#2044,.T.);
#5740=EDGE_CURVE('',#4521,#4516,#2045,.T.);
#5741=EDGE_CURVE('',#4298,#4523,#2046,.T.);
#5742=EDGE_CURVE('',#4523,#4520,#3662,.F.);
#5743=EDGE_CURVE('',#4297,#4524,#2047,.T.);
#5744=EDGE_CURVE('',#4524,#4523,#2048,.T.);
#5745=EDGE_CURVE('',#4304,#4525,#2049,.T.);
#5746=EDGE_CURVE('',#4525,#4526,#3663,.F.);
#5747=EDGE_CURVE('',#4526,#4305,#2050,.T.);
#5748=EDGE_CURVE('',#4303,#4527,#2051,.T.);
#5749=EDGE_CURVE('',#4527,#4525,#2052,.T.);
#5750=EDGE_CURVE('',#4310,#4528,#2053,.T.);
#5751=EDGE_CURVE('',#4528,#4529,#3664,.F.);
#5752=EDGE_CURVE('',#4529,#4311,#2054,.T.);
#5753=EDGE_CURVE('',#4530,#4315,#2055,.T.);
#5754=EDGE_CURVE('',#4528,#4530,#2056,.T.);
#5755=EDGE_CURVE('',#4309,#3760,#2057,.T.);
#5756=EDGE_CURVE('',#4300,#4531,#2058,.T.);
#5757=EDGE_CURVE('',#4531,#4532,#3665,.F.);
#5758=EDGE_CURVE('',#4532,#4301,#2059,.T.);
#5759=EDGE_CURVE('',#4306,#3752,#2060,.T.);
#5760=EDGE_CURVE('',#4531,#4526,#2061,.T.);
#5761=EDGE_CURVE('',#4314,#4533,#2062,.T.);
#5762=EDGE_CURVE('',#4533,#4530,#3666,.F.);
#5763=EDGE_CURVE('',#4313,#4534,#2063,.T.);
#5764=EDGE_CURVE('',#4534,#4533,#2064,.T.);
#5765=EDGE_CURVE('',#4320,#4535,#2065,.T.);
#5766=EDGE_CURVE('',#4535,#4536,#3667,.F.);
#5767=EDGE_CURVE('',#4536,#4321,#2066,.T.);
#5768=EDGE_CURVE('',#4319,#4537,#2067,.T.);
#5769=EDGE_CURVE('',#4537,#4535,#2068,.T.);
#5770=EDGE_CURVE('',#4326,#4538,#2069,.T.);
#5771=EDGE_CURVE('',#4538,#4539,#3668,.F.);
#5772=EDGE_CURVE('',#4539,#4327,#2070,.T.);
#5773=EDGE_CURVE('',#4540,#4331,#2071,.T.);
#5774=EDGE_CURVE('',#4538,#4540,#2072,.T.);
#5775=EDGE_CURVE('',#4325,#3772,#2073,.T.);
#5776=EDGE_CURVE('',#4316,#4541,#2074,.T.);
#5777=EDGE_CURVE('',#4541,#4542,#3669,.F.);
#5778=EDGE_CURVE('',#4542,#4317,#2075,.T.);
#5779=EDGE_CURVE('',#4322,#3764,#2076,.T.);
#5780=EDGE_CURVE('',#4541,#4536,#2077,.T.);
#5781=EDGE_CURVE('',#4330,#4543,#2078,.T.);
#5782=EDGE_CURVE('',#4543,#4540,#3670,.F.);
#5783=EDGE_CURVE('',#4329,#4544,#2079,.T.);
#5784=EDGE_CURVE('',#4544,#4543,#2080,.T.);
#5785=EDGE_CURVE('',#4336,#4545,#2081,.T.);
#5786=EDGE_CURVE('',#4545,#4546,#3671,.F.);
#5787=EDGE_CURVE('',#4546,#4337,#2082,.T.);
#5788=EDGE_CURVE('',#4335,#4547,#2083,.T.);
#5789=EDGE_CURVE('',#4547,#4545,#2084,.T.);
#5790=EDGE_CURVE('',#4342,#4548,#2085,.T.);
#5791=EDGE_CURVE('',#4548,#4549,#3672,.F.);
#5792=EDGE_CURVE('',#4549,#4343,#2086,.T.);
#5793=EDGE_CURVE('',#4550,#4347,#2087,.T.);
#5794=EDGE_CURVE('',#4548,#4550,#2088,.T.);
#5795=EDGE_CURVE('',#4341,#3784,#2089,.T.);
#5796=EDGE_CURVE('',#4332,#4551,#2090,.T.);
#5797=EDGE_CURVE('',#4551,#4552,#3673,.F.);
#5798=EDGE_CURVE('',#4552,#4333,#2091,.T.);
#5799=EDGE_CURVE('',#4338,#3776,#2092,.T.);
#5800=EDGE_CURVE('',#4551,#4546,#2093,.T.);
#5801=EDGE_CURVE('',#4346,#4553,#2094,.T.);
#5802=EDGE_CURVE('',#4553,#4550,#3674,.F.);
#5803=EDGE_CURVE('',#4345,#4554,#2095,.T.);
#5804=EDGE_CURVE('',#4554,#4553,#2096,.T.);
#5805=EDGE_CURVE('',#4352,#4555,#2097,.T.);
#5806=EDGE_CURVE('',#4555,#4556,#3675,.F.);
#5807=EDGE_CURVE('',#4556,#4353,#2098,.T.);
#5808=EDGE_CURVE('',#4351,#4557,#2099,.T.);
#5809=EDGE_CURVE('',#4557,#4555,#2100,.T.);
#5810=EDGE_CURVE('',#4358,#4558,#2101,.T.);
#5811=EDGE_CURVE('',#4558,#4559,#3676,.F.);
#5812=EDGE_CURVE('',#4559,#4359,#2102,.T.);
#5813=EDGE_CURVE('',#4560,#4363,#2103,.T.);
#5814=EDGE_CURVE('',#4558,#4560,#2104,.T.);
#5815=EDGE_CURVE('',#4357,#3796,#2105,.T.);
#5816=EDGE_CURVE('',#4348,#4561,#2106,.T.);
#5817=EDGE_CURVE('',#4561,#4562,#3677,.F.);
#5818=EDGE_CURVE('',#4562,#4349,#2107,.T.);
#5819=EDGE_CURVE('',#4354,#3788,#2108,.T.);
#5820=EDGE_CURVE('',#4561,#4556,#2109,.T.);
#5821=EDGE_CURVE('',#4362,#4563,#2110,.T.);
#5822=EDGE_CURVE('',#4563,#4560,#3678,.F.);
#5823=EDGE_CURVE('',#4361,#4564,#2111,.T.);
#5824=EDGE_CURVE('',#4564,#4563,#2112,.T.);
#5825=EDGE_CURVE('',#4368,#4565,#2113,.T.);
#5826=EDGE_CURVE('',#4565,#4566,#3679,.F.);
#5827=EDGE_CURVE('',#4566,#4369,#2114,.T.);
#5828=EDGE_CURVE('',#4367,#4567,#2115,.T.);
#5829=EDGE_CURVE('',#4567,#4565,#2116,.T.);
#5830=EDGE_CURVE('',#4374,#4568,#2117,.T.);
#5831=EDGE_CURVE('',#4568,#4569,#3680,.F.);
#5832=EDGE_CURVE('',#4569,#4375,#2118,.T.);
#5833=EDGE_CURVE('',#4380,#4119,#2119,.T.);
#5834=EDGE_CURVE('',#4570,#4379,#2120,.T.);
#5835=EDGE_CURVE('',#4568,#4570,#2121,.T.);
#5836=EDGE_CURVE('',#4373,#3808,#2122,.T.);
#5837=EDGE_CURVE('',#4364,#4571,#2123,.T.);
#5838=EDGE_CURVE('',#4571,#4572,#3681,.F.);
#5839=EDGE_CURVE('',#4572,#4365,#2124,.T.);
#5840=EDGE_CURVE('',#4370,#3800,#2125,.T.);
#5841=EDGE_CURVE('',#4571,#4566,#2126,.T.);
#5842=EDGE_CURVE('',#4378,#4573,#2127,.T.);
#5843=EDGE_CURVE('',#4573,#4570,#3682,.F.);
#5844=EDGE_CURVE('',#4377,#4574,#2128,.T.);
#5845=EDGE_CURVE('',#4574,#4573,#2129,.T.);
#5846=EDGE_CURVE('',#4386,#4575,#2130,.T.);
#5847=EDGE_CURVE('',#4575,#4576,#3683,.F.);
#5848=EDGE_CURVE('',#4576,#4387,#2131,.T.);
#5849=EDGE_CURVE('',#4385,#4577,#2132,.T.);
#5850=EDGE_CURVE('',#4577,#4575,#2133,.T.);
#5851=EDGE_CURVE('',#4147,#4578,#3684,.F.);
#5852=EDGE_CURVE('',#4578,#4391,#2134,.T.);
#5853=EDGE_CURVE('',#4382,#4579,#2135,.T.);
#5854=EDGE_CURVE('',#4579,#4580,#3685,.F.);
#5855=EDGE_CURVE('',#4580,#4383,#2136,.T.);
#5856=EDGE_CURVE('',#4388,#3812,#2137,.T.);
#5857=EDGE_CURVE('',#4579,#4576,#2138,.T.);
#5858=EDGE_CURVE('',#4118,#4381,#2139,.T.);
#5859=EDGE_CURVE('',#4394,#4581,#2140,.T.);
#5860=EDGE_CURVE('',#4581,#4146,#3686,.F.);
#5861=EDGE_CURVE('',#4393,#4582,#2141,.T.);
#5862=EDGE_CURVE('',#4582,#4581,#2142,.T.);
#5863=EDGE_CURVE('',#4398,#4583,#2143,.T.);
#5864=EDGE_CURVE('',#4583,#4152,#3687,.F.);
#5865=EDGE_CURVE('',#4397,#4584,#2144,.T.);
#5866=EDGE_CURVE('',#4584,#4583,#2145,.T.);
#5867=EDGE_CURVE('',#4159,#4585,#3688,.F.);
#5868=EDGE_CURVE('',#4585,#4401,#2146,.T.);
#5869=EDGE_CURVE('',#4153,#4586,#3689,.F.);
#5870=EDGE_CURVE('',#4586,#4395,#2147,.T.);
#5871=EDGE_CURVE('',#4404,#4587,#2148,.T.);
#5872=EDGE_CURVE('',#4587,#4158,#3690,.F.);
#5873=EDGE_CURVE('',#4403,#4588,#2149,.T.);
#5874=EDGE_CURVE('',#4588,#4587,#2150,.T.);
#5875=EDGE_CURVE('',#4408,#4589,#2151,.T.);
#5876=EDGE_CURVE('',#4589,#4164,#3691,.F.);
#5877=EDGE_CURVE('',#4407,#4590,#2152,.T.);
#5878=EDGE_CURVE('',#4590,#4589,#2153,.T.);
#5879=EDGE_CURVE('',#4171,#4591,#3692,.F.);
#5880=EDGE_CURVE('',#4591,#4411,#2154,.T.);
#5881=EDGE_CURVE('',#4165,#4592,#3693,.F.);
#5882=EDGE_CURVE('',#4592,#4405,#2155,.T.);
#5883=EDGE_CURVE('',#4414,#4593,#2156,.T.);
#5884=EDGE_CURVE('',#4593,#4170,#3694,.F.);
#5885=EDGE_CURVE('',#4413,#4594,#2157,.T.);
#5886=EDGE_CURVE('',#4594,#4593,#2158,.T.);
#5887=EDGE_CURVE('',#4418,#4595,#2159,.T.);
#5888=EDGE_CURVE('',#4595,#4176,#3695,.F.);
#5889=EDGE_CURVE('',#4417,#4596,#2160,.T.);
#5890=EDGE_CURVE('',#4596,#4595,#2161,.T.);
#5891=EDGE_CURVE('',#4183,#4597,#3696,.F.);
#5892=EDGE_CURVE('',#4597,#4421,#2162,.T.);
#5893=EDGE_CURVE('',#4177,#4598,#3697,.F.);
#5894=EDGE_CURVE('',#4598,#4415,#2163,.T.);
#5895=EDGE_CURVE('',#4424,#4599,#2164,.T.);
#5896=EDGE_CURVE('',#4599,#4182,#3698,.F.);
#5897=EDGE_CURVE('',#4423,#4600,#2165,.T.);
#5898=EDGE_CURVE('',#4600,#4599,#2166,.T.);
#5899=EDGE_CURVE('',#4428,#4601,#2167,.T.);
#5900=EDGE_CURVE('',#4601,#4188,#3699,.F.);
#5901=EDGE_CURVE('',#4427,#4602,#2168,.T.);
#5902=EDGE_CURVE('',#4602,#4601,#2169,.T.);
#5903=EDGE_CURVE('',#4195,#4603,#3700,.F.);
#5904=EDGE_CURVE('',#4603,#4431,#2170,.T.);
#5905=EDGE_CURVE('',#4189,#4604,#3701,.F.);
#5906=EDGE_CURVE('',#4604,#4425,#2171,.T.);
#5907=EDGE_CURVE('',#4434,#4605,#2172,.T.);
#5908=EDGE_CURVE('',#4605,#4194,#3702,.F.);
#5909=EDGE_CURVE('',#4433,#4606,#2173,.T.);
#5910=EDGE_CURVE('',#4606,#4605,#2174,.T.);
#5911=EDGE_CURVE('',#4438,#4607,#2175,.T.);
#5912=EDGE_CURVE('',#4607,#4200,#3703,.F.);
#5913=EDGE_CURVE('',#4437,#4608,#2176,.T.);
#5914=EDGE_CURVE('',#4608,#4607,#2177,.T.);
#5915=EDGE_CURVE('',#4207,#4609,#3704,.F.);
#5916=EDGE_CURVE('',#4609,#4441,#2178,.T.);
#5917=EDGE_CURVE('',#4201,#4610,#3705,.F.);
#5918=EDGE_CURVE('',#4610,#4435,#2179,.T.);
#5919=EDGE_CURVE('',#4444,#4611,#2180,.T.);
#5920=EDGE_CURVE('',#4611,#4206,#3706,.F.);
#5921=EDGE_CURVE('',#4443,#4612,#2181,.T.);
#5922=EDGE_CURVE('',#4612,#4611,#2182,.T.);
#5923=EDGE_CURVE('',#4448,#4613,#2183,.T.);
#5924=EDGE_CURVE('',#4613,#4212,#3707,.F.);
#5925=EDGE_CURVE('',#4447,#4614,#2184,.T.);
#5926=EDGE_CURVE('',#4614,#4613,#2185,.T.);
#5927=EDGE_CURVE('',#4219,#4615,#3708,.F.);
#5928=EDGE_CURVE('',#4615,#4451,#2186,.T.);
#5929=EDGE_CURVE('',#4213,#4616,#3709,.F.);
#5930=EDGE_CURVE('',#4616,#4445,#2187,.T.);
#5931=EDGE_CURVE('',#4454,#4617,#2188,.T.);
#5932=EDGE_CURVE('',#4617,#4218,#3710,.F.);
#5933=EDGE_CURVE('',#4453,#4618,#2189,.T.);
#5934=EDGE_CURVE('',#4618,#4617,#2190,.T.);
#5935=EDGE_CURVE('',#4458,#4619,#2191,.T.);
#5936=EDGE_CURVE('',#4619,#4224,#3711,.F.);
#5937=EDGE_CURVE('',#4457,#4620,#2192,.T.);
#5938=EDGE_CURVE('',#4620,#4619,#2193,.T.);
#5939=EDGE_CURVE('',#4231,#4621,#3712,.F.);
#5940=EDGE_CURVE('',#4621,#4461,#2194,.T.);
#5941=EDGE_CURVE('',#4225,#4622,#3713,.F.);
#5942=EDGE_CURVE('',#4622,#4455,#2195,.T.);
#5943=EDGE_CURVE('',#4464,#4623,#2196,.T.);
#5944=EDGE_CURVE('',#4623,#4230,#3714,.F.);
#5945=EDGE_CURVE('',#4463,#4624,#2197,.T.);
#5946=EDGE_CURVE('',#4624,#4623,#2198,.T.);
#5947=EDGE_CURVE('',#4468,#4625,#2199,.T.);
#5948=EDGE_CURVE('',#4625,#4236,#3715,.F.);
#5949=EDGE_CURVE('',#4467,#4626,#2200,.T.);
#5950=EDGE_CURVE('',#4626,#4625,#2201,.T.);
#5951=EDGE_CURVE('',#4243,#4627,#3716,.F.);
#5952=EDGE_CURVE('',#4627,#4471,#2202,.T.);
#5953=EDGE_CURVE('',#4237,#4628,#3717,.F.);
#5954=EDGE_CURVE('',#4628,#4465,#2203,.T.);
#5955=EDGE_CURVE('',#4474,#4629,#2204,.T.);
#5956=EDGE_CURVE('',#4629,#4242,#3718,.F.);
#5957=EDGE_CURVE('',#4473,#4630,#2205,.T.);
#5958=EDGE_CURVE('',#4630,#4629,#2206,.T.);
#5959=EDGE_CURVE('',#4478,#4631,#2207,.T.);
#5960=EDGE_CURVE('',#4631,#4265,#3719,.F.);
#5961=EDGE_CURVE('',#4477,#4632,#2208,.T.);
#5962=EDGE_CURVE('',#4632,#4631,#2209,.T.);
#5963=EDGE_CURVE('',#4482,#4633,#2210,.T.);
#5964=EDGE_CURVE('',#4633,#4634,#3720,.F.);
#5965=EDGE_CURVE('',#4634,#4483,#2211,.T.);
#5966=EDGE_CURVE('',#4635,#4487,#2212,.T.);
#5967=EDGE_CURVE('',#4633,#4635,#2213,.T.);
#5968=EDGE_CURVE('',#4481,#3928,#2214,.T.);
#5969=EDGE_CURVE('',#4266,#4636,#3721,.F.);
#5970=EDGE_CURVE('',#4636,#4475,#2215,.T.);
#5971=EDGE_CURVE('',#4636,#4637,#2216,.T.);
#5972=EDGE_CURVE('',#4476,#4637,#2217,.T.);
#5973=EDGE_CURVE('',#4486,#4638,#2218,.T.);
#5974=EDGE_CURVE('',#4638,#4635,#3722,.F.);
#5975=EDGE_CURVE('',#4512,#4639,#2219,.T.);
#5976=EDGE_CURVE('',#4506,#4639,#2220,.T.);
#5977=EDGE_CURVE('',#4639,#4273,#2221,.T.);
#5978=EDGE_CURVE('',#4640,#4514,#2222,.T.);
#5979=EDGE_CURVE('',#4509,#4640,#2223,.T.);
#5980=EDGE_CURVE('',#4280,#4640,#2224,.T.);
#5981=EDGE_CURVE('',#4276,#3734,#2225,.T.);
#5982=EDGE_CURVE('',#4275,#3732,#2226,.T.);
#5983=EDGE_CURVE('',#4522,#4641,#2227,.T.);
#5984=EDGE_CURVE('',#4286,#4641,#2228,.T.);
#5985=EDGE_CURVE('',#4641,#4517,#2229,.T.);
#5986=EDGE_CURVE('',#4642,#4524,#2230,.T.);
#5987=EDGE_CURVE('',#4519,#4642,#2231,.T.);
#5988=EDGE_CURVE('',#4296,#4642,#2232,.T.);
#5989=EDGE_CURVE('',#4292,#3746,#2233,.T.);
#5990=EDGE_CURVE('',#4291,#3744,#2234,.T.);
#5991=EDGE_CURVE('',#4532,#4643,#2235,.T.);
#5992=EDGE_CURVE('',#4302,#4643,#2236,.T.);
#5993=EDGE_CURVE('',#4643,#4527,#2237,.T.);
#5994=EDGE_CURVE('',#4644,#4534,#2238,.T.);
#5995=EDGE_CURVE('',#4529,#4644,#2239,.T.);
#5996=EDGE_CURVE('',#4312,#4644,#2240,.T.);
#5997=EDGE_CURVE('',#4308,#3758,#2241,.T.);
#5998=EDGE_CURVE('',#4307,#3756,#2242,.T.);
#5999=EDGE_CURVE('',#4542,#4645,#2243,.T.);
#6000=EDGE_CURVE('',#4318,#4645,#2244,.T.);
#6001=EDGE_CURVE('',#4645,#4537,#2245,.T.);
#6002=EDGE_CURVE('',#4646,#4544,#2246,.T.);
#6003=EDGE_CURVE('',#4539,#4646,#2247,.T.);
#6004=EDGE_CURVE('',#4328,#4646,#2248,.T.);
#6005=EDGE_CURVE('',#4324,#3770,#2249,.T.);
#6006=EDGE_CURVE('',#4323,#3768,#2250,.T.);
#6007=EDGE_CURVE('',#4552,#4647,#2251,.T.);
#6008=EDGE_CURVE('',#4334,#4647,#2252,.T.);
#6009=EDGE_CURVE('',#4647,#4547,#2253,.T.);
#6010=EDGE_CURVE('',#4648,#4554,#2254,.T.);
#6011=EDGE_CURVE('',#4549,#4648,#2255,.T.);
#6012=EDGE_CURVE('',#4344,#4648,#2256,.T.);
#6013=EDGE_CURVE('',#4340,#3782,#2257,.T.);
#6014=EDGE_CURVE('',#4339,#3780,#2258,.T.);
#6015=EDGE_CURVE('',#4562,#4649,#2259,.T.);
#6016=EDGE_CURVE('',#4350,#4649,#2260,.T.);
#6017=EDGE_CURVE('',#4649,#4557,#2261,.T.);
#6018=EDGE_CURVE('',#4650,#4564,#2262,.T.);
#6019=EDGE_CURVE('',#4559,#4650,#2263,.T.);
#6020=EDGE_CURVE('',#4360,#4650,#2264,.T.);
#6021=EDGE_CURVE('',#4356,#3794,#2265,.T.);
#6022=EDGE_CURVE('',#4355,#3792,#2266,.T.);
#6023=EDGE_CURVE('',#4572,#4651,#2267,.T.);
#6024=EDGE_CURVE('',#4366,#4651,#2268,.T.);
#6025=EDGE_CURVE('',#4651,#4567,#2269,.T.);
#6026=EDGE_CURVE('',#4652,#4574,#2270,.T.);
#6027=EDGE_CURVE('',#4569,#4652,#2271,.T.);
#6028=EDGE_CURVE('',#4376,#4652,#2272,.T.);
#6029=EDGE_CURVE('',#4372,#3806,#2273,.T.);
#6030=EDGE_CURVE('',#4371,#3804,#2274,.T.);
#6031=EDGE_CURVE('',#4580,#4653,#2275,.T.);
#6032=EDGE_CURVE('',#4384,#4653,#2276,.T.);
#6033=EDGE_CURVE('',#4653,#4577,#2277,.T.);
#6034=EDGE_CURVE('',#4654,#4582,#2278,.T.);
#6035=EDGE_CURVE('',#4578,#4654,#2279,.T.);
#6036=EDGE_CURVE('',#4392,#4654,#2280,.T.);
#6037=EDGE_CURVE('',#4390,#3818,#2281,.T.);
#6038=EDGE_CURVE('',#4389,#3816,#2282,.T.);
#6039=EDGE_CURVE('',#4586,#4655,#2283,.T.);
#6040=EDGE_CURVE('',#4396,#4655,#2284,.T.);
#6041=EDGE_CURVE('',#4655,#4584,#2285,.T.);
#6042=EDGE_CURVE('',#4656,#4588,#2286,.T.);
#6043=EDGE_CURVE('',#4585,#4656,#2287,.T.);
#6044=EDGE_CURVE('',#4402,#4656,#2288,.T.);
#6045=EDGE_CURVE('',#4400,#3830,#2289,.T.);
#6046=EDGE_CURVE('',#4399,#3828,#2290,.T.);
#6047=EDGE_CURVE('',#4592,#4657,#2291,.T.);
#6048=EDGE_CURVE('',#4406,#4657,#2292,.T.);
#6049=EDGE_CURVE('',#4657,#4590,#2293,.T.);
#6050=EDGE_CURVE('',#4658,#4594,#2294,.T.);
#6051=EDGE_CURVE('',#4591,#4658,#2295,.T.);
#6052=EDGE_CURVE('',#4412,#4658,#2296,.T.);
#6053=EDGE_CURVE('',#4410,#3842,#2297,.T.);
#6054=EDGE_CURVE('',#4409,#3840,#2298,.T.);
#6055=EDGE_CURVE('',#4598,#4659,#2299,.T.);
#6056=EDGE_CURVE('',#4416,#4659,#2300,.T.);
#6057=EDGE_CURVE('',#4659,#4596,#2301,.T.);
#6058=EDGE_CURVE('',#4660,#4600,#2302,.T.);
#6059=EDGE_CURVE('',#4597,#4660,#2303,.T.);
#6060=EDGE_CURVE('',#4422,#4660,#2304,.T.);
#6061=EDGE_CURVE('',#4420,#3854,#2305,.T.);
#6062=EDGE_CURVE('',#4419,#3852,#2306,.T.);
#6063=EDGE_CURVE('',#4604,#4661,#2307,.T.);
#6064=EDGE_CURVE('',#4426,#4661,#2308,.T.);
#6065=EDGE_CURVE('',#4661,#4602,#2309,.T.);
#6066=EDGE_CURVE('',#4662,#4606,#2310,.T.);
#6067=EDGE_CURVE('',#4603,#4662,#2311,.T.);
#6068=EDGE_CURVE('',#4432,#4662,#2312,.T.);
#6069=EDGE_CURVE('',#4430,#3866,#2313,.T.);
#6070=EDGE_CURVE('',#4429,#3864,#2314,.T.);
#6071=EDGE_CURVE('',#4610,#4663,#2315,.T.);
#6072=EDGE_CURVE('',#4436,#4663,#2316,.T.);
#6073=EDGE_CURVE('',#4663,#4608,#2317,.T.);
#6074=EDGE_CURVE('',#4664,#4612,#2318,.T.);
#6075=EDGE_CURVE('',#4609,#4664,#2319,.T.);
#6076=EDGE_CURVE('',#4442,#4664,#2320,.T.);
#6077=EDGE_CURVE('',#4440,#3878,#2321,.T.);
#6078=EDGE_CURVE('',#4439,#3876,#2322,.T.);
#6079=EDGE_CURVE('',#4616,#4665,#2323,.T.);
#6080=EDGE_CURVE('',#4446,#4665,#2324,.T.);
#6081=EDGE_CURVE('',#4665,#4614,#2325,.T.);
#6082=EDGE_CURVE('',#4666,#4618,#2326,.T.);
#6083=EDGE_CURVE('',#4615,#4666,#2327,.T.);
#6084=EDGE_CURVE('',#4452,#4666,#2328,.T.);
#6085=EDGE_CURVE('',#4450,#3890,#2329,.T.);
#6086=EDGE_CURVE('',#4449,#3888,#2330,.T.);
#6087=EDGE_CURVE('',#4622,#4667,#2331,.T.);
#6088=EDGE_CURVE('',#4456,#4667,#2332,.T.);
#6089=EDGE_CURVE('',#4667,#4620,#2333,.T.);
#6090=EDGE_CURVE('',#4668,#4624,#2334,.T.);
#6091=EDGE_CURVE('',#4621,#4668,#2335,.T.);
#6092=EDGE_CURVE('',#4462,#4668,#2336,.T.);
#6093=EDGE_CURVE('',#4460,#3902,#2337,.T.);
#6094=EDGE_CURVE('',#4459,#3900,#2338,.T.);
#6095=EDGE_CURVE('',#4628,#4669,#2339,.T.);
#6096=EDGE_CURVE('',#4466,#4669,#2340,.T.);
#6097=EDGE_CURVE('',#4669,#4626,#2341,.T.);
#6098=EDGE_CURVE('',#4670,#4630,#2342,.T.);
#6099=EDGE_CURVE('',#4627,#4670,#2343,.T.);
#6100=EDGE_CURVE('',#4472,#4670,#2344,.T.);
#6101=EDGE_CURVE('',#4470,#3914,#2345,.T.);
#6102=EDGE_CURVE('',#4469,#3912,#2346,.T.);
#6103=EDGE_CURVE('',#4637,#4632,#2347,.T.);
#6104=EDGE_CURVE('',#4671,#4638,#2348,.T.);
#6105=EDGE_CURVE('',#4672,#4671,#2349,.T.);
#6106=EDGE_CURVE('',#4634,#4672,#2350,.T.);
#6107=EDGE_CURVE('',#4484,#4672,#2351,.T.);
#6108=EDGE_CURVE('',#4485,#4671,#2352,.T.);
#6109=EDGE_CURVE('',#4480,#3926,#2353,.T.);
#6110=EDGE_CURVE('',#4479,#3924,#2354,.T.);
#6111=EDGE_CURVE('',#4492,#4673,#2355,.T.);
#6112=EDGE_CURVE('',#4673,#4674,#3723,.F.);
#6113=EDGE_CURVE('',#4674,#4493,#2356,.T.);
#6114=EDGE_CURVE('',#4491,#4675,#2357,.T.);
#6115=EDGE_CURVE('',#4675,#4673,#2358,.T.);
#6116=EDGE_CURVE('',#4498,#4676,#2359,.T.);
#6117=EDGE_CURVE('',#4676,#4677,#3724,.F.);
#6118=EDGE_CURVE('',#4677,#4499,#2360,.T.);
#6119=EDGE_CURVE('',#4678,#4503,#2361,.T.);
#6120=EDGE_CURVE('',#4678,#4676,#2362,.T.);
#6121=EDGE_CURVE('',#4497,#3940,#2363,.T.);
#6122=EDGE_CURVE('',#4488,#4679,#2364,.T.);
#6123=EDGE_CURVE('',#4679,#4680,#3725,.F.);
#6124=EDGE_CURVE('',#4680,#4489,#2365,.T.);
#6125=EDGE_CURVE('',#4680,#4681,#2366,.T.);
#6126=EDGE_CURVE('',#4490,#4681,#2367,.T.);
#6127=EDGE_CURVE('',#4502,#4682,#2368,.T.);
#6128=EDGE_CURVE('',#4682,#4678,#3726,.F.);
#6129=EDGE_CURVE('',#4501,#4683,#2369,.T.);
#6130=EDGE_CURVE('',#4683,#4682,#2370,.T.);
#6131=EDGE_CURVE('',#4674,#4679,#2371,.T.);
#6132=EDGE_CURVE('',#4681,#4675,#2372,.T.);
#6133=EDGE_CURVE('',#4684,#4683,#2373,.T.);
#6134=EDGE_CURVE('',#4677,#4684,#2374,.T.);
#6135=EDGE_CURVE('',#4500,#4684,#2375,.T.);
#6136=EDGE_CURVE('',#4496,#3938,#2376,.T.);
#6137=EDGE_CURVE('',#4495,#3936,#2377,.T.);
#6138=EDGE_CURVE('',#4494,#3932,#2378,.T.);
#6139=EDGE_CURVE('',#4071,#4507,#2379,.T.);
#6140=ORIENTED_EDGE('',*,*,#4685,.T.);
#6141=ORIENTED_EDGE('',*,*,#4686,.T.);
#6142=ORIENTED_EDGE('',*,*,#4687,.T.);
#6143=ORIENTED_EDGE('',*,*,#4688,.T.);
#6144=ORIENTED_EDGE('',*,*,#4689,.T.);
#6145=ORIENTED_EDGE('',*,*,#4690,.T.);
#6146=ORIENTED_EDGE('',*,*,#4685,.F.);
#6147=ORIENTED_EDGE('',*,*,#4691,.T.);
#6148=ORIENTED_EDGE('',*,*,#4692,.T.);
#6149=ORIENTED_EDGE('',*,*,#4693,.T.);
#6150=ORIENTED_EDGE('',*,*,#4689,.F.);
#6151=ORIENTED_EDGE('',*,*,#4694,.T.);
#6152=ORIENTED_EDGE('',*,*,#4695,.T.);
#6153=ORIENTED_EDGE('',*,*,#4696,.T.);
#6154=ORIENTED_EDGE('',*,*,#4692,.F.);
#6155=ORIENTED_EDGE('',*,*,#4697,.T.);
#6156=ORIENTED_EDGE('',*,*,#4698,.T.);
#6157=ORIENTED_EDGE('',*,*,#4699,.T.);
#6158=ORIENTED_EDGE('',*,*,#4695,.F.);
#6159=ORIENTED_EDGE('',*,*,#4700,.T.);
#6160=ORIENTED_EDGE('',*,*,#4700,.F.);
#6161=ORIENTED_EDGE('',*,*,#4697,.F.);
#6162=ORIENTED_EDGE('',*,*,#4694,.F.);
#6163=ORIENTED_EDGE('',*,*,#4691,.F.);
#6164=ORIENTED_EDGE('',*,*,#4688,.F.);
#6165=ORIENTED_EDGE('',*,*,#4701,.T.);
#6166=ORIENTED_EDGE('',*,*,#4702,.T.);
#6167=ORIENTED_EDGE('',*,*,#4703,.T.);
#6168=ORIENTED_EDGE('',*,*,#4704,.T.);
#6169=ORIENTED_EDGE('',*,*,#4705,.T.);
#6170=ORIENTED_EDGE('',*,*,#4706,.T.);
#6171=ORIENTED_EDGE('',*,*,#4707,.T.);
#6172=ORIENTED_EDGE('',*,*,#4702,.F.);
#6173=ORIENTED_EDGE('',*,*,#4708,.T.);
#6174=ORIENTED_EDGE('',*,*,#4709,.T.);
#6175=ORIENTED_EDGE('',*,*,#4710,.T.);
#6176=ORIENTED_EDGE('',*,*,#4706,.F.);
#6177=ORIENTED_EDGE('',*,*,#4711,.T.);
#6178=ORIENTED_EDGE('',*,*,#4712,.T.);
#6179=ORIENTED_EDGE('',*,*,#4713,.T.);
#6180=ORIENTED_EDGE('',*,*,#4709,.F.);
#6181=ORIENTED_EDGE('',*,*,#4714,.T.);
#6182=ORIENTED_EDGE('',*,*,#4715,.T.);
#6183=ORIENTED_EDGE('',*,*,#4716,.T.);
#6184=ORIENTED_EDGE('',*,*,#4712,.F.);
#6185=ORIENTED_EDGE('',*,*,#4717,.T.);
#6186=ORIENTED_EDGE('',*,*,#4717,.F.);
#6187=ORIENTED_EDGE('',*,*,#4714,.F.);
#6188=ORIENTED_EDGE('',*,*,#4711,.F.);
#6189=ORIENTED_EDGE('',*,*,#4708,.F.);
#6190=ORIENTED_EDGE('',*,*,#4705,.F.);
#6191=ORIENTED_EDGE('',*,*,#4718,.T.);
#6192=ORIENTED_EDGE('',*,*,#4719,.T.);
#6193=ORIENTED_EDGE('',*,*,#4720,.T.);
#6194=ORIENTED_EDGE('',*,*,#4721,.T.);
#6195=ORIENTED_EDGE('',*,*,#4722,.T.);
#6196=ORIENTED_EDGE('',*,*,#4723,.T.);
#6197=ORIENTED_EDGE('',*,*,#4724,.T.);
#6198=ORIENTED_EDGE('',*,*,#4719,.F.);
#6199=ORIENTED_EDGE('',*,*,#4725,.T.);
#6200=ORIENTED_EDGE('',*,*,#4726,.T.);
#6201=ORIENTED_EDGE('',*,*,#4727,.T.);
#6202=ORIENTED_EDGE('',*,*,#4723,.F.);
#6203=ORIENTED_EDGE('',*,*,#4728,.T.);
#6204=ORIENTED_EDGE('',*,*,#4729,.T.);
#6205=ORIENTED_EDGE('',*,*,#4730,.T.);
#6206=ORIENTED_EDGE('',*,*,#4726,.F.);
#6207=ORIENTED_EDGE('',*,*,#4731,.T.);
#6208=ORIENTED_EDGE('',*,*,#4732,.T.);
#6209=ORIENTED_EDGE('',*,*,#4733,.T.);
#6210=ORIENTED_EDGE('',*,*,#4729,.F.);
#6211=ORIENTED_EDGE('',*,*,#4734,.T.);
#6212=ORIENTED_EDGE('',*,*,#4734,.F.);
#6213=ORIENTED_EDGE('',*,*,#4731,.F.);
#6214=ORIENTED_EDGE('',*,*,#4728,.F.);
#6215=ORIENTED_EDGE('',*,*,#4725,.F.);
#6216=ORIENTED_EDGE('',*,*,#4722,.F.);
#6217=ORIENTED_EDGE('',*,*,#4735,.T.);
#6218=ORIENTED_EDGE('',*,*,#4736,.T.);
#6219=ORIENTED_EDGE('',*,*,#4737,.T.);
#6220=ORIENTED_EDGE('',*,*,#4738,.T.);
#6221=ORIENTED_EDGE('',*,*,#4739,.T.);
#6222=ORIENTED_EDGE('',*,*,#4740,.T.);
#6223=ORIENTED_EDGE('',*,*,#4741,.T.);
#6224=ORIENTED_EDGE('',*,*,#4736,.F.);
#6225=ORIENTED_EDGE('',*,*,#4742,.T.);
#6226=ORIENTED_EDGE('',*,*,#4743,.T.);
#6227=ORIENTED_EDGE('',*,*,#4744,.T.);
#6228=ORIENTED_EDGE('',*,*,#4740,.F.);
#6229=ORIENTED_EDGE('',*,*,#4745,.T.);
#6230=ORIENTED_EDGE('',*,*,#4746,.T.);
#6231=ORIENTED_EDGE('',*,*,#4747,.T.);
#6232=ORIENTED_EDGE('',*,*,#4743,.F.);
#6233=ORIENTED_EDGE('',*,*,#4748,.T.);
#6234=ORIENTED_EDGE('',*,*,#4749,.T.);
#6235=ORIENTED_EDGE('',*,*,#4750,.T.);
#6236=ORIENTED_EDGE('',*,*,#4746,.F.);
#6237=ORIENTED_EDGE('',*,*,#4751,.T.);
#6238=ORIENTED_EDGE('',*,*,#4751,.F.);
#6239=ORIENTED_EDGE('',*,*,#4748,.F.);
#6240=ORIENTED_EDGE('',*,*,#4745,.F.);
#6241=ORIENTED_EDGE('',*,*,#4742,.F.);
#6242=ORIENTED_EDGE('',*,*,#4739,.F.);
#6243=ORIENTED_EDGE('',*,*,#4752,.T.);
#6244=ORIENTED_EDGE('',*,*,#4753,.T.);
#6245=ORIENTED_EDGE('',*,*,#4754,.T.);
#6246=ORIENTED_EDGE('',*,*,#4755,.T.);
#6247=ORIENTED_EDGE('',*,*,#4756,.T.);
#6248=ORIENTED_EDGE('',*,*,#4757,.T.);
#6249=ORIENTED_EDGE('',*,*,#4758,.T.);
#6250=ORIENTED_EDGE('',*,*,#4753,.F.);
#6251=ORIENTED_EDGE('',*,*,#4759,.T.);
#6252=ORIENTED_EDGE('',*,*,#4760,.T.);
#6253=ORIENTED_EDGE('',*,*,#4761,.T.);
#6254=ORIENTED_EDGE('',*,*,#4757,.F.);
#6255=ORIENTED_EDGE('',*,*,#4762,.T.);
#6256=ORIENTED_EDGE('',*,*,#4763,.T.);
#6257=ORIENTED_EDGE('',*,*,#4764,.T.);
#6258=ORIENTED_EDGE('',*,*,#4760,.F.);
#6259=ORIENTED_EDGE('',*,*,#4765,.T.);
#6260=ORIENTED_EDGE('',*,*,#4766,.T.);
#6261=ORIENTED_EDGE('',*,*,#4767,.T.);
#6262=ORIENTED_EDGE('',*,*,#4763,.F.);
#6263=ORIENTED_EDGE('',*,*,#4768,.T.);
#6264=ORIENTED_EDGE('',*,*,#4768,.F.);
#6265=ORIENTED_EDGE('',*,*,#4765,.F.);
#6266=ORIENTED_EDGE('',*,*,#4762,.F.);
#6267=ORIENTED_EDGE('',*,*,#4759,.F.);
#6268=ORIENTED_EDGE('',*,*,#4756,.F.);
#6269=ORIENTED_EDGE('',*,*,#4769,.T.);
#6270=ORIENTED_EDGE('',*,*,#4770,.T.);
#6271=ORIENTED_EDGE('',*,*,#4771,.T.);
#6272=ORIENTED_EDGE('',*,*,#4772,.T.);
#6273=ORIENTED_EDGE('',*,*,#4773,.T.);
#6274=ORIENTED_EDGE('',*,*,#4774,.T.);
#6275=ORIENTED_EDGE('',*,*,#4775,.T.);
#6276=ORIENTED_EDGE('',*,*,#4770,.F.);
#6277=ORIENTED_EDGE('',*,*,#4776,.T.);
#6278=ORIENTED_EDGE('',*,*,#4777,.T.);
#6279=ORIENTED_EDGE('',*,*,#4778,.T.);
#6280=ORIENTED_EDGE('',*,*,#4774,.F.);
#6281=ORIENTED_EDGE('',*,*,#4779,.T.);
#6282=ORIENTED_EDGE('',*,*,#4780,.T.);
#6283=ORIENTED_EDGE('',*,*,#4781,.T.);
#6284=ORIENTED_EDGE('',*,*,#4777,.F.);
#6285=ORIENTED_EDGE('',*,*,#4782,.T.);
#6286=ORIENTED_EDGE('',*,*,#4783,.T.);
#6287=ORIENTED_EDGE('',*,*,#4784,.T.);
#6288=ORIENTED_EDGE('',*,*,#4780,.F.);
#6289=ORIENTED_EDGE('',*,*,#4785,.T.);
#6290=ORIENTED_EDGE('',*,*,#4785,.F.);
#6291=ORIENTED_EDGE('',*,*,#4782,.F.);
#6292=ORIENTED_EDGE('',*,*,#4779,.F.);
#6293=ORIENTED_EDGE('',*,*,#4776,.F.);
#6294=ORIENTED_EDGE('',*,*,#4773,.F.);
#6295=ORIENTED_EDGE('',*,*,#4786,.T.);
#6296=ORIENTED_EDGE('',*,*,#4787,.T.);
#6297=ORIENTED_EDGE('',*,*,#4788,.T.);
#6298=ORIENTED_EDGE('',*,*,#4789,.T.);
#6299=ORIENTED_EDGE('',*,*,#4790,.T.);
#6300=ORIENTED_EDGE('',*,*,#4791,.T.);
#6301=ORIENTED_EDGE('',*,*,#4792,.T.);
#6302=ORIENTED_EDGE('',*,*,#4787,.F.);
#6303=ORIENTED_EDGE('',*,*,#4793,.T.);
#6304=ORIENTED_EDGE('',*,*,#4794,.T.);
#6305=ORIENTED_EDGE('',*,*,#4795,.T.);
#6306=ORIENTED_EDGE('',*,*,#4791,.F.);
#6307=ORIENTED_EDGE('',*,*,#4796,.T.);
#6308=ORIENTED_EDGE('',*,*,#4797,.T.);
#6309=ORIENTED_EDGE('',*,*,#4798,.T.);
#6310=ORIENTED_EDGE('',*,*,#4794,.F.);
#6311=ORIENTED_EDGE('',*,*,#4799,.T.);
#6312=ORIENTED_EDGE('',*,*,#4800,.T.);
#6313=ORIENTED_EDGE('',*,*,#4801,.T.);
#6314=ORIENTED_EDGE('',*,*,#4797,.F.);
#6315=ORIENTED_EDGE('',*,*,#4802,.T.);
#6316=ORIENTED_EDGE('',*,*,#4802,.F.);
#6317=ORIENTED_EDGE('',*,*,#4799,.F.);
#6318=ORIENTED_EDGE('',*,*,#4796,.F.);
#6319=ORIENTED_EDGE('',*,*,#4793,.F.);
#6320=ORIENTED_EDGE('',*,*,#4790,.F.);
#6321=ORIENTED_EDGE('',*,*,#4803,.T.);
#6322=ORIENTED_EDGE('',*,*,#4804,.T.);
#6323=ORIENTED_EDGE('',*,*,#4805,.T.);
#6324=ORIENTED_EDGE('',*,*,#4806,.T.);
#6325=ORIENTED_EDGE('',*,*,#4807,.T.);
#6326=ORIENTED_EDGE('',*,*,#4808,.T.);
#6327=ORIENTED_EDGE('',*,*,#4809,.T.);
#6328=ORIENTED_EDGE('',*,*,#4804,.F.);
#6329=ORIENTED_EDGE('',*,*,#4810,.T.);
#6330=ORIENTED_EDGE('',*,*,#4811,.T.);
#6331=ORIENTED_EDGE('',*,*,#4812,.T.);
#6332=ORIENTED_EDGE('',*,*,#4808,.F.);
#6333=ORIENTED_EDGE('',*,*,#4813,.T.);
#6334=ORIENTED_EDGE('',*,*,#4814,.T.);
#6335=ORIENTED_EDGE('',*,*,#4815,.T.);
#6336=ORIENTED_EDGE('',*,*,#4811,.F.);
#6337=ORIENTED_EDGE('',*,*,#4816,.T.);
#6338=ORIENTED_EDGE('',*,*,#4817,.T.);
#6339=ORIENTED_EDGE('',*,*,#4818,.T.);
#6340=ORIENTED_EDGE('',*,*,#4814,.F.);
#6341=ORIENTED_EDGE('',*,*,#4819,.T.);
#6342=ORIENTED_EDGE('',*,*,#4819,.F.);
#6343=ORIENTED_EDGE('',*,*,#4816,.F.);
#6344=ORIENTED_EDGE('',*,*,#4813,.F.);
#6345=ORIENTED_EDGE('',*,*,#4810,.F.);
#6346=ORIENTED_EDGE('',*,*,#4807,.F.);
#6347=ORIENTED_EDGE('',*,*,#4820,.T.);
#6348=ORIENTED_EDGE('',*,*,#4821,.T.);
#6349=ORIENTED_EDGE('',*,*,#4822,.T.);
#6350=ORIENTED_EDGE('',*,*,#4823,.T.);
#6351=ORIENTED_EDGE('',*,*,#4824,.T.);
#6352=ORIENTED_EDGE('',*,*,#4825,.T.);
#6353=ORIENTED_EDGE('',*,*,#4826,.T.);
#6354=ORIENTED_EDGE('',*,*,#4821,.F.);
#6355=ORIENTED_EDGE('',*,*,#4827,.T.);
#6356=ORIENTED_EDGE('',*,*,#4828,.T.);
#6357=ORIENTED_EDGE('',*,*,#4829,.T.);
#6358=ORIENTED_EDGE('',*,*,#4825,.F.);
#6359=ORIENTED_EDGE('',*,*,#4830,.T.);
#6360=ORIENTED_EDGE('',*,*,#4831,.T.);
#6361=ORIENTED_EDGE('',*,*,#4832,.T.);
#6362=ORIENTED_EDGE('',*,*,#4828,.F.);
#6363=ORIENTED_EDGE('',*,*,#4833,.T.);
#6364=ORIENTED_EDGE('',*,*,#4834,.T.);
#6365=ORIENTED_EDGE('',*,*,#4835,.T.);
#6366=ORIENTED_EDGE('',*,*,#4831,.F.);
#6367=ORIENTED_EDGE('',*,*,#4836,.T.);
#6368=ORIENTED_EDGE('',*,*,#4836,.F.);
#6369=ORIENTED_EDGE('',*,*,#4833,.F.);
#6370=ORIENTED_EDGE('',*,*,#4830,.F.);
#6371=ORIENTED_EDGE('',*,*,#4827,.F.);
#6372=ORIENTED_EDGE('',*,*,#4824,.F.);
#6373=ORIENTED_EDGE('',*,*,#4837,.T.);
#6374=ORIENTED_EDGE('',*,*,#4838,.T.);
#6375=ORIENTED_EDGE('',*,*,#4839,.T.);
#6376=ORIENTED_EDGE('',*,*,#4840,.T.);
#6377=ORIENTED_EDGE('',*,*,#4841,.T.);
#6378=ORIENTED_EDGE('',*,*,#4842,.T.);
#6379=ORIENTED_EDGE('',*,*,#4843,.T.);
#6380=ORIENTED_EDGE('',*,*,#4838,.F.);
#6381=ORIENTED_EDGE('',*,*,#4844,.T.);
#6382=ORIENTED_EDGE('',*,*,#4845,.T.);
#6383=ORIENTED_EDGE('',*,*,#4846,.T.);
#6384=ORIENTED_EDGE('',*,*,#4842,.F.);
#6385=ORIENTED_EDGE('',*,*,#4847,.T.);
#6386=ORIENTED_EDGE('',*,*,#4848,.T.);
#6387=ORIENTED_EDGE('',*,*,#4849,.T.);
#6388=ORIENTED_EDGE('',*,*,#4845,.F.);
#6389=ORIENTED_EDGE('',*,*,#4850,.T.);
#6390=ORIENTED_EDGE('',*,*,#4851,.T.);
#6391=ORIENTED_EDGE('',*,*,#4852,.T.);
#6392=ORIENTED_EDGE('',*,*,#4848,.F.);
#6393=ORIENTED_EDGE('',*,*,#4853,.T.);
#6394=ORIENTED_EDGE('',*,*,#4853,.F.);
#6395=ORIENTED_EDGE('',*,*,#4850,.F.);
#6396=ORIENTED_EDGE('',*,*,#4847,.F.);
#6397=ORIENTED_EDGE('',*,*,#4844,.F.);
#6398=ORIENTED_EDGE('',*,*,#4841,.F.);
#6399=ORIENTED_EDGE('',*,*,#4854,.T.);
#6400=ORIENTED_EDGE('',*,*,#4855,.T.);
#6401=ORIENTED_EDGE('',*,*,#4856,.T.);
#6402=ORIENTED_EDGE('',*,*,#4857,.T.);
#6403=ORIENTED_EDGE('',*,*,#4858,.T.);
#6404=ORIENTED_EDGE('',*,*,#4859,.T.);
#6405=ORIENTED_EDGE('',*,*,#4860,.T.);
#6406=ORIENTED_EDGE('',*,*,#4855,.F.);
#6407=ORIENTED_EDGE('',*,*,#4861,.T.);
#6408=ORIENTED_EDGE('',*,*,#4862,.T.);
#6409=ORIENTED_EDGE('',*,*,#4863,.T.);
#6410=ORIENTED_EDGE('',*,*,#4859,.F.);
#6411=ORIENTED_EDGE('',*,*,#4864,.T.);
#6412=ORIENTED_EDGE('',*,*,#4865,.T.);
#6413=ORIENTED_EDGE('',*,*,#4866,.T.);
#6414=ORIENTED_EDGE('',*,*,#4862,.F.);
#6415=ORIENTED_EDGE('',*,*,#4867,.T.);
#6416=ORIENTED_EDGE('',*,*,#4868,.T.);
#6417=ORIENTED_EDGE('',*,*,#4869,.T.);
#6418=ORIENTED_EDGE('',*,*,#4865,.F.);
#6419=ORIENTED_EDGE('',*,*,#4870,.T.);
#6420=ORIENTED_EDGE('',*,*,#4870,.F.);
#6421=ORIENTED_EDGE('',*,*,#4867,.F.);
#6422=ORIENTED_EDGE('',*,*,#4864,.F.);
#6423=ORIENTED_EDGE('',*,*,#4861,.F.);
#6424=ORIENTED_EDGE('',*,*,#4858,.F.);
#6425=ORIENTED_EDGE('',*,*,#4871,.T.);
#6426=ORIENTED_EDGE('',*,*,#4872,.T.);
#6427=ORIENTED_EDGE('',*,*,#4873,.T.);
#6428=ORIENTED_EDGE('',*,*,#4874,.T.);
#6429=ORIENTED_EDGE('',*,*,#4875,.T.);
#6430=ORIENTED_EDGE('',*,*,#4876,.T.);
#6431=ORIENTED_EDGE('',*,*,#4877,.T.);
#6432=ORIENTED_EDGE('',*,*,#4872,.F.);
#6433=ORIENTED_EDGE('',*,*,#4878,.T.);
#6434=ORIENTED_EDGE('',*,*,#4879,.T.);
#6435=ORIENTED_EDGE('',*,*,#4880,.T.);
#6436=ORIENTED_EDGE('',*,*,#4876,.F.);
#6437=ORIENTED_EDGE('',*,*,#4881,.T.);
#6438=ORIENTED_EDGE('',*,*,#4882,.T.);
#6439=ORIENTED_EDGE('',*,*,#4883,.T.);
#6440=ORIENTED_EDGE('',*,*,#4879,.F.);
#6441=ORIENTED_EDGE('',*,*,#4884,.T.);
#6442=ORIENTED_EDGE('',*,*,#4885,.T.);
#6443=ORIENTED_EDGE('',*,*,#4886,.T.);
#6444=ORIENTED_EDGE('',*,*,#4882,.F.);
#6445=ORIENTED_EDGE('',*,*,#4887,.T.);
#6446=ORIENTED_EDGE('',*,*,#4887,.F.);
#6447=ORIENTED_EDGE('',*,*,#4884,.F.);
#6448=ORIENTED_EDGE('',*,*,#4881,.F.);
#6449=ORIENTED_EDGE('',*,*,#4878,.F.);
#6450=ORIENTED_EDGE('',*,*,#4875,.F.);
#6451=ORIENTED_EDGE('',*,*,#4888,.T.);
#6452=ORIENTED_EDGE('',*,*,#4889,.T.);
#6453=ORIENTED_EDGE('',*,*,#4890,.T.);
#6454=ORIENTED_EDGE('',*,*,#4891,.T.);
#6455=ORIENTED_EDGE('',*,*,#4892,.T.);
#6456=ORIENTED_EDGE('',*,*,#4893,.T.);
#6457=ORIENTED_EDGE('',*,*,#4894,.T.);
#6458=ORIENTED_EDGE('',*,*,#4889,.F.);
#6459=ORIENTED_EDGE('',*,*,#4895,.T.);
#6460=ORIENTED_EDGE('',*,*,#4896,.T.);
#6461=ORIENTED_EDGE('',*,*,#4897,.T.);
#6462=ORIENTED_EDGE('',*,*,#4893,.F.);
#6463=ORIENTED_EDGE('',*,*,#4898,.T.);
#6464=ORIENTED_EDGE('',*,*,#4899,.T.);
#6465=ORIENTED_EDGE('',*,*,#4900,.T.);
#6466=ORIENTED_EDGE('',*,*,#4896,.F.);
#6467=ORIENTED_EDGE('',*,*,#4901,.T.);
#6468=ORIENTED_EDGE('',*,*,#4902,.T.);
#6469=ORIENTED_EDGE('',*,*,#4903,.T.);
#6470=ORIENTED_EDGE('',*,*,#4899,.F.);
#6471=ORIENTED_EDGE('',*,*,#4904,.T.);
#6472=ORIENTED_EDGE('',*,*,#4904,.F.);
#6473=ORIENTED_EDGE('',*,*,#4901,.F.);
#6474=ORIENTED_EDGE('',*,*,#4898,.F.);
#6475=ORIENTED_EDGE('',*,*,#4895,.F.);
#6476=ORIENTED_EDGE('',*,*,#4892,.F.);
#6477=ORIENTED_EDGE('',*,*,#4905,.T.);
#6478=ORIENTED_EDGE('',*,*,#4906,.T.);
#6479=ORIENTED_EDGE('',*,*,#4907,.T.);
#6480=ORIENTED_EDGE('',*,*,#4908,.T.);
#6481=ORIENTED_EDGE('',*,*,#4909,.T.);
#6482=ORIENTED_EDGE('',*,*,#4910,.T.);
#6483=ORIENTED_EDGE('',*,*,#4911,.T.);
#6484=ORIENTED_EDGE('',*,*,#4906,.F.);
#6485=ORIENTED_EDGE('',*,*,#4912,.T.);
#6486=ORIENTED_EDGE('',*,*,#4913,.T.);
#6487=ORIENTED_EDGE('',*,*,#4914,.T.);
#6488=ORIENTED_EDGE('',*,*,#4910,.F.);
#6489=ORIENTED_EDGE('',*,*,#4915,.T.);
#6490=ORIENTED_EDGE('',*,*,#4916,.T.);
#6491=ORIENTED_EDGE('',*,*,#4917,.T.);
#6492=ORIENTED_EDGE('',*,*,#4913,.F.);
#6493=ORIENTED_EDGE('',*,*,#4918,.T.);
#6494=ORIENTED_EDGE('',*,*,#4919,.T.);
#6495=ORIENTED_EDGE('',*,*,#4920,.T.);
#6496=ORIENTED_EDGE('',*,*,#4916,.F.);
#6497=ORIENTED_EDGE('',*,*,#4921,.T.);
#6498=ORIENTED_EDGE('',*,*,#4921,.F.);
#6499=ORIENTED_EDGE('',*,*,#4918,.F.);
#6500=ORIENTED_EDGE('',*,*,#4915,.F.);
#6501=ORIENTED_EDGE('',*,*,#4912,.F.);
#6502=ORIENTED_EDGE('',*,*,#4909,.F.);
#6503=ORIENTED_EDGE('',*,*,#4922,.T.);
#6504=ORIENTED_EDGE('',*,*,#4923,.T.);
#6505=ORIENTED_EDGE('',*,*,#4924,.T.);
#6506=ORIENTED_EDGE('',*,*,#4925,.T.);
#6507=ORIENTED_EDGE('',*,*,#4926,.T.);
#6508=ORIENTED_EDGE('',*,*,#4927,.T.);
#6509=ORIENTED_EDGE('',*,*,#4928,.T.);
#6510=ORIENTED_EDGE('',*,*,#4923,.F.);
#6511=ORIENTED_EDGE('',*,*,#4929,.T.);
#6512=ORIENTED_EDGE('',*,*,#4930,.T.);
#6513=ORIENTED_EDGE('',*,*,#4931,.T.);
#6514=ORIENTED_EDGE('',*,*,#4927,.F.);
#6515=ORIENTED_EDGE('',*,*,#4932,.T.);
#6516=ORIENTED_EDGE('',*,*,#4933,.T.);
#6517=ORIENTED_EDGE('',*,*,#4934,.T.);
#6518=ORIENTED_EDGE('',*,*,#4930,.F.);
#6519=ORIENTED_EDGE('',*,*,#4935,.T.);
#6520=ORIENTED_EDGE('',*,*,#4936,.T.);
#6521=ORIENTED_EDGE('',*,*,#4937,.T.);
#6522=ORIENTED_EDGE('',*,*,#4933,.F.);
#6523=ORIENTED_EDGE('',*,*,#4938,.T.);
#6524=ORIENTED_EDGE('',*,*,#4938,.F.);
#6525=ORIENTED_EDGE('',*,*,#4935,.F.);
#6526=ORIENTED_EDGE('',*,*,#4932,.F.);
#6527=ORIENTED_EDGE('',*,*,#4929,.F.);
#6528=ORIENTED_EDGE('',*,*,#4926,.F.);
#6529=ORIENTED_EDGE('',*,*,#4939,.T.);
#6530=ORIENTED_EDGE('',*,*,#4940,.T.);
#6531=ORIENTED_EDGE('',*,*,#4941,.T.);
#6532=ORIENTED_EDGE('',*,*,#4942,.T.);
#6533=ORIENTED_EDGE('',*,*,#4943,.T.);
#6534=ORIENTED_EDGE('',*,*,#4944,.T.);
#6535=ORIENTED_EDGE('',*,*,#4945,.T.);
#6536=ORIENTED_EDGE('',*,*,#4940,.F.);
#6537=ORIENTED_EDGE('',*,*,#4946,.T.);
#6538=ORIENTED_EDGE('',*,*,#4947,.T.);
#6539=ORIENTED_EDGE('',*,*,#4948,.T.);
#6540=ORIENTED_EDGE('',*,*,#4944,.F.);
#6541=ORIENTED_EDGE('',*,*,#4949,.T.);
#6542=ORIENTED_EDGE('',*,*,#4950,.T.);
#6543=ORIENTED_EDGE('',*,*,#4951,.T.);
#6544=ORIENTED_EDGE('',*,*,#4947,.F.);
#6545=ORIENTED_EDGE('',*,*,#4952,.T.);
#6546=ORIENTED_EDGE('',*,*,#4953,.T.);
#6547=ORIENTED_EDGE('',*,*,#4954,.T.);
#6548=ORIENTED_EDGE('',*,*,#4950,.F.);
#6549=ORIENTED_EDGE('',*,*,#4955,.T.);
#6550=ORIENTED_EDGE('',*,*,#4955,.F.);
#6551=ORIENTED_EDGE('',*,*,#4952,.F.);
#6552=ORIENTED_EDGE('',*,*,#4949,.F.);
#6553=ORIENTED_EDGE('',*,*,#4946,.F.);
#6554=ORIENTED_EDGE('',*,*,#4943,.F.);
#6555=ORIENTED_EDGE('',*,*,#4956,.T.);
#6556=ORIENTED_EDGE('',*,*,#4957,.T.);
#6557=ORIENTED_EDGE('',*,*,#4958,.T.);
#6558=ORIENTED_EDGE('',*,*,#4959,.T.);
#6559=ORIENTED_EDGE('',*,*,#4960,.T.);
#6560=ORIENTED_EDGE('',*,*,#4961,.T.);
#6561=ORIENTED_EDGE('',*,*,#4962,.T.);
#6562=ORIENTED_EDGE('',*,*,#4957,.F.);
#6563=ORIENTED_EDGE('',*,*,#4963,.T.);
#6564=ORIENTED_EDGE('',*,*,#4964,.T.);
#6565=ORIENTED_EDGE('',*,*,#4965,.T.);
#6566=ORIENTED_EDGE('',*,*,#4961,.F.);
#6567=ORIENTED_EDGE('',*,*,#4966,.T.);
#6568=ORIENTED_EDGE('',*,*,#4967,.T.);
#6569=ORIENTED_EDGE('',*,*,#4968,.T.);
#6570=ORIENTED_EDGE('',*,*,#4964,.F.);
#6571=ORIENTED_EDGE('',*,*,#4969,.T.);
#6572=ORIENTED_EDGE('',*,*,#4970,.T.);
#6573=ORIENTED_EDGE('',*,*,#4971,.T.);
#6574=ORIENTED_EDGE('',*,*,#4967,.F.);
#6575=ORIENTED_EDGE('',*,*,#4972,.T.);
#6576=ORIENTED_EDGE('',*,*,#4972,.F.);
#6577=ORIENTED_EDGE('',*,*,#4969,.F.);
#6578=ORIENTED_EDGE('',*,*,#4966,.F.);
#6579=ORIENTED_EDGE('',*,*,#4963,.F.);
#6580=ORIENTED_EDGE('',*,*,#4960,.F.);
#6581=ORIENTED_EDGE('',*,*,#4973,.T.);
#6582=ORIENTED_EDGE('',*,*,#4974,.T.);
#6583=ORIENTED_EDGE('',*,*,#4975,.T.);
#6584=ORIENTED_EDGE('',*,*,#4976,.T.);
#6585=ORIENTED_EDGE('',*,*,#4977,.T.);
#6586=ORIENTED_EDGE('',*,*,#4978,.T.);
#6587=ORIENTED_EDGE('',*,*,#4979,.T.);
#6588=ORIENTED_EDGE('',*,*,#4974,.F.);
#6589=ORIENTED_EDGE('',*,*,#4980,.T.);
#6590=ORIENTED_EDGE('',*,*,#4981,.T.);
#6591=ORIENTED_EDGE('',*,*,#4982,.T.);
#6592=ORIENTED_EDGE('',*,*,#4978,.F.);
#6593=ORIENTED_EDGE('',*,*,#4983,.T.);
#6594=ORIENTED_EDGE('',*,*,#4984,.T.);
#6595=ORIENTED_EDGE('',*,*,#4985,.T.);
#6596=ORIENTED_EDGE('',*,*,#4981,.F.);
#6597=ORIENTED_EDGE('',*,*,#4986,.T.);
#6598=ORIENTED_EDGE('',*,*,#4987,.T.);
#6599=ORIENTED_EDGE('',*,*,#4988,.T.);
#6600=ORIENTED_EDGE('',*,*,#4984,.F.);
#6601=ORIENTED_EDGE('',*,*,#4989,.T.);
#6602=ORIENTED_EDGE('',*,*,#4989,.F.);
#6603=ORIENTED_EDGE('',*,*,#4986,.F.);
#6604=ORIENTED_EDGE('',*,*,#4983,.F.);
#6605=ORIENTED_EDGE('',*,*,#4980,.F.);
#6606=ORIENTED_EDGE('',*,*,#4977,.F.);
#6607=ORIENTED_EDGE('',*,*,#4990,.T.);
#6608=ORIENTED_EDGE('',*,*,#4991,.F.);
#6609=ORIENTED_EDGE('',*,*,#4992,.T.);
#6610=ORIENTED_EDGE('',*,*,#4993,.T.);
#6611=ORIENTED_EDGE('',*,*,#4994,.F.);
#6612=ORIENTED_EDGE('',*,*,#4995,.F.);
#6613=ORIENTED_EDGE('',*,*,#4996,.T.);
#6614=ORIENTED_EDGE('',*,*,#4997,.T.);
#6615=ORIENTED_EDGE('',*,*,#4992,.F.);
#6616=ORIENTED_EDGE('',*,*,#4998,.F.);
#6617=ORIENTED_EDGE('',*,*,#4999,.T.);
#6618=ORIENTED_EDGE('',*,*,#5000,.T.);
#6619=ORIENTED_EDGE('',*,*,#4996,.F.);
#6620=ORIENTED_EDGE('',*,*,#5001,.F.);
#6621=ORIENTED_EDGE('',*,*,#5002,.T.);
#6622=ORIENTED_EDGE('',*,*,#5003,.T.);
#6623=ORIENTED_EDGE('',*,*,#4999,.F.);
#6624=ORIENTED_EDGE('',*,*,#5004,.F.);
#6625=ORIENTED_EDGE('',*,*,#5005,.T.);
#6626=ORIENTED_EDGE('',*,*,#5006,.T.);
#6627=ORIENTED_EDGE('',*,*,#5002,.F.);
#6628=ORIENTED_EDGE('',*,*,#5007,.F.);
#6629=ORIENTED_EDGE('',*,*,#4994,.T.);
#6630=ORIENTED_EDGE('',*,*,#5008,.T.);
#6631=ORIENTED_EDGE('',*,*,#5005,.F.);
#6632=ORIENTED_EDGE('',*,*,#5008,.F.);
#6633=ORIENTED_EDGE('',*,*,#4993,.F.);
#6634=ORIENTED_EDGE('',*,*,#4997,.F.);
#6635=ORIENTED_EDGE('',*,*,#5000,.F.);
#6636=ORIENTED_EDGE('',*,*,#5003,.F.);
#6637=ORIENTED_EDGE('',*,*,#5006,.F.);
#6638=ORIENTED_EDGE('',*,*,#5009,.F.);
#6639=ORIENTED_EDGE('',*,*,#5010,.F.);
#6640=ORIENTED_EDGE('',*,*,#5011,.T.);
#6641=ORIENTED_EDGE('',*,*,#5012,.T.);
#6642=ORIENTED_EDGE('',*,*,#5013,.F.);
#6643=ORIENTED_EDGE('',*,*,#5014,.F.);
#6644=ORIENTED_EDGE('',*,*,#5015,.T.);
#6645=ORIENTED_EDGE('',*,*,#5016,.T.);
#6646=ORIENTED_EDGE('',*,*,#5011,.F.);
#6647=ORIENTED_EDGE('',*,*,#5017,.F.);
#6648=ORIENTED_EDGE('',*,*,#5018,.T.);
#6649=ORIENTED_EDGE('',*,*,#5019,.T.);
#6650=ORIENTED_EDGE('',*,*,#5015,.F.);
#6651=ORIENTED_EDGE('',*,*,#5020,.F.);
#6652=ORIENTED_EDGE('',*,*,#5021,.T.);
#6653=ORIENTED_EDGE('',*,*,#5022,.T.);
#6654=ORIENTED_EDGE('',*,*,#5018,.F.);
#6655=ORIENTED_EDGE('',*,*,#5023,.F.);
#6656=ORIENTED_EDGE('',*,*,#5024,.T.);
#6657=ORIENTED_EDGE('',*,*,#5025,.T.);
#6658=ORIENTED_EDGE('',*,*,#5021,.F.);
#6659=ORIENTED_EDGE('',*,*,#5026,.F.);
#6660=ORIENTED_EDGE('',*,*,#5013,.T.);
#6661=ORIENTED_EDGE('',*,*,#5027,.T.);
#6662=ORIENTED_EDGE('',*,*,#5024,.F.);
#6663=ORIENTED_EDGE('',*,*,#5027,.F.);
#6664=ORIENTED_EDGE('',*,*,#5012,.F.);
#6665=ORIENTED_EDGE('',*,*,#5016,.F.);
#6666=ORIENTED_EDGE('',*,*,#5019,.F.);
#6667=ORIENTED_EDGE('',*,*,#5022,.F.);
#6668=ORIENTED_EDGE('',*,*,#5025,.F.);
#6669=ORIENTED_EDGE('',*,*,#5028,.F.);
#6670=ORIENTED_EDGE('',*,*,#5029,.F.);
#6671=ORIENTED_EDGE('',*,*,#5030,.T.);
#6672=ORIENTED_EDGE('',*,*,#5031,.T.);
#6673=ORIENTED_EDGE('',*,*,#5032,.F.);
#6674=ORIENTED_EDGE('',*,*,#5033,.F.);
#6675=ORIENTED_EDGE('',*,*,#5034,.T.);
#6676=ORIENTED_EDGE('',*,*,#5035,.T.);
#6677=ORIENTED_EDGE('',*,*,#5030,.F.);
#6678=ORIENTED_EDGE('',*,*,#5036,.F.);
#6679=ORIENTED_EDGE('',*,*,#5037,.T.);
#6680=ORIENTED_EDGE('',*,*,#5038,.T.);
#6681=ORIENTED_EDGE('',*,*,#5034,.F.);
#6682=ORIENTED_EDGE('',*,*,#5039,.F.);
#6683=ORIENTED_EDGE('',*,*,#5040,.T.);
#6684=ORIENTED_EDGE('',*,*,#5041,.T.);
#6685=ORIENTED_EDGE('',*,*,#5037,.F.);
#6686=ORIENTED_EDGE('',*,*,#5042,.F.);
#6687=ORIENTED_EDGE('',*,*,#5043,.T.);
#6688=ORIENTED_EDGE('',*,*,#5044,.T.);
#6689=ORIENTED_EDGE('',*,*,#5040,.F.);
#6690=ORIENTED_EDGE('',*,*,#5045,.F.);
#6691=ORIENTED_EDGE('',*,*,#5032,.T.);
#6692=ORIENTED_EDGE('',*,*,#5046,.T.);
#6693=ORIENTED_EDGE('',*,*,#5043,.F.);
#6694=ORIENTED_EDGE('',*,*,#5046,.F.);
#6695=ORIENTED_EDGE('',*,*,#5031,.F.);
#6696=ORIENTED_EDGE('',*,*,#5035,.F.);
#6697=ORIENTED_EDGE('',*,*,#5038,.F.);
#6698=ORIENTED_EDGE('',*,*,#5041,.F.);
#6699=ORIENTED_EDGE('',*,*,#5044,.F.);
#6700=ORIENTED_EDGE('',*,*,#5047,.F.);
#6701=ORIENTED_EDGE('',*,*,#5048,.F.);
#6702=ORIENTED_EDGE('',*,*,#5049,.T.);
#6703=ORIENTED_EDGE('',*,*,#5050,.T.);
#6704=ORIENTED_EDGE('',*,*,#5051,.F.);
#6705=ORIENTED_EDGE('',*,*,#5052,.F.);
#6706=ORIENTED_EDGE('',*,*,#5053,.T.);
#6707=ORIENTED_EDGE('',*,*,#5054,.T.);
#6708=ORIENTED_EDGE('',*,*,#5049,.F.);
#6709=ORIENTED_EDGE('',*,*,#5055,.F.);
#6710=ORIENTED_EDGE('',*,*,#5056,.T.);
#6711=ORIENTED_EDGE('',*,*,#5057,.T.);
#6712=ORIENTED_EDGE('',*,*,#5053,.F.);
#6713=ORIENTED_EDGE('',*,*,#5058,.F.);
#6714=ORIENTED_EDGE('',*,*,#5059,.T.);
#6715=ORIENTED_EDGE('',*,*,#5060,.T.);
#6716=ORIENTED_EDGE('',*,*,#5056,.F.);
#6717=ORIENTED_EDGE('',*,*,#5061,.F.);
#6718=ORIENTED_EDGE('',*,*,#5062,.T.);
#6719=ORIENTED_EDGE('',*,*,#5063,.T.);
#6720=ORIENTED_EDGE('',*,*,#5059,.F.);
#6721=ORIENTED_EDGE('',*,*,#5064,.F.);
#6722=ORIENTED_EDGE('',*,*,#5051,.T.);
#6723=ORIENTED_EDGE('',*,*,#5065,.T.);
#6724=ORIENTED_EDGE('',*,*,#5062,.F.);
#6725=ORIENTED_EDGE('',*,*,#5065,.F.);
#6726=ORIENTED_EDGE('',*,*,#5050,.F.);
#6727=ORIENTED_EDGE('',*,*,#5054,.F.);
#6728=ORIENTED_EDGE('',*,*,#5057,.F.);
#6729=ORIENTED_EDGE('',*,*,#5060,.F.);
#6730=ORIENTED_EDGE('',*,*,#5063,.F.);
#6731=ORIENTED_EDGE('',*,*,#5066,.F.);
#6732=ORIENTED_EDGE('',*,*,#5067,.F.);
#6733=ORIENTED_EDGE('',*,*,#5068,.T.);
#6734=ORIENTED_EDGE('',*,*,#5009,.T.);
#6735=ORIENTED_EDGE('',*,*,#5068,.F.);
#6736=ORIENTED_EDGE('',*,*,#5069,.F.);
#6737=ORIENTED_EDGE('',*,*,#5070,.T.);
#6738=ORIENTED_EDGE('',*,*,#5047,.T.);
#6739=ORIENTED_EDGE('',*,*,#5070,.F.);
#6740=ORIENTED_EDGE('',*,*,#5071,.F.);
#6741=ORIENTED_EDGE('',*,*,#5072,.T.);
#6742=ORIENTED_EDGE('',*,*,#5066,.T.);
#6743=ORIENTED_EDGE('',*,*,#5072,.F.);
#6744=ORIENTED_EDGE('',*,*,#5073,.F.);
#6745=ORIENTED_EDGE('',*,*,#5074,.T.);
#6746=ORIENTED_EDGE('',*,*,#5028,.T.);
#6747=ORIENTED_EDGE('',*,*,#5074,.F.);
#6748=ORIENTED_EDGE('',*,*,#5075,.F.);
#6749=ORIENTED_EDGE('',*,*,#5076,.F.);
#6750=ORIENTED_EDGE('',*,*,#4698,.F.);
#6751=ORIENTED_EDGE('',*,*,#4701,.F.);
#6752=ORIENTED_EDGE('',*,*,#4687,.F.);
#6753=ORIENTED_EDGE('',*,*,#5077,.T.);
#6754=ORIENTED_EDGE('',*,*,#5078,.F.);
#6755=ORIENTED_EDGE('',*,*,#5079,.F.);
#6756=ORIENTED_EDGE('',*,*,#4715,.F.);
#6757=ORIENTED_EDGE('',*,*,#4718,.F.);
#6758=ORIENTED_EDGE('',*,*,#4704,.F.);
#6759=ORIENTED_EDGE('',*,*,#5080,.T.);
#6760=ORIENTED_EDGE('',*,*,#5081,.F.);
#6761=ORIENTED_EDGE('',*,*,#5082,.F.);
#6762=ORIENTED_EDGE('',*,*,#4732,.F.);
#6763=ORIENTED_EDGE('',*,*,#4735,.F.);
#6764=ORIENTED_EDGE('',*,*,#4721,.F.);
#6765=ORIENTED_EDGE('',*,*,#5083,.T.);
#6766=ORIENTED_EDGE('',*,*,#5084,.F.);
#6767=ORIENTED_EDGE('',*,*,#5085,.F.);
#6768=ORIENTED_EDGE('',*,*,#4749,.F.);
#6769=ORIENTED_EDGE('',*,*,#4752,.F.);
#6770=ORIENTED_EDGE('',*,*,#4738,.F.);
#6771=ORIENTED_EDGE('',*,*,#5086,.T.);
#6772=ORIENTED_EDGE('',*,*,#5087,.F.);
#6773=ORIENTED_EDGE('',*,*,#5088,.F.);
#6774=ORIENTED_EDGE('',*,*,#4766,.F.);
#6775=ORIENTED_EDGE('',*,*,#4769,.F.);
#6776=ORIENTED_EDGE('',*,*,#4755,.F.);
#6777=ORIENTED_EDGE('',*,*,#5089,.T.);
#6778=ORIENTED_EDGE('',*,*,#5090,.F.);
#6779=ORIENTED_EDGE('',*,*,#5091,.F.);
#6780=ORIENTED_EDGE('',*,*,#4783,.F.);
#6781=ORIENTED_EDGE('',*,*,#4786,.F.);
#6782=ORIENTED_EDGE('',*,*,#4772,.F.);
#6783=ORIENTED_EDGE('',*,*,#5092,.T.);
#6784=ORIENTED_EDGE('',*,*,#5093,.F.);
#6785=ORIENTED_EDGE('',*,*,#5094,.F.);
#6786=ORIENTED_EDGE('',*,*,#4800,.F.);
#6787=ORIENTED_EDGE('',*,*,#4803,.F.);
#6788=ORIENTED_EDGE('',*,*,#4789,.F.);
#6789=ORIENTED_EDGE('',*,*,#5095,.T.);
#6790=ORIENTED_EDGE('',*,*,#5096,.F.);
#6791=ORIENTED_EDGE('',*,*,#5097,.F.);
#6792=ORIENTED_EDGE('',*,*,#4817,.F.);
#6793=ORIENTED_EDGE('',*,*,#4820,.F.);
#6794=ORIENTED_EDGE('',*,*,#4806,.F.);
#6795=ORIENTED_EDGE('',*,*,#5098,.T.);
#6796=ORIENTED_EDGE('',*,*,#5099,.F.);
#6797=ORIENTED_EDGE('',*,*,#5100,.F.);
#6798=ORIENTED_EDGE('',*,*,#4834,.F.);
#6799=ORIENTED_EDGE('',*,*,#4837,.F.);
#6800=ORIENTED_EDGE('',*,*,#4823,.F.);
#6801=ORIENTED_EDGE('',*,*,#5101,.T.);
#6802=ORIENTED_EDGE('',*,*,#5102,.F.);
#6803=ORIENTED_EDGE('',*,*,#5103,.F.);
#6804=ORIENTED_EDGE('',*,*,#4851,.F.);
#6805=ORIENTED_EDGE('',*,*,#4854,.F.);
#6806=ORIENTED_EDGE('',*,*,#4840,.F.);
#6807=ORIENTED_EDGE('',*,*,#5104,.T.);
#6808=ORIENTED_EDGE('',*,*,#5105,.F.);
#6809=ORIENTED_EDGE('',*,*,#5106,.F.);
#6810=ORIENTED_EDGE('',*,*,#4868,.F.);
#6811=ORIENTED_EDGE('',*,*,#4871,.F.);
#6812=ORIENTED_EDGE('',*,*,#4857,.F.);
#6813=ORIENTED_EDGE('',*,*,#5107,.T.);
#6814=ORIENTED_EDGE('',*,*,#5108,.F.);
#6815=ORIENTED_EDGE('',*,*,#5109,.F.);
#6816=ORIENTED_EDGE('',*,*,#4885,.F.);
#6817=ORIENTED_EDGE('',*,*,#4888,.F.);
#6818=ORIENTED_EDGE('',*,*,#4874,.F.);
#6819=ORIENTED_EDGE('',*,*,#5110,.T.);
#6820=ORIENTED_EDGE('',*,*,#5111,.F.);
#6821=ORIENTED_EDGE('',*,*,#5112,.F.);
#6822=ORIENTED_EDGE('',*,*,#4902,.F.);
#6823=ORIENTED_EDGE('',*,*,#4905,.F.);
#6824=ORIENTED_EDGE('',*,*,#4891,.F.);
#6825=ORIENTED_EDGE('',*,*,#5113,.T.);
#6826=ORIENTED_EDGE('',*,*,#5114,.F.);
#6827=ORIENTED_EDGE('',*,*,#5115,.F.);
#6828=ORIENTED_EDGE('',*,*,#4919,.F.);
#6829=ORIENTED_EDGE('',*,*,#4922,.F.);
#6830=ORIENTED_EDGE('',*,*,#4908,.F.);
#6831=ORIENTED_EDGE('',*,*,#5116,.T.);
#6832=ORIENTED_EDGE('',*,*,#5117,.F.);
#6833=ORIENTED_EDGE('',*,*,#5118,.F.);
#6834=ORIENTED_EDGE('',*,*,#4936,.F.);
#6835=ORIENTED_EDGE('',*,*,#4939,.F.);
#6836=ORIENTED_EDGE('',*,*,#4925,.F.);
#6837=ORIENTED_EDGE('',*,*,#5119,.T.);
#6838=ORIENTED_EDGE('',*,*,#5120,.F.);
#6839=ORIENTED_EDGE('',*,*,#5121,.F.);
#6840=ORIENTED_EDGE('',*,*,#4953,.F.);
#6841=ORIENTED_EDGE('',*,*,#4956,.F.);
#6842=ORIENTED_EDGE('',*,*,#4942,.F.);
#6843=ORIENTED_EDGE('',*,*,#5122,.T.);
#6844=ORIENTED_EDGE('',*,*,#5123,.F.);
#6845=ORIENTED_EDGE('',*,*,#5124,.F.);
#6846=ORIENTED_EDGE('',*,*,#4970,.F.);
#6847=ORIENTED_EDGE('',*,*,#4973,.F.);
#6848=ORIENTED_EDGE('',*,*,#4959,.F.);
#6849=ORIENTED_EDGE('',*,*,#5125,.T.);
#6850=ORIENTED_EDGE('',*,*,#5126,.T.);
#6851=ORIENTED_EDGE('',*,*,#5075,.T.);
#6852=ORIENTED_EDGE('',*,*,#5127,.T.);
#6853=ORIENTED_EDGE('',*,*,#5128,.F.);
#6854=ORIENTED_EDGE('',*,*,#5129,.T.);
#6855=ORIENTED_EDGE('',*,*,#5130,.T.);
#6856=ORIENTED_EDGE('',*,*,#5131,.T.);
#6857=ORIENTED_EDGE('',*,*,#5132,.F.);
#6858=ORIENTED_EDGE('',*,*,#5133,.T.);
#6859=ORIENTED_EDGE('',*,*,#5123,.T.);
#6860=ORIENTED_EDGE('',*,*,#5134,.T.);
#6861=ORIENTED_EDGE('',*,*,#5135,.F.);
#6862=ORIENTED_EDGE('',*,*,#5136,.T.);
#6863=ORIENTED_EDGE('',*,*,#5120,.T.);
#6864=ORIENTED_EDGE('',*,*,#5137,.T.);
#6865=ORIENTED_EDGE('',*,*,#5138,.F.);
#6866=ORIENTED_EDGE('',*,*,#5139,.T.);
#6867=ORIENTED_EDGE('',*,*,#5117,.T.);
#6868=ORIENTED_EDGE('',*,*,#5140,.T.);
#6869=ORIENTED_EDGE('',*,*,#5141,.F.);
#6870=ORIENTED_EDGE('',*,*,#5142,.T.);
#6871=ORIENTED_EDGE('',*,*,#5114,.T.);
#6872=ORIENTED_EDGE('',*,*,#5143,.T.);
#6873=ORIENTED_EDGE('',*,*,#5144,.F.);
#6874=ORIENTED_EDGE('',*,*,#5145,.T.);
#6875=ORIENTED_EDGE('',*,*,#5111,.T.);
#6876=ORIENTED_EDGE('',*,*,#5146,.T.);
#6877=ORIENTED_EDGE('',*,*,#5147,.F.);
#6878=ORIENTED_EDGE('',*,*,#5148,.T.);
#6879=ORIENTED_EDGE('',*,*,#5108,.T.);
#6880=ORIENTED_EDGE('',*,*,#5149,.T.);
#6881=ORIENTED_EDGE('',*,*,#5150,.F.);
#6882=ORIENTED_EDGE('',*,*,#5151,.T.);
#6883=ORIENTED_EDGE('',*,*,#5105,.T.);
#6884=ORIENTED_EDGE('',*,*,#5152,.T.);
#6885=ORIENTED_EDGE('',*,*,#5153,.F.);
#6886=ORIENTED_EDGE('',*,*,#5154,.T.);
#6887=ORIENTED_EDGE('',*,*,#5102,.T.);
#6888=ORIENTED_EDGE('',*,*,#5155,.T.);
#6889=ORIENTED_EDGE('',*,*,#5156,.F.);
#6890=ORIENTED_EDGE('',*,*,#5157,.T.);
#6891=ORIENTED_EDGE('',*,*,#5099,.T.);
#6892=ORIENTED_EDGE('',*,*,#5158,.T.);
#6893=ORIENTED_EDGE('',*,*,#5159,.F.);
#6894=ORIENTED_EDGE('',*,*,#5160,.T.);
#6895=ORIENTED_EDGE('',*,*,#5096,.T.);
#6896=ORIENTED_EDGE('',*,*,#5161,.T.);
#6897=ORIENTED_EDGE('',*,*,#5162,.F.);
#6898=ORIENTED_EDGE('',*,*,#5163,.T.);
#6899=ORIENTED_EDGE('',*,*,#5093,.T.);
#6900=ORIENTED_EDGE('',*,*,#5164,.T.);
#6901=ORIENTED_EDGE('',*,*,#5165,.F.);
#6902=ORIENTED_EDGE('',*,*,#5166,.T.);
#6903=ORIENTED_EDGE('',*,*,#5090,.T.);
#6904=ORIENTED_EDGE('',*,*,#5167,.T.);
#6905=ORIENTED_EDGE('',*,*,#5168,.F.);
#6906=ORIENTED_EDGE('',*,*,#5169,.T.);
#6907=ORIENTED_EDGE('',*,*,#5087,.T.);
#6908=ORIENTED_EDGE('',*,*,#5170,.T.);
#6909=ORIENTED_EDGE('',*,*,#5171,.F.);
#6910=ORIENTED_EDGE('',*,*,#5172,.T.);
#6911=ORIENTED_EDGE('',*,*,#5084,.T.);
#6912=ORIENTED_EDGE('',*,*,#5173,.T.);
#6913=ORIENTED_EDGE('',*,*,#5174,.F.);
#6914=ORIENTED_EDGE('',*,*,#5175,.T.);
#6915=ORIENTED_EDGE('',*,*,#5081,.T.);
#6916=ORIENTED_EDGE('',*,*,#5176,.T.);
#6917=ORIENTED_EDGE('',*,*,#5177,.F.);
#6918=ORIENTED_EDGE('',*,*,#5178,.T.);
#6919=ORIENTED_EDGE('',*,*,#5078,.T.);
#6920=ORIENTED_EDGE('',*,*,#5179,.T.);
#6921=ORIENTED_EDGE('',*,*,#5180,.F.);
#6922=ORIENTED_EDGE('',*,*,#4991,.T.);
#6923=ORIENTED_EDGE('',*,*,#5007,.T.);
#6924=ORIENTED_EDGE('',*,*,#5004,.T.);
#6925=ORIENTED_EDGE('',*,*,#5001,.T.);
#6926=ORIENTED_EDGE('',*,*,#4998,.T.);
#6927=ORIENTED_EDGE('',*,*,#4995,.T.);
#6928=ORIENTED_EDGE('',*,*,#5010,.T.);
#6929=ORIENTED_EDGE('',*,*,#5026,.T.);
#6930=ORIENTED_EDGE('',*,*,#5023,.T.);
#6931=ORIENTED_EDGE('',*,*,#5020,.T.);
#6932=ORIENTED_EDGE('',*,*,#5017,.T.);
#6933=ORIENTED_EDGE('',*,*,#5014,.T.);
#6934=ORIENTED_EDGE('',*,*,#5029,.T.);
#6935=ORIENTED_EDGE('',*,*,#5045,.T.);
#6936=ORIENTED_EDGE('',*,*,#5042,.T.);
#6937=ORIENTED_EDGE('',*,*,#5039,.T.);
#6938=ORIENTED_EDGE('',*,*,#5036,.T.);
#6939=ORIENTED_EDGE('',*,*,#5033,.T.);
#6940=ORIENTED_EDGE('',*,*,#5048,.T.);
#6941=ORIENTED_EDGE('',*,*,#5064,.T.);
#6942=ORIENTED_EDGE('',*,*,#5061,.T.);
#6943=ORIENTED_EDGE('',*,*,#5058,.T.);
#6944=ORIENTED_EDGE('',*,*,#5055,.T.);
#6945=ORIENTED_EDGE('',*,*,#5052,.T.);
#6946=ORIENTED_EDGE('',*,*,#5181,.F.);
#6947=ORIENTED_EDGE('',*,*,#5182,.T.);
#6948=ORIENTED_EDGE('',*,*,#5183,.T.);
#6949=ORIENTED_EDGE('',*,*,#5184,.T.);
#6950=ORIENTED_EDGE('',*,*,#5185,.T.);
#6951=ORIENTED_EDGE('',*,*,#5186,.T.);
#6952=ORIENTED_EDGE('',*,*,#5128,.T.);
#6953=ORIENTED_EDGE('',*,*,#5187,.T.);
#6954=ORIENTED_EDGE('',*,*,#5132,.T.);
#6955=ORIENTED_EDGE('',*,*,#5188,.T.);
#6956=ORIENTED_EDGE('',*,*,#5189,.T.);
#6957=ORIENTED_EDGE('',*,*,#5190,.T.);
#6958=ORIENTED_EDGE('',*,*,#5191,.T.);
#6959=ORIENTED_EDGE('',*,*,#5192,.T.);
#6960=ORIENTED_EDGE('',*,*,#5135,.T.);
#6961=ORIENTED_EDGE('',*,*,#5193,.T.);
#6962=ORIENTED_EDGE('',*,*,#5194,.T.);
#6963=ORIENTED_EDGE('',*,*,#5195,.T.);
#6964=ORIENTED_EDGE('',*,*,#5196,.T.);
#6965=ORIENTED_EDGE('',*,*,#5197,.T.);
#6966=ORIENTED_EDGE('',*,*,#5138,.T.);
#6967=ORIENTED_EDGE('',*,*,#5198,.T.);
#6968=ORIENTED_EDGE('',*,*,#5199,.T.);
#6969=ORIENTED_EDGE('',*,*,#5200,.T.);
#6970=ORIENTED_EDGE('',*,*,#5201,.T.);
#6971=ORIENTED_EDGE('',*,*,#5202,.T.);
#6972=ORIENTED_EDGE('',*,*,#5141,.T.);
#6973=ORIENTED_EDGE('',*,*,#5203,.T.);
#6974=ORIENTED_EDGE('',*,*,#5204,.T.);
#6975=ORIENTED_EDGE('',*,*,#5205,.T.);
#6976=ORIENTED_EDGE('',*,*,#5206,.T.);
#6977=ORIENTED_EDGE('',*,*,#5207,.T.);
#6978=ORIENTED_EDGE('',*,*,#5144,.T.);
#6979=ORIENTED_EDGE('',*,*,#5208,.T.);
#6980=ORIENTED_EDGE('',*,*,#5209,.T.);
#6981=ORIENTED_EDGE('',*,*,#5210,.T.);
#6982=ORIENTED_EDGE('',*,*,#5211,.T.);
#6983=ORIENTED_EDGE('',*,*,#5212,.T.);
#6984=ORIENTED_EDGE('',*,*,#5147,.T.);
#6985=ORIENTED_EDGE('',*,*,#5213,.T.);
#6986=ORIENTED_EDGE('',*,*,#5214,.T.);
#6987=ORIENTED_EDGE('',*,*,#5215,.T.);
#6988=ORIENTED_EDGE('',*,*,#5216,.T.);
#6989=ORIENTED_EDGE('',*,*,#5217,.T.);
#6990=ORIENTED_EDGE('',*,*,#5150,.T.);
#6991=ORIENTED_EDGE('',*,*,#5218,.T.);
#6992=ORIENTED_EDGE('',*,*,#5219,.T.);
#6993=ORIENTED_EDGE('',*,*,#5220,.T.);
#6994=ORIENTED_EDGE('',*,*,#5221,.T.);
#6995=ORIENTED_EDGE('',*,*,#5222,.T.);
#6996=ORIENTED_EDGE('',*,*,#5153,.T.);
#6997=ORIENTED_EDGE('',*,*,#5223,.T.);
#6998=ORIENTED_EDGE('',*,*,#5224,.T.);
#6999=ORIENTED_EDGE('',*,*,#5225,.T.);
#7000=ORIENTED_EDGE('',*,*,#5226,.T.);
#7001=ORIENTED_EDGE('',*,*,#5227,.T.);
#7002=ORIENTED_EDGE('',*,*,#5156,.T.);
#7003=ORIENTED_EDGE('',*,*,#5228,.T.);
#7004=ORIENTED_EDGE('',*,*,#5229,.T.);
#7005=ORIENTED_EDGE('',*,*,#5230,.T.);
#7006=ORIENTED_EDGE('',*,*,#5231,.T.);
#7007=ORIENTED_EDGE('',*,*,#5232,.T.);
#7008=ORIENTED_EDGE('',*,*,#5159,.T.);
#7009=ORIENTED_EDGE('',*,*,#5233,.T.);
#7010=ORIENTED_EDGE('',*,*,#5234,.T.);
#7011=ORIENTED_EDGE('',*,*,#5235,.T.);
#7012=ORIENTED_EDGE('',*,*,#5236,.T.);
#7013=ORIENTED_EDGE('',*,*,#5237,.T.);
#7014=ORIENTED_EDGE('',*,*,#5162,.T.);
#7015=ORIENTED_EDGE('',*,*,#5238,.T.);
#7016=ORIENTED_EDGE('',*,*,#5239,.T.);
#7017=ORIENTED_EDGE('',*,*,#5240,.T.);
#7018=ORIENTED_EDGE('',*,*,#5241,.T.);
#7019=ORIENTED_EDGE('',*,*,#5242,.T.);
#7020=ORIENTED_EDGE('',*,*,#5165,.T.);
#7021=ORIENTED_EDGE('',*,*,#5243,.T.);
#7022=ORIENTED_EDGE('',*,*,#5244,.T.);
#7023=ORIENTED_EDGE('',*,*,#5245,.T.);
#7024=ORIENTED_EDGE('',*,*,#5246,.T.);
#7025=ORIENTED_EDGE('',*,*,#5247,.T.);
#7026=ORIENTED_EDGE('',*,*,#5168,.T.);
#7027=ORIENTED_EDGE('',*,*,#5248,.T.);
#7028=ORIENTED_EDGE('',*,*,#5249,.T.);
#7029=ORIENTED_EDGE('',*,*,#5250,.T.);
#7030=ORIENTED_EDGE('',*,*,#5251,.T.);
#7031=ORIENTED_EDGE('',*,*,#5252,.T.);
#7032=ORIENTED_EDGE('',*,*,#5171,.T.);
#7033=ORIENTED_EDGE('',*,*,#5253,.T.);
#7034=ORIENTED_EDGE('',*,*,#5254,.T.);
#7035=ORIENTED_EDGE('',*,*,#5255,.T.);
#7036=ORIENTED_EDGE('',*,*,#5256,.T.);
#7037=ORIENTED_EDGE('',*,*,#5257,.T.);
#7038=ORIENTED_EDGE('',*,*,#5174,.T.);
#7039=ORIENTED_EDGE('',*,*,#5258,.T.);
#7040=ORIENTED_EDGE('',*,*,#5259,.T.);
#7041=ORIENTED_EDGE('',*,*,#5260,.T.);
#7042=ORIENTED_EDGE('',*,*,#5261,.T.);
#7043=ORIENTED_EDGE('',*,*,#5262,.T.);
#7044=ORIENTED_EDGE('',*,*,#5177,.T.);
#7045=ORIENTED_EDGE('',*,*,#5263,.T.);
#7046=ORIENTED_EDGE('',*,*,#5264,.T.);
#7047=ORIENTED_EDGE('',*,*,#5265,.T.);
#7048=ORIENTED_EDGE('',*,*,#5266,.T.);
#7049=ORIENTED_EDGE('',*,*,#5130,.F.);
#7050=ORIENTED_EDGE('',*,*,#5267,.F.);
#7051=ORIENTED_EDGE('',*,*,#4987,.F.);
#7052=ORIENTED_EDGE('',*,*,#4990,.F.);
#7053=ORIENTED_EDGE('',*,*,#4976,.F.);
#7054=ORIENTED_EDGE('',*,*,#5268,.T.);
#7055=ORIENTED_EDGE('',*,*,#5269,.T.);
#7056=ORIENTED_EDGE('',*,*,#5180,.T.);
#7057=ORIENTED_EDGE('',*,*,#5270,.T.);
#7058=ORIENTED_EDGE('',*,*,#5271,.T.);
#7059=ORIENTED_EDGE('',*,*,#5272,.T.);
#7060=ORIENTED_EDGE('',*,*,#5273,.T.);
#7061=ORIENTED_EDGE('',*,*,#5097,.T.);
#7062=ORIENTED_EDGE('',*,*,#5160,.F.);
#7063=ORIENTED_EDGE('',*,*,#5232,.F.);
#7064=ORIENTED_EDGE('',*,*,#5236,.F.);
#7065=ORIENTED_EDGE('',*,*,#5274,.F.);
#7066=ORIENTED_EDGE('',*,*,#5275,.F.);
#7067=ORIENTED_EDGE('',*,*,#5276,.F.);
#7068=ORIENTED_EDGE('',*,*,#5277,.F.);
#7069=ORIENTED_EDGE('',*,*,#5278,.F.);
#7070=ORIENTED_EDGE('',*,*,#5279,.F.);
#7071=ORIENTED_EDGE('',*,*,#5280,.T.);
#7072=ORIENTED_EDGE('',*,*,#4818,.F.);
#7073=ORIENTED_EDGE('',*,*,#4822,.F.);
#7074=ORIENTED_EDGE('',*,*,#5281,.F.);
#7075=ORIENTED_EDGE('',*,*,#5282,.F.);
#7076=ORIENTED_EDGE('',*,*,#5283,.F.);
#7077=ORIENTED_EDGE('',*,*,#5284,.F.);
#7078=ORIENTED_EDGE('',*,*,#5285,.F.);
#7079=ORIENTED_EDGE('',*,*,#5286,.F.);
#7080=ORIENTED_EDGE('',*,*,#5287,.F.);
#7081=ORIENTED_EDGE('',*,*,#5234,.F.);
#7082=ORIENTED_EDGE('',*,*,#5233,.F.);
#7083=ORIENTED_EDGE('',*,*,#5158,.F.);
#7084=ORIENTED_EDGE('',*,*,#5101,.F.);
#7085=ORIENTED_EDGE('',*,*,#5100,.T.);
#7086=ORIENTED_EDGE('',*,*,#5157,.F.);
#7087=ORIENTED_EDGE('',*,*,#5227,.F.);
#7088=ORIENTED_EDGE('',*,*,#5231,.F.);
#7089=ORIENTED_EDGE('',*,*,#5288,.F.);
#7090=ORIENTED_EDGE('',*,*,#5289,.F.);
#7091=ORIENTED_EDGE('',*,*,#5290,.F.);
#7092=ORIENTED_EDGE('',*,*,#5291,.F.);
#7093=ORIENTED_EDGE('',*,*,#5292,.F.);
#7094=ORIENTED_EDGE('',*,*,#5293,.F.);
#7095=ORIENTED_EDGE('',*,*,#5294,.T.);
#7096=ORIENTED_EDGE('',*,*,#4835,.F.);
#7097=ORIENTED_EDGE('',*,*,#4839,.F.);
#7098=ORIENTED_EDGE('',*,*,#5295,.F.);
#7099=ORIENTED_EDGE('',*,*,#5296,.F.);
#7100=ORIENTED_EDGE('',*,*,#5297,.F.);
#7101=ORIENTED_EDGE('',*,*,#5298,.F.);
#7102=ORIENTED_EDGE('',*,*,#5299,.F.);
#7103=ORIENTED_EDGE('',*,*,#5300,.F.);
#7104=ORIENTED_EDGE('',*,*,#5301,.F.);
#7105=ORIENTED_EDGE('',*,*,#5229,.F.);
#7106=ORIENTED_EDGE('',*,*,#5228,.F.);
#7107=ORIENTED_EDGE('',*,*,#5155,.F.);
#7108=ORIENTED_EDGE('',*,*,#5104,.F.);
#7109=ORIENTED_EDGE('',*,*,#5103,.T.);
#7110=ORIENTED_EDGE('',*,*,#5154,.F.);
#7111=ORIENTED_EDGE('',*,*,#5222,.F.);
#7112=ORIENTED_EDGE('',*,*,#5226,.F.);
#7113=ORIENTED_EDGE('',*,*,#5302,.F.);
#7114=ORIENTED_EDGE('',*,*,#5303,.F.);
#7115=ORIENTED_EDGE('',*,*,#5304,.F.);
#7116=ORIENTED_EDGE('',*,*,#5305,.F.);
#7117=ORIENTED_EDGE('',*,*,#5306,.F.);
#7118=ORIENTED_EDGE('',*,*,#5307,.F.);
#7119=ORIENTED_EDGE('',*,*,#5308,.T.);
#7120=ORIENTED_EDGE('',*,*,#4852,.F.);
#7121=ORIENTED_EDGE('',*,*,#4856,.F.);
#7122=ORIENTED_EDGE('',*,*,#5309,.F.);
#7123=ORIENTED_EDGE('',*,*,#5310,.F.);
#7124=ORIENTED_EDGE('',*,*,#5311,.F.);
#7125=ORIENTED_EDGE('',*,*,#5312,.F.);
#7126=ORIENTED_EDGE('',*,*,#5313,.F.);
#7127=ORIENTED_EDGE('',*,*,#5314,.F.);
#7128=ORIENTED_EDGE('',*,*,#5315,.F.);
#7129=ORIENTED_EDGE('',*,*,#5224,.F.);
#7130=ORIENTED_EDGE('',*,*,#5223,.F.);
#7131=ORIENTED_EDGE('',*,*,#5152,.F.);
#7132=ORIENTED_EDGE('',*,*,#5107,.F.);
#7133=ORIENTED_EDGE('',*,*,#5106,.T.);
#7134=ORIENTED_EDGE('',*,*,#5151,.F.);
#7135=ORIENTED_EDGE('',*,*,#5217,.F.);
#7136=ORIENTED_EDGE('',*,*,#5221,.F.);
#7137=ORIENTED_EDGE('',*,*,#5316,.F.);
#7138=ORIENTED_EDGE('',*,*,#5317,.F.);
#7139=ORIENTED_EDGE('',*,*,#5318,.F.);
#7140=ORIENTED_EDGE('',*,*,#5319,.F.);
#7141=ORIENTED_EDGE('',*,*,#5320,.F.);
#7142=ORIENTED_EDGE('',*,*,#5321,.F.);
#7143=ORIENTED_EDGE('',*,*,#5322,.T.);
#7144=ORIENTED_EDGE('',*,*,#4869,.F.);
#7145=ORIENTED_EDGE('',*,*,#4873,.F.);
#7146=ORIENTED_EDGE('',*,*,#5323,.F.);
#7147=ORIENTED_EDGE('',*,*,#5324,.F.);
#7148=ORIENTED_EDGE('',*,*,#5325,.F.);
#7149=ORIENTED_EDGE('',*,*,#5326,.F.);
#7150=ORIENTED_EDGE('',*,*,#5327,.F.);
#7151=ORIENTED_EDGE('',*,*,#5328,.F.);
#7152=ORIENTED_EDGE('',*,*,#5329,.F.);
#7153=ORIENTED_EDGE('',*,*,#5219,.F.);
#7154=ORIENTED_EDGE('',*,*,#5218,.F.);
#7155=ORIENTED_EDGE('',*,*,#5149,.F.);
#7156=ORIENTED_EDGE('',*,*,#5110,.F.);
#7157=ORIENTED_EDGE('',*,*,#5109,.T.);
#7158=ORIENTED_EDGE('',*,*,#5148,.F.);
#7159=ORIENTED_EDGE('',*,*,#5212,.F.);
#7160=ORIENTED_EDGE('',*,*,#5216,.F.);
#7161=ORIENTED_EDGE('',*,*,#5330,.F.);
#7162=ORIENTED_EDGE('',*,*,#5331,.F.);
#7163=ORIENTED_EDGE('',*,*,#5332,.F.);
#7164=ORIENTED_EDGE('',*,*,#5333,.F.);
#7165=ORIENTED_EDGE('',*,*,#5334,.F.);
#7166=ORIENTED_EDGE('',*,*,#5335,.F.);
#7167=ORIENTED_EDGE('',*,*,#5336,.T.);
#7168=ORIENTED_EDGE('',*,*,#4886,.F.);
#7169=ORIENTED_EDGE('',*,*,#4890,.F.);
#7170=ORIENTED_EDGE('',*,*,#5337,.F.);
#7171=ORIENTED_EDGE('',*,*,#5338,.F.);
#7172=ORIENTED_EDGE('',*,*,#5339,.F.);
#7173=ORIENTED_EDGE('',*,*,#5340,.F.);
#7174=ORIENTED_EDGE('',*,*,#5341,.F.);
#7175=ORIENTED_EDGE('',*,*,#5342,.F.);
#7176=ORIENTED_EDGE('',*,*,#5343,.F.);
#7177=ORIENTED_EDGE('',*,*,#5214,.F.);
#7178=ORIENTED_EDGE('',*,*,#5213,.F.);
#7179=ORIENTED_EDGE('',*,*,#5146,.F.);
#7180=ORIENTED_EDGE('',*,*,#5113,.F.);
#7181=ORIENTED_EDGE('',*,*,#5112,.T.);
#7182=ORIENTED_EDGE('',*,*,#5145,.F.);
#7183=ORIENTED_EDGE('',*,*,#5207,.F.);
#7184=ORIENTED_EDGE('',*,*,#5211,.F.);
#7185=ORIENTED_EDGE('',*,*,#5344,.F.);
#7186=ORIENTED_EDGE('',*,*,#5345,.F.);
#7187=ORIENTED_EDGE('',*,*,#5346,.F.);
#7188=ORIENTED_EDGE('',*,*,#5347,.F.);
#7189=ORIENTED_EDGE('',*,*,#5348,.F.);
#7190=ORIENTED_EDGE('',*,*,#5349,.F.);
#7191=ORIENTED_EDGE('',*,*,#5350,.T.);
#7192=ORIENTED_EDGE('',*,*,#4903,.F.);
#7193=ORIENTED_EDGE('',*,*,#4907,.F.);
#7194=ORIENTED_EDGE('',*,*,#5351,.F.);
#7195=ORIENTED_EDGE('',*,*,#5352,.F.);
#7196=ORIENTED_EDGE('',*,*,#5353,.F.);
#7197=ORIENTED_EDGE('',*,*,#5354,.F.);
#7198=ORIENTED_EDGE('',*,*,#5355,.F.);
#7199=ORIENTED_EDGE('',*,*,#5356,.F.);
#7200=ORIENTED_EDGE('',*,*,#5357,.F.);
#7201=ORIENTED_EDGE('',*,*,#5209,.F.);
#7202=ORIENTED_EDGE('',*,*,#5208,.F.);
#7203=ORIENTED_EDGE('',*,*,#5143,.F.);
#7204=ORIENTED_EDGE('',*,*,#5116,.F.);
#7205=ORIENTED_EDGE('',*,*,#5115,.T.);
#7206=ORIENTED_EDGE('',*,*,#5142,.F.);
#7207=ORIENTED_EDGE('',*,*,#5202,.F.);
#7208=ORIENTED_EDGE('',*,*,#5206,.F.);
#7209=ORIENTED_EDGE('',*,*,#5358,.F.);
#7210=ORIENTED_EDGE('',*,*,#5359,.F.);
#7211=ORIENTED_EDGE('',*,*,#5360,.F.);
#7212=ORIENTED_EDGE('',*,*,#5361,.F.);
#7213=ORIENTED_EDGE('',*,*,#5362,.F.);
#7214=ORIENTED_EDGE('',*,*,#5363,.F.);
#7215=ORIENTED_EDGE('',*,*,#5364,.T.);
#7216=ORIENTED_EDGE('',*,*,#4920,.F.);
#7217=ORIENTED_EDGE('',*,*,#4924,.F.);
#7218=ORIENTED_EDGE('',*,*,#5365,.F.);
#7219=ORIENTED_EDGE('',*,*,#5366,.F.);
#7220=ORIENTED_EDGE('',*,*,#5367,.F.);
#7221=ORIENTED_EDGE('',*,*,#5368,.F.);
#7222=ORIENTED_EDGE('',*,*,#5369,.F.);
#7223=ORIENTED_EDGE('',*,*,#5370,.F.);
#7224=ORIENTED_EDGE('',*,*,#5371,.F.);
#7225=ORIENTED_EDGE('',*,*,#5204,.F.);
#7226=ORIENTED_EDGE('',*,*,#5203,.F.);
#7227=ORIENTED_EDGE('',*,*,#5140,.F.);
#7228=ORIENTED_EDGE('',*,*,#5119,.F.);
#7229=ORIENTED_EDGE('',*,*,#5118,.T.);
#7230=ORIENTED_EDGE('',*,*,#5139,.F.);
#7231=ORIENTED_EDGE('',*,*,#5197,.F.);
#7232=ORIENTED_EDGE('',*,*,#5201,.F.);
#7233=ORIENTED_EDGE('',*,*,#5372,.F.);
#7234=ORIENTED_EDGE('',*,*,#5373,.F.);
#7235=ORIENTED_EDGE('',*,*,#5374,.F.);
#7236=ORIENTED_EDGE('',*,*,#5375,.F.);
#7237=ORIENTED_EDGE('',*,*,#5376,.F.);
#7238=ORIENTED_EDGE('',*,*,#5377,.F.);
#7239=ORIENTED_EDGE('',*,*,#5378,.T.);
#7240=ORIENTED_EDGE('',*,*,#4937,.F.);
#7241=ORIENTED_EDGE('',*,*,#4941,.F.);
#7242=ORIENTED_EDGE('',*,*,#5379,.F.);
#7243=ORIENTED_EDGE('',*,*,#5380,.F.);
#7244=ORIENTED_EDGE('',*,*,#5381,.F.);
#7245=ORIENTED_EDGE('',*,*,#5382,.F.);
#7246=ORIENTED_EDGE('',*,*,#5383,.F.);
#7247=ORIENTED_EDGE('',*,*,#5384,.F.);
#7248=ORIENTED_EDGE('',*,*,#5385,.F.);
#7249=ORIENTED_EDGE('',*,*,#5199,.F.);
#7250=ORIENTED_EDGE('',*,*,#5198,.F.);
#7251=ORIENTED_EDGE('',*,*,#5137,.F.);
#7252=ORIENTED_EDGE('',*,*,#5122,.F.);
#7253=ORIENTED_EDGE('',*,*,#5121,.T.);
#7254=ORIENTED_EDGE('',*,*,#5136,.F.);
#7255=ORIENTED_EDGE('',*,*,#5192,.F.);
#7256=ORIENTED_EDGE('',*,*,#5196,.F.);
#7257=ORIENTED_EDGE('',*,*,#5386,.F.);
#7258=ORIENTED_EDGE('',*,*,#5387,.F.);
#7259=ORIENTED_EDGE('',*,*,#5388,.F.);
#7260=ORIENTED_EDGE('',*,*,#5389,.F.);
#7261=ORIENTED_EDGE('',*,*,#5390,.F.);
#7262=ORIENTED_EDGE('',*,*,#5391,.F.);
#7263=ORIENTED_EDGE('',*,*,#5392,.T.);
#7264=ORIENTED_EDGE('',*,*,#4954,.F.);
#7265=ORIENTED_EDGE('',*,*,#5195,.F.);
#7266=ORIENTED_EDGE('',*,*,#5393,.T.);
#7267=ORIENTED_EDGE('',*,*,#5394,.T.);
#7268=ORIENTED_EDGE('',*,*,#5386,.T.);
#7269=ORIENTED_EDGE('',*,*,#5200,.F.);
#7270=ORIENTED_EDGE('',*,*,#5385,.T.);
#7271=ORIENTED_EDGE('',*,*,#5395,.T.);
#7272=ORIENTED_EDGE('',*,*,#5372,.T.);
#7273=ORIENTED_EDGE('',*,*,#5190,.F.);
#7274=ORIENTED_EDGE('',*,*,#5396,.T.);
#7275=ORIENTED_EDGE('',*,*,#5397,.T.);
#7276=ORIENTED_EDGE('',*,*,#5398,.T.);
#7277=ORIENTED_EDGE('',*,*,#5205,.F.);
#7278=ORIENTED_EDGE('',*,*,#5371,.T.);
#7279=ORIENTED_EDGE('',*,*,#5399,.T.);
#7280=ORIENTED_EDGE('',*,*,#5358,.T.);
#7281=ORIENTED_EDGE('',*,*,#5184,.F.);
#7282=ORIENTED_EDGE('',*,*,#5400,.T.);
#7283=ORIENTED_EDGE('',*,*,#5401,.T.);
#7284=ORIENTED_EDGE('',*,*,#5402,.T.);
#7285=ORIENTED_EDGE('',*,*,#5210,.F.);
#7286=ORIENTED_EDGE('',*,*,#5357,.T.);
#7287=ORIENTED_EDGE('',*,*,#5403,.T.);
#7288=ORIENTED_EDGE('',*,*,#5344,.T.);
#7289=ORIENTED_EDGE('',*,*,#5272,.F.);
#7290=ORIENTED_EDGE('',*,*,#5404,.T.);
#7291=ORIENTED_EDGE('',*,*,#5405,.T.);
#7292=ORIENTED_EDGE('',*,*,#5406,.T.);
#7293=ORIENTED_EDGE('',*,*,#5215,.F.);
#7294=ORIENTED_EDGE('',*,*,#5343,.T.);
#7295=ORIENTED_EDGE('',*,*,#5407,.T.);
#7296=ORIENTED_EDGE('',*,*,#5330,.T.);
#7297=ORIENTED_EDGE('',*,*,#5265,.F.);
#7298=ORIENTED_EDGE('',*,*,#5408,.T.);
#7299=ORIENTED_EDGE('',*,*,#5409,.T.);
#7300=ORIENTED_EDGE('',*,*,#5410,.T.);
#7301=ORIENTED_EDGE('',*,*,#5220,.F.);
#7302=ORIENTED_EDGE('',*,*,#5329,.T.);
#7303=ORIENTED_EDGE('',*,*,#5411,.T.);
#7304=ORIENTED_EDGE('',*,*,#5316,.T.);
#7305=ORIENTED_EDGE('',*,*,#5260,.F.);
#7306=ORIENTED_EDGE('',*,*,#5412,.T.);
#7307=ORIENTED_EDGE('',*,*,#5413,.T.);
#7308=ORIENTED_EDGE('',*,*,#5414,.T.);
#7309=ORIENTED_EDGE('',*,*,#5225,.F.);
#7310=ORIENTED_EDGE('',*,*,#5315,.T.);
#7311=ORIENTED_EDGE('',*,*,#5415,.T.);
#7312=ORIENTED_EDGE('',*,*,#5302,.T.);
#7313=ORIENTED_EDGE('',*,*,#5255,.F.);
#7314=ORIENTED_EDGE('',*,*,#5416,.T.);
#7315=ORIENTED_EDGE('',*,*,#5417,.T.);
#7316=ORIENTED_EDGE('',*,*,#5418,.T.);
#7317=ORIENTED_EDGE('',*,*,#5230,.F.);
#7318=ORIENTED_EDGE('',*,*,#5301,.T.);
#7319=ORIENTED_EDGE('',*,*,#5419,.T.);
#7320=ORIENTED_EDGE('',*,*,#5288,.T.);
#7321=ORIENTED_EDGE('',*,*,#5250,.F.);
#7322=ORIENTED_EDGE('',*,*,#5420,.T.);
#7323=ORIENTED_EDGE('',*,*,#5421,.T.);
#7324=ORIENTED_EDGE('',*,*,#5422,.T.);
#7325=ORIENTED_EDGE('',*,*,#5235,.F.);
#7326=ORIENTED_EDGE('',*,*,#5287,.T.);
#7327=ORIENTED_EDGE('',*,*,#5423,.T.);
#7328=ORIENTED_EDGE('',*,*,#5274,.T.);
#7329=ORIENTED_EDGE('',*,*,#5245,.F.);
#7330=ORIENTED_EDGE('',*,*,#5424,.T.);
#7331=ORIENTED_EDGE('',*,*,#5425,.T.);
#7332=ORIENTED_EDGE('',*,*,#5426,.T.);
#7333=ORIENTED_EDGE('',*,*,#4958,.F.);
#7334=ORIENTED_EDGE('',*,*,#5427,.F.);
#7335=ORIENTED_EDGE('',*,*,#5428,.F.);
#7336=ORIENTED_EDGE('',*,*,#5429,.F.);
#7337=ORIENTED_EDGE('',*,*,#5430,.F.);
#7338=ORIENTED_EDGE('',*,*,#5431,.F.);
#7339=ORIENTED_EDGE('',*,*,#5432,.F.);
#7340=ORIENTED_EDGE('',*,*,#5393,.F.);
#7341=ORIENTED_EDGE('',*,*,#5194,.F.);
#7342=ORIENTED_EDGE('',*,*,#5193,.F.);
#7343=ORIENTED_EDGE('',*,*,#5134,.F.);
#7344=ORIENTED_EDGE('',*,*,#5125,.F.);
#7345=ORIENTED_EDGE('',*,*,#5433,.T.);
#7346=ORIENTED_EDGE('',*,*,#5434,.T.);
#7347=ORIENTED_EDGE('',*,*,#5435,.T.);
#7348=ORIENTED_EDGE('',*,*,#5436,.T.);
#7349=ORIENTED_EDGE('',*,*,#5434,.F.);
#7350=ORIENTED_EDGE('',*,*,#5437,.F.);
#7351=ORIENTED_EDGE('',*,*,#5438,.T.);
#7352=ORIENTED_EDGE('',*,*,#5439,.T.);
#7353=ORIENTED_EDGE('',*,*,#5433,.F.);
#7354=ORIENTED_EDGE('',*,*,#5440,.T.);
#7355=ORIENTED_EDGE('',*,*,#5441,.T.);
#7356=ORIENTED_EDGE('',*,*,#5442,.T.);
#7357=ORIENTED_EDGE('',*,*,#5443,.T.);
#7358=ORIENTED_EDGE('',*,*,#5444,.T.);
#7359=ORIENTED_EDGE('',*,*,#5445,.F.);
#7360=ORIENTED_EDGE('',*,*,#5446,.T.);
#7361=ORIENTED_EDGE('',*,*,#5447,.T.);
#7362=ORIENTED_EDGE('',*,*,#5448,.T.);
#7363=ORIENTED_EDGE('',*,*,#5449,.F.);
#7364=ORIENTED_EDGE('',*,*,#5450,.T.);
#7365=ORIENTED_EDGE('',*,*,#5405,.F.);
#7366=ORIENTED_EDGE('',*,*,#5451,.T.);
#7367=ORIENTED_EDGE('',*,*,#5452,.F.);
#7368=ORIENTED_EDGE('',*,*,#5453,.T.);
#7369=ORIENTED_EDGE('',*,*,#5454,.T.);
#7370=ORIENTED_EDGE('',*,*,#5455,.T.);
#7371=ORIENTED_EDGE('',*,*,#5456,.F.);
#7372=ORIENTED_EDGE('',*,*,#5457,.T.);
#7373=ORIENTED_EDGE('',*,*,#5458,.T.);
#7374=ORIENTED_EDGE('',*,*,#5459,.T.);
#7375=ORIENTED_EDGE('',*,*,#5460,.T.);
#7376=ORIENTED_EDGE('',*,*,#5461,.T.);
#7377=ORIENTED_EDGE('',*,*,#5462,.F.);
#7378=ORIENTED_EDGE('',*,*,#5463,.T.);
#7379=ORIENTED_EDGE('',*,*,#5464,.T.);
#7380=ORIENTED_EDGE('',*,*,#5465,.T.);
#7381=ORIENTED_EDGE('',*,*,#5466,.F.);
#7382=ORIENTED_EDGE('',*,*,#5467,.T.);
#7383=ORIENTED_EDGE('',*,*,#5409,.F.);
#7384=ORIENTED_EDGE('',*,*,#5468,.T.);
#7385=ORIENTED_EDGE('',*,*,#5469,.F.);
#7386=ORIENTED_EDGE('',*,*,#5470,.T.);
#7387=ORIENTED_EDGE('',*,*,#5471,.T.);
#7388=ORIENTED_EDGE('',*,*,#5472,.T.);
#7389=ORIENTED_EDGE('',*,*,#5473,.F.);
#7390=ORIENTED_EDGE('',*,*,#5474,.T.);
#7391=ORIENTED_EDGE('',*,*,#5475,.T.);
#7392=ORIENTED_EDGE('',*,*,#5476,.T.);
#7393=ORIENTED_EDGE('',*,*,#5477,.T.);
#7394=ORIENTED_EDGE('',*,*,#5478,.T.);
#7395=ORIENTED_EDGE('',*,*,#5479,.F.);
#7396=ORIENTED_EDGE('',*,*,#5480,.T.);
#7397=ORIENTED_EDGE('',*,*,#5481,.T.);
#7398=ORIENTED_EDGE('',*,*,#5482,.T.);
#7399=ORIENTED_EDGE('',*,*,#5483,.F.);
#7400=ORIENTED_EDGE('',*,*,#5484,.T.);
#7401=ORIENTED_EDGE('',*,*,#5413,.F.);
#7402=ORIENTED_EDGE('',*,*,#5485,.T.);
#7403=ORIENTED_EDGE('',*,*,#5486,.F.);
#7404=ORIENTED_EDGE('',*,*,#5487,.T.);
#7405=ORIENTED_EDGE('',*,*,#5488,.T.);
#7406=ORIENTED_EDGE('',*,*,#5489,.T.);
#7407=ORIENTED_EDGE('',*,*,#5490,.F.);
#7408=ORIENTED_EDGE('',*,*,#5491,.T.);
#7409=ORIENTED_EDGE('',*,*,#5492,.T.);
#7410=ORIENTED_EDGE('',*,*,#5493,.T.);
#7411=ORIENTED_EDGE('',*,*,#5494,.T.);
#7412=ORIENTED_EDGE('',*,*,#5495,.T.);
#7413=ORIENTED_EDGE('',*,*,#5496,.F.);
#7414=ORIENTED_EDGE('',*,*,#5497,.T.);
#7415=ORIENTED_EDGE('',*,*,#5498,.T.);
#7416=ORIENTED_EDGE('',*,*,#5499,.T.);
#7417=ORIENTED_EDGE('',*,*,#5500,.F.);
#7418=ORIENTED_EDGE('',*,*,#5501,.T.);
#7419=ORIENTED_EDGE('',*,*,#5417,.F.);
#7420=ORIENTED_EDGE('',*,*,#5502,.T.);
#7421=ORIENTED_EDGE('',*,*,#5503,.F.);
#7422=ORIENTED_EDGE('',*,*,#5504,.T.);
#7423=ORIENTED_EDGE('',*,*,#5505,.T.);
#7424=ORIENTED_EDGE('',*,*,#5506,.T.);
#7425=ORIENTED_EDGE('',*,*,#5507,.F.);
#7426=ORIENTED_EDGE('',*,*,#5508,.T.);
#7427=ORIENTED_EDGE('',*,*,#5509,.T.);
#7428=ORIENTED_EDGE('',*,*,#5510,.T.);
#7429=ORIENTED_EDGE('',*,*,#5511,.T.);
#7430=ORIENTED_EDGE('',*,*,#5512,.T.);
#7431=ORIENTED_EDGE('',*,*,#5513,.F.);
#7432=ORIENTED_EDGE('',*,*,#5514,.T.);
#7433=ORIENTED_EDGE('',*,*,#5515,.T.);
#7434=ORIENTED_EDGE('',*,*,#5516,.T.);
#7435=ORIENTED_EDGE('',*,*,#5517,.F.);
#7436=ORIENTED_EDGE('',*,*,#5518,.T.);
#7437=ORIENTED_EDGE('',*,*,#5421,.F.);
#7438=ORIENTED_EDGE('',*,*,#5519,.T.);
#7439=ORIENTED_EDGE('',*,*,#5520,.F.);
#7440=ORIENTED_EDGE('',*,*,#5521,.T.);
#7441=ORIENTED_EDGE('',*,*,#5522,.T.);
#7442=ORIENTED_EDGE('',*,*,#5523,.T.);
#7443=ORIENTED_EDGE('',*,*,#5524,.F.);
#7444=ORIENTED_EDGE('',*,*,#5525,.T.);
#7445=ORIENTED_EDGE('',*,*,#5526,.T.);
#7446=ORIENTED_EDGE('',*,*,#5527,.T.);
#7447=ORIENTED_EDGE('',*,*,#5528,.T.);
#7448=ORIENTED_EDGE('',*,*,#5529,.T.);
#7449=ORIENTED_EDGE('',*,*,#5530,.F.);
#7450=ORIENTED_EDGE('',*,*,#5531,.T.);
#7451=ORIENTED_EDGE('',*,*,#5532,.T.);
#7452=ORIENTED_EDGE('',*,*,#5533,.T.);
#7453=ORIENTED_EDGE('',*,*,#5534,.F.);
#7454=ORIENTED_EDGE('',*,*,#5535,.T.);
#7455=ORIENTED_EDGE('',*,*,#5425,.F.);
#7456=ORIENTED_EDGE('',*,*,#5536,.T.);
#7457=ORIENTED_EDGE('',*,*,#5537,.F.);
#7458=ORIENTED_EDGE('',*,*,#5538,.T.);
#7459=ORIENTED_EDGE('',*,*,#5539,.T.);
#7460=ORIENTED_EDGE('',*,*,#5540,.T.);
#7461=ORIENTED_EDGE('',*,*,#5541,.F.);
#7462=ORIENTED_EDGE('',*,*,#5542,.T.);
#7463=ORIENTED_EDGE('',*,*,#5543,.T.);
#7464=ORIENTED_EDGE('',*,*,#5544,.T.);
#7465=ORIENTED_EDGE('',*,*,#5545,.T.);
#7466=ORIENTED_EDGE('',*,*,#5546,.T.);
#7467=ORIENTED_EDGE('',*,*,#5547,.F.);
#7468=ORIENTED_EDGE('',*,*,#5548,.T.);
#7469=ORIENTED_EDGE('',*,*,#5549,.T.);
#7470=ORIENTED_EDGE('',*,*,#5550,.T.);
#7471=ORIENTED_EDGE('',*,*,#5551,.F.);
#7472=ORIENTED_EDGE('',*,*,#5552,.T.);
#7473=ORIENTED_EDGE('',*,*,#5553,.F.);
#7474=ORIENTED_EDGE('',*,*,#5554,.T.);
#7475=ORIENTED_EDGE('',*,*,#5555,.F.);
#7476=ORIENTED_EDGE('',*,*,#5556,.T.);
#7477=ORIENTED_EDGE('',*,*,#5557,.T.);
#7478=ORIENTED_EDGE('',*,*,#5558,.T.);
#7479=ORIENTED_EDGE('',*,*,#5559,.F.);
#7480=ORIENTED_EDGE('',*,*,#5560,.T.);
#7481=ORIENTED_EDGE('',*,*,#5561,.T.);
#7482=ORIENTED_EDGE('',*,*,#5562,.T.);
#7483=ORIENTED_EDGE('',*,*,#5563,.T.);
#7484=ORIENTED_EDGE('',*,*,#5279,.T.);
#7485=ORIENTED_EDGE('',*,*,#5564,.F.);
#7486=ORIENTED_EDGE('',*,*,#5565,.T.);
#7487=ORIENTED_EDGE('',*,*,#5566,.T.);
#7488=ORIENTED_EDGE('',*,*,#5567,.T.);
#7489=ORIENTED_EDGE('',*,*,#5568,.F.);
#7490=ORIENTED_EDGE('',*,*,#5275,.T.);
#7491=ORIENTED_EDGE('',*,*,#5423,.F.);
#7492=ORIENTED_EDGE('',*,*,#5286,.T.);
#7493=ORIENTED_EDGE('',*,*,#5569,.F.);
#7494=ORIENTED_EDGE('',*,*,#5570,.T.);
#7495=ORIENTED_EDGE('',*,*,#5571,.T.);
#7496=ORIENTED_EDGE('',*,*,#5572,.T.);
#7497=ORIENTED_EDGE('',*,*,#5573,.F.);
#7498=ORIENTED_EDGE('',*,*,#5282,.T.);
#7499=ORIENTED_EDGE('',*,*,#5574,.T.);
#7500=ORIENTED_EDGE('',*,*,#5575,.T.);
#7501=ORIENTED_EDGE('',*,*,#5576,.T.);
#7502=ORIENTED_EDGE('',*,*,#5293,.T.);
#7503=ORIENTED_EDGE('',*,*,#5577,.F.);
#7504=ORIENTED_EDGE('',*,*,#5578,.T.);
#7505=ORIENTED_EDGE('',*,*,#5579,.T.);
#7506=ORIENTED_EDGE('',*,*,#5580,.T.);
#7507=ORIENTED_EDGE('',*,*,#5581,.F.);
#7508=ORIENTED_EDGE('',*,*,#5289,.T.);
#7509=ORIENTED_EDGE('',*,*,#5419,.F.);
#7510=ORIENTED_EDGE('',*,*,#5300,.T.);
#7511=ORIENTED_EDGE('',*,*,#5582,.F.);
#7512=ORIENTED_EDGE('',*,*,#5583,.T.);
#7513=ORIENTED_EDGE('',*,*,#5584,.T.);
#7514=ORIENTED_EDGE('',*,*,#5585,.T.);
#7515=ORIENTED_EDGE('',*,*,#5586,.F.);
#7516=ORIENTED_EDGE('',*,*,#5296,.T.);
#7517=ORIENTED_EDGE('',*,*,#5587,.T.);
#7518=ORIENTED_EDGE('',*,*,#5588,.T.);
#7519=ORIENTED_EDGE('',*,*,#5589,.T.);
#7520=ORIENTED_EDGE('',*,*,#5307,.T.);
#7521=ORIENTED_EDGE('',*,*,#5590,.F.);
#7522=ORIENTED_EDGE('',*,*,#5591,.T.);
#7523=ORIENTED_EDGE('',*,*,#5592,.T.);
#7524=ORIENTED_EDGE('',*,*,#5593,.T.);
#7525=ORIENTED_EDGE('',*,*,#5594,.F.);
#7526=ORIENTED_EDGE('',*,*,#5303,.T.);
#7527=ORIENTED_EDGE('',*,*,#5415,.F.);
#7528=ORIENTED_EDGE('',*,*,#5314,.T.);
#7529=ORIENTED_EDGE('',*,*,#5595,.F.);
#7530=ORIENTED_EDGE('',*,*,#5596,.T.);
#7531=ORIENTED_EDGE('',*,*,#5597,.T.);
#7532=ORIENTED_EDGE('',*,*,#5598,.T.);
#7533=ORIENTED_EDGE('',*,*,#5599,.F.);
#7534=ORIENTED_EDGE('',*,*,#5310,.T.);
#7535=ORIENTED_EDGE('',*,*,#5600,.T.);
#7536=ORIENTED_EDGE('',*,*,#5601,.T.);
#7537=ORIENTED_EDGE('',*,*,#5602,.T.);
#7538=ORIENTED_EDGE('',*,*,#5321,.T.);
#7539=ORIENTED_EDGE('',*,*,#5603,.F.);
#7540=ORIENTED_EDGE('',*,*,#5604,.T.);
#7541=ORIENTED_EDGE('',*,*,#5605,.T.);
#7542=ORIENTED_EDGE('',*,*,#5606,.T.);
#7543=ORIENTED_EDGE('',*,*,#5607,.F.);
#7544=ORIENTED_EDGE('',*,*,#5317,.T.);
#7545=ORIENTED_EDGE('',*,*,#5411,.F.);
#7546=ORIENTED_EDGE('',*,*,#5328,.T.);
#7547=ORIENTED_EDGE('',*,*,#5608,.F.);
#7548=ORIENTED_EDGE('',*,*,#5609,.T.);
#7549=ORIENTED_EDGE('',*,*,#5610,.T.);
#7550=ORIENTED_EDGE('',*,*,#5611,.T.);
#7551=ORIENTED_EDGE('',*,*,#5612,.F.);
#7552=ORIENTED_EDGE('',*,*,#5324,.T.);
#7553=ORIENTED_EDGE('',*,*,#5613,.T.);
#7554=ORIENTED_EDGE('',*,*,#5614,.T.);
#7555=ORIENTED_EDGE('',*,*,#5615,.T.);
#7556=ORIENTED_EDGE('',*,*,#5335,.T.);
#7557=ORIENTED_EDGE('',*,*,#5616,.F.);
#7558=ORIENTED_EDGE('',*,*,#5617,.T.);
#7559=ORIENTED_EDGE('',*,*,#5618,.T.);
#7560=ORIENTED_EDGE('',*,*,#5619,.T.);
#7561=ORIENTED_EDGE('',*,*,#5620,.F.);
#7562=ORIENTED_EDGE('',*,*,#5331,.T.);
#7563=ORIENTED_EDGE('',*,*,#5407,.F.);
#7564=ORIENTED_EDGE('',*,*,#5342,.T.);
#7565=ORIENTED_EDGE('',*,*,#5621,.F.);
#7566=ORIENTED_EDGE('',*,*,#5622,.T.);
#7567=ORIENTED_EDGE('',*,*,#5623,.T.);
#7568=ORIENTED_EDGE('',*,*,#5624,.T.);
#7569=ORIENTED_EDGE('',*,*,#5625,.F.);
#7570=ORIENTED_EDGE('',*,*,#5338,.T.);
#7571=ORIENTED_EDGE('',*,*,#5626,.T.);
#7572=ORIENTED_EDGE('',*,*,#5627,.T.);
#7573=ORIENTED_EDGE('',*,*,#5628,.T.);
#7574=ORIENTED_EDGE('',*,*,#5349,.T.);
#7575=ORIENTED_EDGE('',*,*,#5629,.F.);
#7576=ORIENTED_EDGE('',*,*,#5630,.T.);
#7577=ORIENTED_EDGE('',*,*,#5631,.T.);
#7578=ORIENTED_EDGE('',*,*,#5632,.T.);
#7579=ORIENTED_EDGE('',*,*,#5633,.F.);
#7580=ORIENTED_EDGE('',*,*,#5345,.T.);
#7581=ORIENTED_EDGE('',*,*,#5403,.F.);
#7582=ORIENTED_EDGE('',*,*,#5356,.T.);
#7583=ORIENTED_EDGE('',*,*,#5634,.F.);
#7584=ORIENTED_EDGE('',*,*,#5635,.T.);
#7585=ORIENTED_EDGE('',*,*,#5636,.T.);
#7586=ORIENTED_EDGE('',*,*,#5637,.T.);
#7587=ORIENTED_EDGE('',*,*,#5638,.F.);
#7588=ORIENTED_EDGE('',*,*,#5352,.T.);
#7589=ORIENTED_EDGE('',*,*,#5639,.T.);
#7590=ORIENTED_EDGE('',*,*,#5640,.T.);
#7591=ORIENTED_EDGE('',*,*,#5641,.T.);
#7592=ORIENTED_EDGE('',*,*,#5363,.T.);
#7593=ORIENTED_EDGE('',*,*,#5642,.F.);
#7594=ORIENTED_EDGE('',*,*,#5643,.T.);
#7595=ORIENTED_EDGE('',*,*,#5644,.T.);
#7596=ORIENTED_EDGE('',*,*,#5645,.T.);
#7597=ORIENTED_EDGE('',*,*,#5646,.F.);
#7598=ORIENTED_EDGE('',*,*,#5359,.T.);
#7599=ORIENTED_EDGE('',*,*,#5399,.F.);
#7600=ORIENTED_EDGE('',*,*,#5370,.T.);
#7601=ORIENTED_EDGE('',*,*,#5647,.F.);
#7602=ORIENTED_EDGE('',*,*,#5648,.T.);
#7603=ORIENTED_EDGE('',*,*,#5649,.T.);
#7604=ORIENTED_EDGE('',*,*,#5650,.T.);
#7605=ORIENTED_EDGE('',*,*,#5651,.F.);
#7606=ORIENTED_EDGE('',*,*,#5366,.T.);
#7607=ORIENTED_EDGE('',*,*,#5652,.T.);
#7608=ORIENTED_EDGE('',*,*,#5653,.T.);
#7609=ORIENTED_EDGE('',*,*,#5654,.T.);
#7610=ORIENTED_EDGE('',*,*,#5377,.T.);
#7611=ORIENTED_EDGE('',*,*,#5655,.F.);
#7612=ORIENTED_EDGE('',*,*,#5656,.T.);
#7613=ORIENTED_EDGE('',*,*,#5657,.T.);
#7614=ORIENTED_EDGE('',*,*,#5658,.T.);
#7615=ORIENTED_EDGE('',*,*,#5659,.F.);
#7616=ORIENTED_EDGE('',*,*,#5373,.T.);
#7617=ORIENTED_EDGE('',*,*,#5395,.F.);
#7618=ORIENTED_EDGE('',*,*,#5384,.T.);
#7619=ORIENTED_EDGE('',*,*,#5660,.F.);
#7620=ORIENTED_EDGE('',*,*,#5661,.T.);
#7621=ORIENTED_EDGE('',*,*,#5662,.T.);
#7622=ORIENTED_EDGE('',*,*,#5663,.T.);
#7623=ORIENTED_EDGE('',*,*,#5664,.F.);
#7624=ORIENTED_EDGE('',*,*,#5380,.T.);
#7625=ORIENTED_EDGE('',*,*,#5665,.T.);
#7626=ORIENTED_EDGE('',*,*,#5666,.T.);
#7627=ORIENTED_EDGE('',*,*,#5667,.T.);
#7628=ORIENTED_EDGE('',*,*,#5391,.T.);
#7629=ORIENTED_EDGE('',*,*,#5668,.F.);
#7630=ORIENTED_EDGE('',*,*,#5669,.T.);
#7631=ORIENTED_EDGE('',*,*,#5670,.T.);
#7632=ORIENTED_EDGE('',*,*,#5671,.T.);
#7633=ORIENTED_EDGE('',*,*,#5672,.F.);
#7634=ORIENTED_EDGE('',*,*,#5387,.T.);
#7635=ORIENTED_EDGE('',*,*,#5394,.F.);
#7636=ORIENTED_EDGE('',*,*,#5432,.T.);
#7637=ORIENTED_EDGE('',*,*,#5673,.F.);
#7638=ORIENTED_EDGE('',*,*,#5674,.T.);
#7639=ORIENTED_EDGE('',*,*,#5675,.T.);
#7640=ORIENTED_EDGE('',*,*,#5676,.T.);
#7641=ORIENTED_EDGE('',*,*,#5677,.F.);
#7642=ORIENTED_EDGE('',*,*,#5428,.T.);
#7643=ORIENTED_EDGE('',*,*,#5678,.T.);
#7644=ORIENTED_EDGE('',*,*,#5679,.T.);
#7645=ORIENTED_EDGE('',*,*,#5680,.T.);
#7646=ORIENTED_EDGE('',*,*,#5681,.T.);
#7647=ORIENTED_EDGE('',*,*,#5682,.F.);
#7648=ORIENTED_EDGE('',*,*,#5683,.T.);
#7649=ORIENTED_EDGE('',*,*,#5684,.T.);
#7650=ORIENTED_EDGE('',*,*,#5685,.T.);
#7651=ORIENTED_EDGE('',*,*,#5686,.F.);
#7652=ORIENTED_EDGE('',*,*,#5687,.T.);
#7653=ORIENTED_EDGE('',*,*,#5397,.F.);
#7654=ORIENTED_EDGE('',*,*,#5688,.T.);
#7655=ORIENTED_EDGE('',*,*,#5689,.F.);
#7656=ORIENTED_EDGE('',*,*,#5690,.T.);
#7657=ORIENTED_EDGE('',*,*,#5691,.T.);
#7658=ORIENTED_EDGE('',*,*,#5692,.T.);
#7659=ORIENTED_EDGE('',*,*,#5693,.F.);
#7660=ORIENTED_EDGE('',*,*,#5694,.T.);
#7661=ORIENTED_EDGE('',*,*,#5695,.T.);
#7662=ORIENTED_EDGE('',*,*,#5696,.T.);
#7663=ORIENTED_EDGE('',*,*,#5697,.T.);
#7664=ORIENTED_EDGE('',*,*,#5698,.T.);
#7665=ORIENTED_EDGE('',*,*,#5699,.F.);
#7666=ORIENTED_EDGE('',*,*,#5700,.T.);
#7667=ORIENTED_EDGE('',*,*,#5701,.T.);
#7668=ORIENTED_EDGE('',*,*,#5702,.T.);
#7669=ORIENTED_EDGE('',*,*,#5703,.F.);
#7670=ORIENTED_EDGE('',*,*,#5704,.T.);
#7671=ORIENTED_EDGE('',*,*,#5401,.F.);
#7672=ORIENTED_EDGE('',*,*,#5705,.T.);
#7673=ORIENTED_EDGE('',*,*,#5706,.F.);
#7674=ORIENTED_EDGE('',*,*,#5707,.T.);
#7675=ORIENTED_EDGE('',*,*,#5708,.T.);
#7676=ORIENTED_EDGE('',*,*,#5437,.T.);
#7677=ORIENTED_EDGE('',*,*,#5067,.T.);
#7678=ORIENTED_EDGE('',*,*,#5069,.T.);
#7679=ORIENTED_EDGE('',*,*,#5071,.T.);
#7680=ORIENTED_EDGE('',*,*,#5073,.T.);
#7681=ORIENTED_EDGE('',*,*,#5709,.T.);
#7682=ORIENTED_EDGE('',*,*,#5445,.T.);
#7683=ORIENTED_EDGE('',*,*,#5710,.T.);
#7684=ORIENTED_EDGE('',*,*,#5711,.T.);
#7685=ORIENTED_EDGE('',*,*,#5712,.T.);
#7686=ORIENTED_EDGE('',*,*,#5076,.T.);
#7687=ORIENTED_EDGE('',*,*,#5126,.F.);
#7688=ORIENTED_EDGE('',*,*,#5269,.F.);
#7689=ORIENTED_EDGE('',*,*,#5273,.F.);
#7690=ORIENTED_EDGE('',*,*,#5406,.F.);
#7691=ORIENTED_EDGE('',*,*,#5450,.F.);
#7692=ORIENTED_EDGE('',*,*,#5713,.F.);
#7693=ORIENTED_EDGE('',*,*,#5714,.F.);
#7694=ORIENTED_EDGE('',*,*,#5710,.F.);
#7695=ORIENTED_EDGE('',*,*,#5444,.F.);
#7696=ORIENTED_EDGE('',*,*,#5715,.T.);
#7697=ORIENTED_EDGE('',*,*,#4699,.F.);
#7698=ORIENTED_EDGE('',*,*,#5706,.T.);
#7699=ORIENTED_EDGE('',*,*,#5716,.T.);
#7700=ORIENTED_EDGE('',*,*,#5717,.T.);
#7701=ORIENTED_EDGE('',*,*,#5718,.T.);
#7702=ORIENTED_EDGE('',*,*,#4686,.F.);
#7703=ORIENTED_EDGE('',*,*,#5719,.F.);
#7704=ORIENTED_EDGE('',*,*,#5440,.F.);
#7705=ORIENTED_EDGE('',*,*,#5436,.F.);
#7706=ORIENTED_EDGE('',*,*,#5720,.F.);
#7707=ORIENTED_EDGE('',*,*,#5716,.F.);
#7708=ORIENTED_EDGE('',*,*,#5705,.F.);
#7709=ORIENTED_EDGE('',*,*,#5400,.F.);
#7710=ORIENTED_EDGE('',*,*,#5183,.F.);
#7711=ORIENTED_EDGE('',*,*,#5182,.F.);
#7712=ORIENTED_EDGE('',*,*,#5127,.F.);
#7713=ORIENTED_EDGE('',*,*,#5077,.F.);
#7714=ORIENTED_EDGE('',*,*,#5449,.T.);
#7715=ORIENTED_EDGE('',*,*,#5721,.T.);
#7716=ORIENTED_EDGE('',*,*,#5722,.T.);
#7717=ORIENTED_EDGE('',*,*,#5713,.T.);
#7718=ORIENTED_EDGE('',*,*,#5721,.F.);
#7719=ORIENTED_EDGE('',*,*,#5448,.F.);
#7720=ORIENTED_EDGE('',*,*,#5723,.T.);
#7721=ORIENTED_EDGE('',*,*,#5724,.T.);
#7722=ORIENTED_EDGE('',*,*,#5456,.T.);
#7723=ORIENTED_EDGE('',*,*,#5725,.T.);
#7724=ORIENTED_EDGE('',*,*,#5726,.T.);
#7725=ORIENTED_EDGE('',*,*,#5727,.T.);
#7726=ORIENTED_EDGE('',*,*,#5725,.F.);
#7727=ORIENTED_EDGE('',*,*,#5455,.F.);
#7728=ORIENTED_EDGE('',*,*,#5728,.T.);
#7729=ORIENTED_EDGE('',*,*,#5729,.T.);
#7730=ORIENTED_EDGE('',*,*,#5462,.T.);
#7731=ORIENTED_EDGE('',*,*,#5730,.T.);
#7732=ORIENTED_EDGE('',*,*,#5731,.T.);
#7733=ORIENTED_EDGE('',*,*,#5732,.T.);
#7734=ORIENTED_EDGE('',*,*,#5079,.T.);
#7735=ORIENTED_EDGE('',*,*,#5178,.F.);
#7736=ORIENTED_EDGE('',*,*,#5262,.F.);
#7737=ORIENTED_EDGE('',*,*,#5266,.F.);
#7738=ORIENTED_EDGE('',*,*,#5410,.F.);
#7739=ORIENTED_EDGE('',*,*,#5467,.F.);
#7740=ORIENTED_EDGE('',*,*,#5733,.F.);
#7741=ORIENTED_EDGE('',*,*,#5734,.F.);
#7742=ORIENTED_EDGE('',*,*,#5730,.F.);
#7743=ORIENTED_EDGE('',*,*,#5461,.F.);
#7744=ORIENTED_EDGE('',*,*,#5735,.T.);
#7745=ORIENTED_EDGE('',*,*,#4716,.F.);
#7746=ORIENTED_EDGE('',*,*,#5452,.T.);
#7747=ORIENTED_EDGE('',*,*,#5736,.T.);
#7748=ORIENTED_EDGE('',*,*,#5737,.T.);
#7749=ORIENTED_EDGE('',*,*,#5738,.T.);
#7750=ORIENTED_EDGE('',*,*,#4703,.F.);
#7751=ORIENTED_EDGE('',*,*,#5739,.F.);
#7752=ORIENTED_EDGE('',*,*,#5457,.F.);
#7753=ORIENTED_EDGE('',*,*,#5727,.F.);
#7754=ORIENTED_EDGE('',*,*,#5740,.F.);
#7755=ORIENTED_EDGE('',*,*,#5736,.F.);
#7756=ORIENTED_EDGE('',*,*,#5451,.F.);
#7757=ORIENTED_EDGE('',*,*,#5404,.F.);
#7758=ORIENTED_EDGE('',*,*,#5271,.F.);
#7759=ORIENTED_EDGE('',*,*,#5270,.F.);
#7760=ORIENTED_EDGE('',*,*,#5179,.F.);
#7761=ORIENTED_EDGE('',*,*,#5080,.F.);
#7762=ORIENTED_EDGE('',*,*,#5466,.T.);
#7763=ORIENTED_EDGE('',*,*,#5741,.T.);
#7764=ORIENTED_EDGE('',*,*,#5742,.T.);
#7765=ORIENTED_EDGE('',*,*,#5733,.T.);
#7766=ORIENTED_EDGE('',*,*,#5741,.F.);
#7767=ORIENTED_EDGE('',*,*,#5465,.F.);
#7768=ORIENTED_EDGE('',*,*,#5743,.T.);
#7769=ORIENTED_EDGE('',*,*,#5744,.T.);
#7770=ORIENTED_EDGE('',*,*,#5473,.T.);
#7771=ORIENTED_EDGE('',*,*,#5745,.T.);
#7772=ORIENTED_EDGE('',*,*,#5746,.T.);
#7773=ORIENTED_EDGE('',*,*,#5747,.T.);
#7774=ORIENTED_EDGE('',*,*,#5745,.F.);
#7775=ORIENTED_EDGE('',*,*,#5472,.F.);
#7776=ORIENTED_EDGE('',*,*,#5748,.T.);
#7777=ORIENTED_EDGE('',*,*,#5749,.T.);
#7778=ORIENTED_EDGE('',*,*,#5479,.T.);
#7779=ORIENTED_EDGE('',*,*,#5750,.T.);
#7780=ORIENTED_EDGE('',*,*,#5751,.T.);
#7781=ORIENTED_EDGE('',*,*,#5752,.T.);
#7782=ORIENTED_EDGE('',*,*,#5082,.T.);
#7783=ORIENTED_EDGE('',*,*,#5175,.F.);
#7784=ORIENTED_EDGE('',*,*,#5257,.F.);
#7785=ORIENTED_EDGE('',*,*,#5261,.F.);
#7786=ORIENTED_EDGE('',*,*,#5414,.F.);
#7787=ORIENTED_EDGE('',*,*,#5484,.F.);
#7788=ORIENTED_EDGE('',*,*,#5753,.F.);
#7789=ORIENTED_EDGE('',*,*,#5754,.F.);
#7790=ORIENTED_EDGE('',*,*,#5750,.F.);
#7791=ORIENTED_EDGE('',*,*,#5478,.F.);
#7792=ORIENTED_EDGE('',*,*,#5755,.T.);
#7793=ORIENTED_EDGE('',*,*,#4733,.F.);
#7794=ORIENTED_EDGE('',*,*,#5469,.T.);
#7795=ORIENTED_EDGE('',*,*,#5756,.T.);
#7796=ORIENTED_EDGE('',*,*,#5757,.T.);
#7797=ORIENTED_EDGE('',*,*,#5758,.T.);
#7798=ORIENTED_EDGE('',*,*,#4720,.F.);
#7799=ORIENTED_EDGE('',*,*,#5759,.F.);
#7800=ORIENTED_EDGE('',*,*,#5474,.F.);
#7801=ORIENTED_EDGE('',*,*,#5747,.F.);
#7802=ORIENTED_EDGE('',*,*,#5760,.F.);
#7803=ORIENTED_EDGE('',*,*,#5756,.F.);
#7804=ORIENTED_EDGE('',*,*,#5468,.F.);
#7805=ORIENTED_EDGE('',*,*,#5408,.F.);
#7806=ORIENTED_EDGE('',*,*,#5264,.F.);
#7807=ORIENTED_EDGE('',*,*,#5263,.F.);
#7808=ORIENTED_EDGE('',*,*,#5176,.F.);
#7809=ORIENTED_EDGE('',*,*,#5083,.F.);
#7810=ORIENTED_EDGE('',*,*,#5483,.T.);
#7811=ORIENTED_EDGE('',*,*,#5761,.T.);
#7812=ORIENTED_EDGE('',*,*,#5762,.T.);
#7813=ORIENTED_EDGE('',*,*,#5753,.T.);
#7814=ORIENTED_EDGE('',*,*,#5761,.F.);
#7815=ORIENTED_EDGE('',*,*,#5482,.F.);
#7816=ORIENTED_EDGE('',*,*,#5763,.T.);
#7817=ORIENTED_EDGE('',*,*,#5764,.T.);
#7818=ORIENTED_EDGE('',*,*,#5490,.T.);
#7819=ORIENTED_EDGE('',*,*,#5765,.T.);
#7820=ORIENTED_EDGE('',*,*,#5766,.T.);
#7821=ORIENTED_EDGE('',*,*,#5767,.T.);
#7822=ORIENTED_EDGE('',*,*,#5765,.F.);
#7823=ORIENTED_EDGE('',*,*,#5489,.F.);
#7824=ORIENTED_EDGE('',*,*,#5768,.T.);
#7825=ORIENTED_EDGE('',*,*,#5769,.T.);
#7826=ORIENTED_EDGE('',*,*,#5496,.T.);
#7827=ORIENTED_EDGE('',*,*,#5770,.T.);
#7828=ORIENTED_EDGE('',*,*,#5771,.T.);
#7829=ORIENTED_EDGE('',*,*,#5772,.T.);
#7830=ORIENTED_EDGE('',*,*,#5085,.T.);
#7831=ORIENTED_EDGE('',*,*,#5172,.F.);
#7832=ORIENTED_EDGE('',*,*,#5252,.F.);
#7833=ORIENTED_EDGE('',*,*,#5256,.F.);
#7834=ORIENTED_EDGE('',*,*,#5418,.F.);
#7835=ORIENTED_EDGE('',*,*,#5501,.F.);
#7836=ORIENTED_EDGE('',*,*,#5773,.F.);
#7837=ORIENTED_EDGE('',*,*,#5774,.F.);
#7838=ORIENTED_EDGE('',*,*,#5770,.F.);
#7839=ORIENTED_EDGE('',*,*,#5495,.F.);
#7840=ORIENTED_EDGE('',*,*,#5775,.T.);
#7841=ORIENTED_EDGE('',*,*,#4750,.F.);
#7842=ORIENTED_EDGE('',*,*,#5486,.T.);
#7843=ORIENTED_EDGE('',*,*,#5776,.T.);
#7844=ORIENTED_EDGE('',*,*,#5777,.T.);
#7845=ORIENTED_EDGE('',*,*,#5778,.T.);
#7846=ORIENTED_EDGE('',*,*,#4737,.F.);
#7847=ORIENTED_EDGE('',*,*,#5779,.F.);
#7848=ORIENTED_EDGE('',*,*,#5491,.F.);
#7849=ORIENTED_EDGE('',*,*,#5767,.F.);
#7850=ORIENTED_EDGE('',*,*,#5780,.F.);
#7851=ORIENTED_EDGE('',*,*,#5776,.F.);
#7852=ORIENTED_EDGE('',*,*,#5485,.F.);
#7853=ORIENTED_EDGE('',*,*,#5412,.F.);
#7854=ORIENTED_EDGE('',*,*,#5259,.F.);
#7855=ORIENTED_EDGE('',*,*,#5258,.F.);
#7856=ORIENTED_EDGE('',*,*,#5173,.F.);
#7857=ORIENTED_EDGE('',*,*,#5086,.F.);
#7858=ORIENTED_EDGE('',*,*,#5500,.T.);
#7859=ORIENTED_EDGE('',*,*,#5781,.T.);
#7860=ORIENTED_EDGE('',*,*,#5782,.T.);
#7861=ORIENTED_EDGE('',*,*,#5773,.T.);
#7862=ORIENTED_EDGE('',*,*,#5781,.F.);
#7863=ORIENTED_EDGE('',*,*,#5499,.F.);
#7864=ORIENTED_EDGE('',*,*,#5783,.T.);
#7865=ORIENTED_EDGE('',*,*,#5784,.T.);
#7866=ORIENTED_EDGE('',*,*,#5507,.T.);
#7867=ORIENTED_EDGE('',*,*,#5785,.T.);
#7868=ORIENTED_EDGE('',*,*,#5786,.T.);
#7869=ORIENTED_EDGE('',*,*,#5787,.T.);
#7870=ORIENTED_EDGE('',*,*,#5785,.F.);
#7871=ORIENTED_EDGE('',*,*,#5506,.F.);
#7872=ORIENTED_EDGE('',*,*,#5788,.T.);
#7873=ORIENTED_EDGE('',*,*,#5789,.T.);
#7874=ORIENTED_EDGE('',*,*,#5513,.T.);
#7875=ORIENTED_EDGE('',*,*,#5790,.T.);
#7876=ORIENTED_EDGE('',*,*,#5791,.T.);
#7877=ORIENTED_EDGE('',*,*,#5792,.T.);
#7878=ORIENTED_EDGE('',*,*,#5088,.T.);
#7879=ORIENTED_EDGE('',*,*,#5169,.F.);
#7880=ORIENTED_EDGE('',*,*,#5247,.F.);
#7881=ORIENTED_EDGE('',*,*,#5251,.F.);
#7882=ORIENTED_EDGE('',*,*,#5422,.F.);
#7883=ORIENTED_EDGE('',*,*,#5518,.F.);
#7884=ORIENTED_EDGE('',*,*,#5793,.F.);
#7885=ORIENTED_EDGE('',*,*,#5794,.F.);
#7886=ORIENTED_EDGE('',*,*,#5790,.F.);
#7887=ORIENTED_EDGE('',*,*,#5512,.F.);
#7888=ORIENTED_EDGE('',*,*,#5795,.T.);
#7889=ORIENTED_EDGE('',*,*,#4767,.F.);
#7890=ORIENTED_EDGE('',*,*,#5503,.T.);
#7891=ORIENTED_EDGE('',*,*,#5796,.T.);
#7892=ORIENTED_EDGE('',*,*,#5797,.T.);
#7893=ORIENTED_EDGE('',*,*,#5798,.T.);
#7894=ORIENTED_EDGE('',*,*,#4754,.F.);
#7895=ORIENTED_EDGE('',*,*,#5799,.F.);
#7896=ORIENTED_EDGE('',*,*,#5508,.F.);
#7897=ORIENTED_EDGE('',*,*,#5787,.F.);
#7898=ORIENTED_EDGE('',*,*,#5800,.F.);
#7899=ORIENTED_EDGE('',*,*,#5796,.F.);
#7900=ORIENTED_EDGE('',*,*,#5502,.F.);
#7901=ORIENTED_EDGE('',*,*,#5416,.F.);
#7902=ORIENTED_EDGE('',*,*,#5254,.F.);
#7903=ORIENTED_EDGE('',*,*,#5253,.F.);
#7904=ORIENTED_EDGE('',*,*,#5170,.F.);
#7905=ORIENTED_EDGE('',*,*,#5089,.F.);
#7906=ORIENTED_EDGE('',*,*,#5517,.T.);
#7907=ORIENTED_EDGE('',*,*,#5801,.T.);
#7908=ORIENTED_EDGE('',*,*,#5802,.T.);
#7909=ORIENTED_EDGE('',*,*,#5793,.T.);
#7910=ORIENTED_EDGE('',*,*,#5801,.F.);
#7911=ORIENTED_EDGE('',*,*,#5516,.F.);
#7912=ORIENTED_EDGE('',*,*,#5803,.T.);
#7913=ORIENTED_EDGE('',*,*,#5804,.T.);
#7914=ORIENTED_EDGE('',*,*,#5524,.T.);
#7915=ORIENTED_EDGE('',*,*,#5805,.T.);
#7916=ORIENTED_EDGE('',*,*,#5806,.T.);
#7917=ORIENTED_EDGE('',*,*,#5807,.T.);
#7918=ORIENTED_EDGE('',*,*,#5805,.F.);
#7919=ORIENTED_EDGE('',*,*,#5523,.F.);
#7920=ORIENTED_EDGE('',*,*,#5808,.T.);
#7921=ORIENTED_EDGE('',*,*,#5809,.T.);
#7922=ORIENTED_EDGE('',*,*,#5530,.T.);
#7923=ORIENTED_EDGE('',*,*,#5810,.T.);
#7924=ORIENTED_EDGE('',*,*,#5811,.T.);
#7925=ORIENTED_EDGE('',*,*,#5812,.T.);
#7926=ORIENTED_EDGE('',*,*,#5091,.T.);
#7927=ORIENTED_EDGE('',*,*,#5166,.F.);
#7928=ORIENTED_EDGE('',*,*,#5242,.F.);
#7929=ORIENTED_EDGE('',*,*,#5246,.F.);
#7930=ORIENTED_EDGE('',*,*,#5426,.F.);
#7931=ORIENTED_EDGE('',*,*,#5535,.F.);
#7932=ORIENTED_EDGE('',*,*,#5813,.F.);
#7933=ORIENTED_EDGE('',*,*,#5814,.F.);
#7934=ORIENTED_EDGE('',*,*,#5810,.F.);
#7935=ORIENTED_EDGE('',*,*,#5529,.F.);
#7936=ORIENTED_EDGE('',*,*,#5815,.T.);
#7937=ORIENTED_EDGE('',*,*,#4784,.F.);
#7938=ORIENTED_EDGE('',*,*,#5520,.T.);
#7939=ORIENTED_EDGE('',*,*,#5816,.T.);
#7940=ORIENTED_EDGE('',*,*,#5817,.T.);
#7941=ORIENTED_EDGE('',*,*,#5818,.T.);
#7942=ORIENTED_EDGE('',*,*,#4771,.F.);
#7943=ORIENTED_EDGE('',*,*,#5819,.F.);
#7944=ORIENTED_EDGE('',*,*,#5525,.F.);
#7945=ORIENTED_EDGE('',*,*,#5807,.F.);
#7946=ORIENTED_EDGE('',*,*,#5820,.F.);
#7947=ORIENTED_EDGE('',*,*,#5816,.F.);
#7948=ORIENTED_EDGE('',*,*,#5519,.F.);
#7949=ORIENTED_EDGE('',*,*,#5420,.F.);
#7950=ORIENTED_EDGE('',*,*,#5249,.F.);
#7951=ORIENTED_EDGE('',*,*,#5248,.F.);
#7952=ORIENTED_EDGE('',*,*,#5167,.F.);
#7953=ORIENTED_EDGE('',*,*,#5092,.F.);
#7954=ORIENTED_EDGE('',*,*,#5534,.T.);
#7955=ORIENTED_EDGE('',*,*,#5821,.T.);
#7956=ORIENTED_EDGE('',*,*,#5822,.T.);
#7957=ORIENTED_EDGE('',*,*,#5813,.T.);
#7958=ORIENTED_EDGE('',*,*,#5821,.F.);
#7959=ORIENTED_EDGE('',*,*,#5533,.F.);
#7960=ORIENTED_EDGE('',*,*,#5823,.T.);
#7961=ORIENTED_EDGE('',*,*,#5824,.T.);
#7962=ORIENTED_EDGE('',*,*,#5541,.T.);
#7963=ORIENTED_EDGE('',*,*,#5825,.T.);
#7964=ORIENTED_EDGE('',*,*,#5826,.T.);
#7965=ORIENTED_EDGE('',*,*,#5827,.T.);
#7966=ORIENTED_EDGE('',*,*,#5825,.F.);
#7967=ORIENTED_EDGE('',*,*,#5540,.F.);
#7968=ORIENTED_EDGE('',*,*,#5828,.T.);
#7969=ORIENTED_EDGE('',*,*,#5829,.T.);
#7970=ORIENTED_EDGE('',*,*,#5547,.T.);
#7971=ORIENTED_EDGE('',*,*,#5830,.T.);
#7972=ORIENTED_EDGE('',*,*,#5831,.T.);
#7973=ORIENTED_EDGE('',*,*,#5832,.T.);
#7974=ORIENTED_EDGE('',*,*,#5094,.T.);
#7975=ORIENTED_EDGE('',*,*,#5163,.F.);
#7976=ORIENTED_EDGE('',*,*,#5237,.F.);
#7977=ORIENTED_EDGE('',*,*,#5241,.F.);
#7978=ORIENTED_EDGE('',*,*,#5833,.F.);
#7979=ORIENTED_EDGE('',*,*,#5552,.F.);
#7980=ORIENTED_EDGE('',*,*,#5834,.F.);
#7981=ORIENTED_EDGE('',*,*,#5835,.F.);
#7982=ORIENTED_EDGE('',*,*,#5830,.F.);
#7983=ORIENTED_EDGE('',*,*,#5546,.F.);
#7984=ORIENTED_EDGE('',*,*,#5836,.T.);
#7985=ORIENTED_EDGE('',*,*,#4801,.F.);
#7986=ORIENTED_EDGE('',*,*,#5537,.T.);
#7987=ORIENTED_EDGE('',*,*,#5837,.T.);
#7988=ORIENTED_EDGE('',*,*,#5838,.T.);
#7989=ORIENTED_EDGE('',*,*,#5839,.T.);
#7990=ORIENTED_EDGE('',*,*,#4788,.F.);
#7991=ORIENTED_EDGE('',*,*,#5840,.F.);
#7992=ORIENTED_EDGE('',*,*,#5542,.F.);
#7993=ORIENTED_EDGE('',*,*,#5827,.F.);
#7994=ORIENTED_EDGE('',*,*,#5841,.F.);
#7995=ORIENTED_EDGE('',*,*,#5837,.F.);
#7996=ORIENTED_EDGE('',*,*,#5536,.F.);
#7997=ORIENTED_EDGE('',*,*,#5424,.F.);
#7998=ORIENTED_EDGE('',*,*,#5244,.F.);
#7999=ORIENTED_EDGE('',*,*,#5243,.F.);
#8000=ORIENTED_EDGE('',*,*,#5164,.F.);
#8001=ORIENTED_EDGE('',*,*,#5095,.F.);
#8002=ORIENTED_EDGE('',*,*,#5551,.T.);
#8003=ORIENTED_EDGE('',*,*,#5842,.T.);
#8004=ORIENTED_EDGE('',*,*,#5843,.T.);
#8005=ORIENTED_EDGE('',*,*,#5834,.T.);
#8006=ORIENTED_EDGE('',*,*,#5842,.F.);
#8007=ORIENTED_EDGE('',*,*,#5550,.F.);
#8008=ORIENTED_EDGE('',*,*,#5844,.T.);
#8009=ORIENTED_EDGE('',*,*,#5845,.T.);
#8010=ORIENTED_EDGE('',*,*,#5559,.T.);
#8011=ORIENTED_EDGE('',*,*,#5846,.T.);
#8012=ORIENTED_EDGE('',*,*,#5847,.T.);
#8013=ORIENTED_EDGE('',*,*,#5848,.T.);
#8014=ORIENTED_EDGE('',*,*,#5846,.F.);
#8015=ORIENTED_EDGE('',*,*,#5558,.F.);
#8016=ORIENTED_EDGE('',*,*,#5849,.T.);
#8017=ORIENTED_EDGE('',*,*,#5850,.T.);
#8018=ORIENTED_EDGE('',*,*,#5564,.T.);
#8019=ORIENTED_EDGE('',*,*,#5278,.T.);
#8020=ORIENTED_EDGE('',*,*,#5851,.T.);
#8021=ORIENTED_EDGE('',*,*,#5852,.T.);
#8022=ORIENTED_EDGE('',*,*,#5555,.T.);
#8023=ORIENTED_EDGE('',*,*,#5853,.T.);
#8024=ORIENTED_EDGE('',*,*,#5854,.T.);
#8025=ORIENTED_EDGE('',*,*,#5855,.T.);
#8026=ORIENTED_EDGE('',*,*,#4805,.F.);
#8027=ORIENTED_EDGE('',*,*,#5856,.F.);
#8028=ORIENTED_EDGE('',*,*,#5560,.F.);
#8029=ORIENTED_EDGE('',*,*,#5848,.F.);
#8030=ORIENTED_EDGE('',*,*,#5857,.F.);
#8031=ORIENTED_EDGE('',*,*,#5853,.F.);
#8032=ORIENTED_EDGE('',*,*,#5554,.F.);
#8033=ORIENTED_EDGE('',*,*,#5858,.F.);
#8034=ORIENTED_EDGE('',*,*,#5239,.F.);
#8035=ORIENTED_EDGE('',*,*,#5238,.F.);
#8036=ORIENTED_EDGE('',*,*,#5161,.F.);
#8037=ORIENTED_EDGE('',*,*,#5098,.F.);
#8038=ORIENTED_EDGE('',*,*,#5568,.T.);
#8039=ORIENTED_EDGE('',*,*,#5859,.T.);
#8040=ORIENTED_EDGE('',*,*,#5860,.T.);
#8041=ORIENTED_EDGE('',*,*,#5276,.T.);
#8042=ORIENTED_EDGE('',*,*,#5859,.F.);
#8043=ORIENTED_EDGE('',*,*,#5567,.F.);
#8044=ORIENTED_EDGE('',*,*,#5861,.T.);
#8045=ORIENTED_EDGE('',*,*,#5862,.T.);
#8046=ORIENTED_EDGE('',*,*,#5573,.T.);
#8047=ORIENTED_EDGE('',*,*,#5863,.T.);
#8048=ORIENTED_EDGE('',*,*,#5864,.T.);
#8049=ORIENTED_EDGE('',*,*,#5283,.T.);
#8050=ORIENTED_EDGE('',*,*,#5863,.F.);
#8051=ORIENTED_EDGE('',*,*,#5572,.F.);
#8052=ORIENTED_EDGE('',*,*,#5865,.T.);
#8053=ORIENTED_EDGE('',*,*,#5866,.T.);
#8054=ORIENTED_EDGE('',*,*,#5577,.T.);
#8055=ORIENTED_EDGE('',*,*,#5292,.T.);
#8056=ORIENTED_EDGE('',*,*,#5867,.T.);
#8057=ORIENTED_EDGE('',*,*,#5868,.T.);
#8058=ORIENTED_EDGE('',*,*,#5569,.T.);
#8059=ORIENTED_EDGE('',*,*,#5285,.T.);
#8060=ORIENTED_EDGE('',*,*,#5869,.T.);
#8061=ORIENTED_EDGE('',*,*,#5870,.T.);
#8062=ORIENTED_EDGE('',*,*,#5581,.T.);
#8063=ORIENTED_EDGE('',*,*,#5871,.T.);
#8064=ORIENTED_EDGE('',*,*,#5872,.T.);
#8065=ORIENTED_EDGE('',*,*,#5290,.T.);
#8066=ORIENTED_EDGE('',*,*,#5871,.F.);
#8067=ORIENTED_EDGE('',*,*,#5580,.F.);
#8068=ORIENTED_EDGE('',*,*,#5873,.T.);
#8069=ORIENTED_EDGE('',*,*,#5874,.T.);
#8070=ORIENTED_EDGE('',*,*,#5586,.T.);
#8071=ORIENTED_EDGE('',*,*,#5875,.T.);
#8072=ORIENTED_EDGE('',*,*,#5876,.T.);
#8073=ORIENTED_EDGE('',*,*,#5297,.T.);
#8074=ORIENTED_EDGE('',*,*,#5875,.F.);
#8075=ORIENTED_EDGE('',*,*,#5585,.F.);
#8076=ORIENTED_EDGE('',*,*,#5877,.T.);
#8077=ORIENTED_EDGE('',*,*,#5878,.T.);
#8078=ORIENTED_EDGE('',*,*,#5590,.T.);
#8079=ORIENTED_EDGE('',*,*,#5306,.T.);
#8080=ORIENTED_EDGE('',*,*,#5879,.T.);
#8081=ORIENTED_EDGE('',*,*,#5880,.T.);
#8082=ORIENTED_EDGE('',*,*,#5582,.T.);
#8083=ORIENTED_EDGE('',*,*,#5299,.T.);
#8084=ORIENTED_EDGE('',*,*,#5881,.T.);
#8085=ORIENTED_EDGE('',*,*,#5882,.T.);
#8086=ORIENTED_EDGE('',*,*,#5594,.T.);
#8087=ORIENTED_EDGE('',*,*,#5883,.T.);
#8088=ORIENTED_EDGE('',*,*,#5884,.T.);
#8089=ORIENTED_EDGE('',*,*,#5304,.T.);
#8090=ORIENTED_EDGE('',*,*,#5883,.F.);
#8091=ORIENTED_EDGE('',*,*,#5593,.F.);
#8092=ORIENTED_EDGE('',*,*,#5885,.T.);
#8093=ORIENTED_EDGE('',*,*,#5886,.T.);
#8094=ORIENTED_EDGE('',*,*,#5599,.T.);
#8095=ORIENTED_EDGE('',*,*,#5887,.T.);
#8096=ORIENTED_EDGE('',*,*,#5888,.T.);
#8097=ORIENTED_EDGE('',*,*,#5311,.T.);
#8098=ORIENTED_EDGE('',*,*,#5887,.F.);
#8099=ORIENTED_EDGE('',*,*,#5598,.F.);
#8100=ORIENTED_EDGE('',*,*,#5889,.T.);
#8101=ORIENTED_EDGE('',*,*,#5890,.T.);
#8102=ORIENTED_EDGE('',*,*,#5603,.T.);
#8103=ORIENTED_EDGE('',*,*,#5320,.T.);
#8104=ORIENTED_EDGE('',*,*,#5891,.T.);
#8105=ORIENTED_EDGE('',*,*,#5892,.T.);
#8106=ORIENTED_EDGE('',*,*,#5595,.T.);
#8107=ORIENTED_EDGE('',*,*,#5313,.T.);
#8108=ORIENTED_EDGE('',*,*,#5893,.T.);
#8109=ORIENTED_EDGE('',*,*,#5894,.T.);
#8110=ORIENTED_EDGE('',*,*,#5607,.T.);
#8111=ORIENTED_EDGE('',*,*,#5895,.T.);
#8112=ORIENTED_EDGE('',*,*,#5896,.T.);
#8113=ORIENTED_EDGE('',*,*,#5318,.T.);
#8114=ORIENTED_EDGE('',*,*,#5895,.F.);
#8115=ORIENTED_EDGE('',*,*,#5606,.F.);
#8116=ORIENTED_EDGE('',*,*,#5897,.T.);
#8117=ORIENTED_EDGE('',*,*,#5898,.T.);
#8118=ORIENTED_EDGE('',*,*,#5612,.T.);
#8119=ORIENTED_EDGE('',*,*,#5899,.T.);
#8120=ORIENTED_EDGE('',*,*,#5900,.T.);
#8121=ORIENTED_EDGE('',*,*,#5325,.T.);
#8122=ORIENTED_EDGE('',*,*,#5899,.F.);
#8123=ORIENTED_EDGE('',*,*,#5611,.F.);
#8124=ORIENTED_EDGE('',*,*,#5901,.T.);
#8125=ORIENTED_EDGE('',*,*,#5902,.T.);
#8126=ORIENTED_EDGE('',*,*,#5616,.T.);
#8127=ORIENTED_EDGE('',*,*,#5334,.T.);
#8128=ORIENTED_EDGE('',*,*,#5903,.T.);
#8129=ORIENTED_EDGE('',*,*,#5904,.T.);
#8130=ORIENTED_EDGE('',*,*,#5608,.T.);
#8131=ORIENTED_EDGE('',*,*,#5327,.T.);
#8132=ORIENTED_EDGE('',*,*,#5905,.T.);
#8133=ORIENTED_EDGE('',*,*,#5906,.T.);
#8134=ORIENTED_EDGE('',*,*,#5620,.T.);
#8135=ORIENTED_EDGE('',*,*,#5907,.T.);
#8136=ORIENTED_EDGE('',*,*,#5908,.T.);
#8137=ORIENTED_EDGE('',*,*,#5332,.T.);
#8138=ORIENTED_EDGE('',*,*,#5907,.F.);
#8139=ORIENTED_EDGE('',*,*,#5619,.F.);
#8140=ORIENTED_EDGE('',*,*,#5909,.T.);
#8141=ORIENTED_EDGE('',*,*,#5910,.T.);
#8142=ORIENTED_EDGE('',*,*,#5625,.T.);
#8143=ORIENTED_EDGE('',*,*,#5911,.T.);
#8144=ORIENTED_EDGE('',*,*,#5912,.T.);
#8145=ORIENTED_EDGE('',*,*,#5339,.T.);
#8146=ORIENTED_EDGE('',*,*,#5911,.F.);
#8147=ORIENTED_EDGE('',*,*,#5624,.F.);
#8148=ORIENTED_EDGE('',*,*,#5913,.T.);
#8149=ORIENTED_EDGE('',*,*,#5914,.T.);
#8150=ORIENTED_EDGE('',*,*,#5629,.T.);
#8151=ORIENTED_EDGE('',*,*,#5348,.T.);
#8152=ORIENTED_EDGE('',*,*,#5915,.T.);
#8153=ORIENTED_EDGE('',*,*,#5916,.T.);
#8154=ORIENTED_EDGE('',*,*,#5621,.T.);
#8155=ORIENTED_EDGE('',*,*,#5341,.T.);
#8156=ORIENTED_EDGE('',*,*,#5917,.T.);
#8157=ORIENTED_EDGE('',*,*,#5918,.T.);
#8158=ORIENTED_EDGE('',*,*,#5633,.T.);
#8159=ORIENTED_EDGE('',*,*,#5919,.T.);
#8160=ORIENTED_EDGE('',*,*,#5920,.T.);
#8161=ORIENTED_EDGE('',*,*,#5346,.T.);
#8162=ORIENTED_EDGE('',*,*,#5919,.F.);
#8163=ORIENTED_EDGE('',*,*,#5632,.F.);
#8164=ORIENTED_EDGE('',*,*,#5921,.T.);
#8165=ORIENTED_EDGE('',*,*,#5922,.T.);
#8166=ORIENTED_EDGE('',*,*,#5638,.T.);
#8167=ORIENTED_EDGE('',*,*,#5923,.T.);
#8168=ORIENTED_EDGE('',*,*,#5924,.T.);
#8169=ORIENTED_EDGE('',*,*,#5353,.T.);
#8170=ORIENTED_EDGE('',*,*,#5923,.F.);
#8171=ORIENTED_EDGE('',*,*,#5637,.F.);
#8172=ORIENTED_EDGE('',*,*,#5925,.T.);
#8173=ORIENTED_EDGE('',*,*,#5926,.T.);
#8174=ORIENTED_EDGE('',*,*,#5642,.T.);
#8175=ORIENTED_EDGE('',*,*,#5362,.T.);
#8176=ORIENTED_EDGE('',*,*,#5927,.T.);
#8177=ORIENTED_EDGE('',*,*,#5928,.T.);
#8178=ORIENTED_EDGE('',*,*,#5634,.T.);
#8179=ORIENTED_EDGE('',*,*,#5355,.T.);
#8180=ORIENTED_EDGE('',*,*,#5929,.T.);
#8181=ORIENTED_EDGE('',*,*,#5930,.T.);
#8182=ORIENTED_EDGE('',*,*,#5646,.T.);
#8183=ORIENTED_EDGE('',*,*,#5931,.T.);
#8184=ORIENTED_EDGE('',*,*,#5932,.T.);
#8185=ORIENTED_EDGE('',*,*,#5360,.T.);
#8186=ORIENTED_EDGE('',*,*,#5931,.F.);
#8187=ORIENTED_EDGE('',*,*,#5645,.F.);
#8188=ORIENTED_EDGE('',*,*,#5933,.T.);
#8189=ORIENTED_EDGE('',*,*,#5934,.T.);
#8190=ORIENTED_EDGE('',*,*,#5651,.T.);
#8191=ORIENTED_EDGE('',*,*,#5935,.T.);
#8192=ORIENTED_EDGE('',*,*,#5936,.T.);
#8193=ORIENTED_EDGE('',*,*,#5367,.T.);
#8194=ORIENTED_EDGE('',*,*,#5935,.F.);
#8195=ORIENTED_EDGE('',*,*,#5650,.F.);
#8196=ORIENTED_EDGE('',*,*,#5937,.T.);
#8197=ORIENTED_EDGE('',*,*,#5938,.T.);
#8198=ORIENTED_EDGE('',*,*,#5655,.T.);
#8199=ORIENTED_EDGE('',*,*,#5376,.T.);
#8200=ORIENTED_EDGE('',*,*,#5939,.T.);
#8201=ORIENTED_EDGE('',*,*,#5940,.T.);
#8202=ORIENTED_EDGE('',*,*,#5647,.T.);
#8203=ORIENTED_EDGE('',*,*,#5369,.T.);
#8204=ORIENTED_EDGE('',*,*,#5941,.T.);
#8205=ORIENTED_EDGE('',*,*,#5942,.T.);
#8206=ORIENTED_EDGE('',*,*,#5659,.T.);
#8207=ORIENTED_EDGE('',*,*,#5943,.T.);
#8208=ORIENTED_EDGE('',*,*,#5944,.T.);
#8209=ORIENTED_EDGE('',*,*,#5374,.T.);
#8210=ORIENTED_EDGE('',*,*,#5943,.F.);
#8211=ORIENTED_EDGE('',*,*,#5658,.F.);
#8212=ORIENTED_EDGE('',*,*,#5945,.T.);
#8213=ORIENTED_EDGE('',*,*,#5946,.T.);
#8214=ORIENTED_EDGE('',*,*,#5664,.T.);
#8215=ORIENTED_EDGE('',*,*,#5947,.T.);
#8216=ORIENTED_EDGE('',*,*,#5948,.T.);
#8217=ORIENTED_EDGE('',*,*,#5381,.T.);
#8218=ORIENTED_EDGE('',*,*,#5947,.F.);
#8219=ORIENTED_EDGE('',*,*,#5663,.F.);
#8220=ORIENTED_EDGE('',*,*,#5949,.T.);
#8221=ORIENTED_EDGE('',*,*,#5950,.T.);
#8222=ORIENTED_EDGE('',*,*,#5668,.T.);
#8223=ORIENTED_EDGE('',*,*,#5390,.T.);
#8224=ORIENTED_EDGE('',*,*,#5951,.T.);
#8225=ORIENTED_EDGE('',*,*,#5952,.T.);
#8226=ORIENTED_EDGE('',*,*,#5660,.T.);
#8227=ORIENTED_EDGE('',*,*,#5383,.T.);
#8228=ORIENTED_EDGE('',*,*,#5953,.T.);
#8229=ORIENTED_EDGE('',*,*,#5954,.T.);
#8230=ORIENTED_EDGE('',*,*,#5672,.T.);
#8231=ORIENTED_EDGE('',*,*,#5955,.T.);
#8232=ORIENTED_EDGE('',*,*,#5956,.T.);
#8233=ORIENTED_EDGE('',*,*,#5388,.T.);
#8234=ORIENTED_EDGE('',*,*,#5955,.F.);
#8235=ORIENTED_EDGE('',*,*,#5671,.F.);
#8236=ORIENTED_EDGE('',*,*,#5957,.T.);
#8237=ORIENTED_EDGE('',*,*,#5958,.T.);
#8238=ORIENTED_EDGE('',*,*,#5677,.T.);
#8239=ORIENTED_EDGE('',*,*,#5959,.T.);
#8240=ORIENTED_EDGE('',*,*,#5960,.T.);
#8241=ORIENTED_EDGE('',*,*,#5429,.T.);
#8242=ORIENTED_EDGE('',*,*,#5959,.F.);
#8243=ORIENTED_EDGE('',*,*,#5676,.F.);
#8244=ORIENTED_EDGE('',*,*,#5961,.T.);
#8245=ORIENTED_EDGE('',*,*,#5962,.T.);
#8246=ORIENTED_EDGE('',*,*,#5682,.T.);
#8247=ORIENTED_EDGE('',*,*,#5963,.T.);
#8248=ORIENTED_EDGE('',*,*,#5964,.T.);
#8249=ORIENTED_EDGE('',*,*,#5965,.T.);
#8250=ORIENTED_EDGE('',*,*,#5124,.T.);
#8251=ORIENTED_EDGE('',*,*,#5133,.F.);
#8252=ORIENTED_EDGE('',*,*,#5187,.F.);
#8253=ORIENTED_EDGE('',*,*,#5191,.F.);
#8254=ORIENTED_EDGE('',*,*,#5398,.F.);
#8255=ORIENTED_EDGE('',*,*,#5687,.F.);
#8256=ORIENTED_EDGE('',*,*,#5966,.F.);
#8257=ORIENTED_EDGE('',*,*,#5967,.F.);
#8258=ORIENTED_EDGE('',*,*,#5963,.F.);
#8259=ORIENTED_EDGE('',*,*,#5681,.F.);
#8260=ORIENTED_EDGE('',*,*,#5968,.T.);
#8261=ORIENTED_EDGE('',*,*,#4971,.F.);
#8262=ORIENTED_EDGE('',*,*,#5673,.T.);
#8263=ORIENTED_EDGE('',*,*,#5431,.T.);
#8264=ORIENTED_EDGE('',*,*,#5969,.T.);
#8265=ORIENTED_EDGE('',*,*,#5970,.T.);
#8266=ORIENTED_EDGE('',*,*,#5970,.F.);
#8267=ORIENTED_EDGE('',*,*,#5971,.T.);
#8268=ORIENTED_EDGE('',*,*,#5972,.F.);
#8269=ORIENTED_EDGE('',*,*,#5674,.F.);
#8270=ORIENTED_EDGE('',*,*,#5686,.T.);
#8271=ORIENTED_EDGE('',*,*,#5973,.T.);
#8272=ORIENTED_EDGE('',*,*,#5974,.T.);
#8273=ORIENTED_EDGE('',*,*,#5966,.T.);
#8274=ORIENTED_EDGE('',*,*,#5718,.F.);
#8275=ORIENTED_EDGE('',*,*,#5975,.T.);
#8276=ORIENTED_EDGE('',*,*,#5976,.F.);
#8277=ORIENTED_EDGE('',*,*,#5707,.F.);
#8278=ORIENTED_EDGE('',*,*,#5720,.T.);
#8279=ORIENTED_EDGE('',*,*,#5435,.F.);
#8280=ORIENTED_EDGE('',*,*,#5439,.F.);
#8281=ORIENTED_EDGE('',*,*,#5977,.F.);
#8282=ORIENTED_EDGE('',*,*,#5975,.F.);
#8283=ORIENTED_EDGE('',*,*,#5717,.F.);
#8284=ORIENTED_EDGE('',*,*,#5714,.T.);
#8285=ORIENTED_EDGE('',*,*,#5722,.F.);
#8286=ORIENTED_EDGE('',*,*,#5724,.F.);
#8287=ORIENTED_EDGE('',*,*,#5978,.F.);
#8288=ORIENTED_EDGE('',*,*,#5979,.F.);
#8289=ORIENTED_EDGE('',*,*,#5711,.F.);
#8290=ORIENTED_EDGE('',*,*,#5712,.F.);
#8291=ORIENTED_EDGE('',*,*,#5979,.T.);
#8292=ORIENTED_EDGE('',*,*,#5980,.F.);
#8293=ORIENTED_EDGE('',*,*,#5446,.F.);
#8294=ORIENTED_EDGE('',*,*,#5708,.F.);
#8295=ORIENTED_EDGE('',*,*,#5976,.T.);
#8296=ORIENTED_EDGE('',*,*,#5977,.T.);
#8297=ORIENTED_EDGE('',*,*,#5438,.F.);
#8298=ORIENTED_EDGE('',*,*,#5447,.F.);
#8299=ORIENTED_EDGE('',*,*,#5980,.T.);
#8300=ORIENTED_EDGE('',*,*,#5978,.T.);
#8301=ORIENTED_EDGE('',*,*,#5723,.F.);
#8302=ORIENTED_EDGE('',*,*,#4696,.F.);
#8303=ORIENTED_EDGE('',*,*,#5715,.F.);
#8304=ORIENTED_EDGE('',*,*,#5443,.F.);
#8305=ORIENTED_EDGE('',*,*,#5981,.T.);
#8306=ORIENTED_EDGE('',*,*,#4693,.F.);
#8307=ORIENTED_EDGE('',*,*,#5981,.F.);
#8308=ORIENTED_EDGE('',*,*,#5442,.F.);
#8309=ORIENTED_EDGE('',*,*,#5982,.T.);
#8310=ORIENTED_EDGE('',*,*,#4690,.F.);
#8311=ORIENTED_EDGE('',*,*,#5982,.F.);
#8312=ORIENTED_EDGE('',*,*,#5441,.F.);
#8313=ORIENTED_EDGE('',*,*,#5719,.T.);
#8314=ORIENTED_EDGE('',*,*,#5738,.F.);
#8315=ORIENTED_EDGE('',*,*,#5983,.T.);
#8316=ORIENTED_EDGE('',*,*,#5984,.F.);
#8317=ORIENTED_EDGE('',*,*,#5453,.F.);
#8318=ORIENTED_EDGE('',*,*,#5740,.T.);
#8319=ORIENTED_EDGE('',*,*,#5726,.F.);
#8320=ORIENTED_EDGE('',*,*,#5729,.F.);
#8321=ORIENTED_EDGE('',*,*,#5985,.F.);
#8322=ORIENTED_EDGE('',*,*,#5983,.F.);
#8323=ORIENTED_EDGE('',*,*,#5737,.F.);
#8324=ORIENTED_EDGE('',*,*,#5734,.T.);
#8325=ORIENTED_EDGE('',*,*,#5742,.F.);
#8326=ORIENTED_EDGE('',*,*,#5744,.F.);
#8327=ORIENTED_EDGE('',*,*,#5986,.F.);
#8328=ORIENTED_EDGE('',*,*,#5987,.F.);
#8329=ORIENTED_EDGE('',*,*,#5731,.F.);
#8330=ORIENTED_EDGE('',*,*,#5732,.F.);
#8331=ORIENTED_EDGE('',*,*,#5987,.T.);
#8332=ORIENTED_EDGE('',*,*,#5988,.F.);
#8333=ORIENTED_EDGE('',*,*,#5463,.F.);
#8334=ORIENTED_EDGE('',*,*,#5454,.F.);
#8335=ORIENTED_EDGE('',*,*,#5984,.T.);
#8336=ORIENTED_EDGE('',*,*,#5985,.T.);
#8337=ORIENTED_EDGE('',*,*,#5728,.F.);
#8338=ORIENTED_EDGE('',*,*,#5464,.F.);
#8339=ORIENTED_EDGE('',*,*,#5988,.T.);
#8340=ORIENTED_EDGE('',*,*,#5986,.T.);
#8341=ORIENTED_EDGE('',*,*,#5743,.F.);
#8342=ORIENTED_EDGE('',*,*,#4713,.F.);
#8343=ORIENTED_EDGE('',*,*,#5735,.F.);
#8344=ORIENTED_EDGE('',*,*,#5460,.F.);
#8345=ORIENTED_EDGE('',*,*,#5989,.T.);
#8346=ORIENTED_EDGE('',*,*,#4710,.F.);
#8347=ORIENTED_EDGE('',*,*,#5989,.F.);
#8348=ORIENTED_EDGE('',*,*,#5459,.F.);
#8349=ORIENTED_EDGE('',*,*,#5990,.T.);
#8350=ORIENTED_EDGE('',*,*,#4707,.F.);
#8351=ORIENTED_EDGE('',*,*,#5990,.F.);
#8352=ORIENTED_EDGE('',*,*,#5458,.F.);
#8353=ORIENTED_EDGE('',*,*,#5739,.T.);
#8354=ORIENTED_EDGE('',*,*,#5758,.F.);
#8355=ORIENTED_EDGE('',*,*,#5991,.T.);
#8356=ORIENTED_EDGE('',*,*,#5992,.F.);
#8357=ORIENTED_EDGE('',*,*,#5470,.F.);
#8358=ORIENTED_EDGE('',*,*,#5760,.T.);
#8359=ORIENTED_EDGE('',*,*,#5746,.F.);
#8360=ORIENTED_EDGE('',*,*,#5749,.F.);
#8361=ORIENTED_EDGE('',*,*,#5993,.F.);
#8362=ORIENTED_EDGE('',*,*,#5991,.F.);
#8363=ORIENTED_EDGE('',*,*,#5757,.F.);
#8364=ORIENTED_EDGE('',*,*,#5754,.T.);
#8365=ORIENTED_EDGE('',*,*,#5762,.F.);
#8366=ORIENTED_EDGE('',*,*,#5764,.F.);
#8367=ORIENTED_EDGE('',*,*,#5994,.F.);
#8368=ORIENTED_EDGE('',*,*,#5995,.F.);
#8369=ORIENTED_EDGE('',*,*,#5751,.F.);
#8370=ORIENTED_EDGE('',*,*,#5752,.F.);
#8371=ORIENTED_EDGE('',*,*,#5995,.T.);
#8372=ORIENTED_EDGE('',*,*,#5996,.F.);
#8373=ORIENTED_EDGE('',*,*,#5480,.F.);
#8374=ORIENTED_EDGE('',*,*,#5471,.F.);
#8375=ORIENTED_EDGE('',*,*,#5992,.T.);
#8376=ORIENTED_EDGE('',*,*,#5993,.T.);
#8377=ORIENTED_EDGE('',*,*,#5748,.F.);
#8378=ORIENTED_EDGE('',*,*,#5481,.F.);
#8379=ORIENTED_EDGE('',*,*,#5996,.T.);
#8380=ORIENTED_EDGE('',*,*,#5994,.T.);
#8381=ORIENTED_EDGE('',*,*,#5763,.F.);
#8382=ORIENTED_EDGE('',*,*,#4730,.F.);
#8383=ORIENTED_EDGE('',*,*,#5755,.F.);
#8384=ORIENTED_EDGE('',*,*,#5477,.F.);
#8385=ORIENTED_EDGE('',*,*,#5997,.T.);
#8386=ORIENTED_EDGE('',*,*,#4727,.F.);
#8387=ORIENTED_EDGE('',*,*,#5997,.F.);
#8388=ORIENTED_EDGE('',*,*,#5476,.F.);
#8389=ORIENTED_EDGE('',*,*,#5998,.T.);
#8390=ORIENTED_EDGE('',*,*,#4724,.F.);
#8391=ORIENTED_EDGE('',*,*,#5998,.F.);
#8392=ORIENTED_EDGE('',*,*,#5475,.F.);
#8393=ORIENTED_EDGE('',*,*,#5759,.T.);
#8394=ORIENTED_EDGE('',*,*,#5778,.F.);
#8395=ORIENTED_EDGE('',*,*,#5999,.T.);
#8396=ORIENTED_EDGE('',*,*,#6000,.F.);
#8397=ORIENTED_EDGE('',*,*,#5487,.F.);
#8398=ORIENTED_EDGE('',*,*,#5780,.T.);
#8399=ORIENTED_EDGE('',*,*,#5766,.F.);
#8400=ORIENTED_EDGE('',*,*,#5769,.F.);
#8401=ORIENTED_EDGE('',*,*,#6001,.F.);
#8402=ORIENTED_EDGE('',*,*,#5999,.F.);
#8403=ORIENTED_EDGE('',*,*,#5777,.F.);
#8404=ORIENTED_EDGE('',*,*,#5774,.T.);
#8405=ORIENTED_EDGE('',*,*,#5782,.F.);
#8406=ORIENTED_EDGE('',*,*,#5784,.F.);
#8407=ORIENTED_EDGE('',*,*,#6002,.F.);
#8408=ORIENTED_EDGE('',*,*,#6003,.F.);
#8409=ORIENTED_EDGE('',*,*,#5771,.F.);
#8410=ORIENTED_EDGE('',*,*,#5772,.F.);
#8411=ORIENTED_EDGE('',*,*,#6003,.T.);
#8412=ORIENTED_EDGE('',*,*,#6004,.F.);
#8413=ORIENTED_EDGE('',*,*,#5497,.F.);
#8414=ORIENTED_EDGE('',*,*,#5488,.F.);
#8415=ORIENTED_EDGE('',*,*,#6000,.T.);
#8416=ORIENTED_EDGE('',*,*,#6001,.T.);
#8417=ORIENTED_EDGE('',*,*,#5768,.F.);
#8418=ORIENTED_EDGE('',*,*,#5498,.F.);
#8419=ORIENTED_EDGE('',*,*,#6004,.T.);
#8420=ORIENTED_EDGE('',*,*,#6002,.T.);
#8421=ORIENTED_EDGE('',*,*,#5783,.F.);
#8422=ORIENTED_EDGE('',*,*,#4747,.F.);
#8423=ORIENTED_EDGE('',*,*,#5775,.F.);
#8424=ORIENTED_EDGE('',*,*,#5494,.F.);
#8425=ORIENTED_EDGE('',*,*,#6005,.T.);
#8426=ORIENTED_EDGE('',*,*,#4744,.F.);
#8427=ORIENTED_EDGE('',*,*,#6005,.F.);
#8428=ORIENTED_EDGE('',*,*,#5493,.F.);
#8429=ORIENTED_EDGE('',*,*,#6006,.T.);
#8430=ORIENTED_EDGE('',*,*,#4741,.F.);
#8431=ORIENTED_EDGE('',*,*,#6006,.F.);
#8432=ORIENTED_EDGE('',*,*,#5492,.F.);
#8433=ORIENTED_EDGE('',*,*,#5779,.T.);
#8434=ORIENTED_EDGE('',*,*,#5798,.F.);
#8435=ORIENTED_EDGE('',*,*,#6007,.T.);
#8436=ORIENTED_EDGE('',*,*,#6008,.F.);
#8437=ORIENTED_EDGE('',*,*,#5504,.F.);
#8438=ORIENTED_EDGE('',*,*,#5800,.T.);
#8439=ORIENTED_EDGE('',*,*,#5786,.F.);
#8440=ORIENTED_EDGE('',*,*,#5789,.F.);
#8441=ORIENTED_EDGE('',*,*,#6009,.F.);
#8442=ORIENTED_EDGE('',*,*,#6007,.F.);
#8443=ORIENTED_EDGE('',*,*,#5797,.F.);
#8444=ORIENTED_EDGE('',*,*,#5794,.T.);
#8445=ORIENTED_EDGE('',*,*,#5802,.F.);
#8446=ORIENTED_EDGE('',*,*,#5804,.F.);
#8447=ORIENTED_EDGE('',*,*,#6010,.F.);
#8448=ORIENTED_EDGE('',*,*,#6011,.F.);
#8449=ORIENTED_EDGE('',*,*,#5791,.F.);
#8450=ORIENTED_EDGE('',*,*,#5792,.F.);
#8451=ORIENTED_EDGE('',*,*,#6011,.T.);
#8452=ORIENTED_EDGE('',*,*,#6012,.F.);
#8453=ORIENTED_EDGE('',*,*,#5514,.F.);
#8454=ORIENTED_EDGE('',*,*,#5505,.F.);
#8455=ORIENTED_EDGE('',*,*,#6008,.T.);
#8456=ORIENTED_EDGE('',*,*,#6009,.T.);
#8457=ORIENTED_EDGE('',*,*,#5788,.F.);
#8458=ORIENTED_EDGE('',*,*,#5515,.F.);
#8459=ORIENTED_EDGE('',*,*,#6012,.T.);
#8460=ORIENTED_EDGE('',*,*,#6010,.T.);
#8461=ORIENTED_EDGE('',*,*,#5803,.F.);
#8462=ORIENTED_EDGE('',*,*,#4764,.F.);
#8463=ORIENTED_EDGE('',*,*,#5795,.F.);
#8464=ORIENTED_EDGE('',*,*,#5511,.F.);
#8465=ORIENTED_EDGE('',*,*,#6013,.T.);
#8466=ORIENTED_EDGE('',*,*,#4761,.F.);
#8467=ORIENTED_EDGE('',*,*,#6013,.F.);
#8468=ORIENTED_EDGE('',*,*,#5510,.F.);
#8469=ORIENTED_EDGE('',*,*,#6014,.T.);
#8470=ORIENTED_EDGE('',*,*,#4758,.F.);
#8471=ORIENTED_EDGE('',*,*,#6014,.F.);
#8472=ORIENTED_EDGE('',*,*,#5509,.F.);
#8473=ORIENTED_EDGE('',*,*,#5799,.T.);
#8474=ORIENTED_EDGE('',*,*,#5818,.F.);
#8475=ORIENTED_EDGE('',*,*,#6015,.T.);
#8476=ORIENTED_EDGE('',*,*,#6016,.F.);
#8477=ORIENTED_EDGE('',*,*,#5521,.F.);
#8478=ORIENTED_EDGE('',*,*,#5820,.T.);
#8479=ORIENTED_EDGE('',*,*,#5806,.F.);
#8480=ORIENTED_EDGE('',*,*,#5809,.F.);
#8481=ORIENTED_EDGE('',*,*,#6017,.F.);
#8482=ORIENTED_EDGE('',*,*,#6015,.F.);
#8483=ORIENTED_EDGE('',*,*,#5817,.F.);
#8484=ORIENTED_EDGE('',*,*,#5814,.T.);
#8485=ORIENTED_EDGE('',*,*,#5822,.F.);
#8486=ORIENTED_EDGE('',*,*,#5824,.F.);
#8487=ORIENTED_EDGE('',*,*,#6018,.F.);
#8488=ORIENTED_EDGE('',*,*,#6019,.F.);
#8489=ORIENTED_EDGE('',*,*,#5811,.F.);
#8490=ORIENTED_EDGE('',*,*,#5812,.F.);
#8491=ORIENTED_EDGE('',*,*,#6019,.T.);
#8492=ORIENTED_EDGE('',*,*,#6020,.F.);
#8493=ORIENTED_EDGE('',*,*,#5531,.F.);
#8494=ORIENTED_EDGE('',*,*,#5522,.F.);
#8495=ORIENTED_EDGE('',*,*,#6016,.T.);
#8496=ORIENTED_EDGE('',*,*,#6017,.T.);
#8497=ORIENTED_EDGE('',*,*,#5808,.F.);
#8498=ORIENTED_EDGE('',*,*,#5532,.F.);
#8499=ORIENTED_EDGE('',*,*,#6020,.T.);
#8500=ORIENTED_EDGE('',*,*,#6018,.T.);
#8501=ORIENTED_EDGE('',*,*,#5823,.F.);
#8502=ORIENTED_EDGE('',*,*,#4781,.F.);
#8503=ORIENTED_EDGE('',*,*,#5815,.F.);
#8504=ORIENTED_EDGE('',*,*,#5528,.F.);
#8505=ORIENTED_EDGE('',*,*,#6021,.T.);
#8506=ORIENTED_EDGE('',*,*,#4778,.F.);
#8507=ORIENTED_EDGE('',*,*,#6021,.F.);
#8508=ORIENTED_EDGE('',*,*,#5527,.F.);
#8509=ORIENTED_EDGE('',*,*,#6022,.T.);
#8510=ORIENTED_EDGE('',*,*,#4775,.F.);
#8511=ORIENTED_EDGE('',*,*,#6022,.F.);
#8512=ORIENTED_EDGE('',*,*,#5526,.F.);
#8513=ORIENTED_EDGE('',*,*,#5819,.T.);
#8514=ORIENTED_EDGE('',*,*,#5839,.F.);
#8515=ORIENTED_EDGE('',*,*,#6023,.T.);
#8516=ORIENTED_EDGE('',*,*,#6024,.F.);
#8517=ORIENTED_EDGE('',*,*,#5538,.F.);
#8518=ORIENTED_EDGE('',*,*,#5841,.T.);
#8519=ORIENTED_EDGE('',*,*,#5826,.F.);
#8520=ORIENTED_EDGE('',*,*,#5829,.F.);
#8521=ORIENTED_EDGE('',*,*,#6025,.F.);
#8522=ORIENTED_EDGE('',*,*,#6023,.F.);
#8523=ORIENTED_EDGE('',*,*,#5838,.F.);
#8524=ORIENTED_EDGE('',*,*,#5835,.T.);
#8525=ORIENTED_EDGE('',*,*,#5843,.F.);
#8526=ORIENTED_EDGE('',*,*,#5845,.F.);
#8527=ORIENTED_EDGE('',*,*,#6026,.F.);
#8528=ORIENTED_EDGE('',*,*,#6027,.F.);
#8529=ORIENTED_EDGE('',*,*,#5831,.F.);
#8530=ORIENTED_EDGE('',*,*,#5832,.F.);
#8531=ORIENTED_EDGE('',*,*,#6027,.T.);
#8532=ORIENTED_EDGE('',*,*,#6028,.F.);
#8533=ORIENTED_EDGE('',*,*,#5548,.F.);
#8534=ORIENTED_EDGE('',*,*,#5539,.F.);
#8535=ORIENTED_EDGE('',*,*,#6024,.T.);
#8536=ORIENTED_EDGE('',*,*,#6025,.T.);
#8537=ORIENTED_EDGE('',*,*,#5828,.F.);
#8538=ORIENTED_EDGE('',*,*,#5549,.F.);
#8539=ORIENTED_EDGE('',*,*,#6028,.T.);
#8540=ORIENTED_EDGE('',*,*,#6026,.T.);
#8541=ORIENTED_EDGE('',*,*,#5844,.F.);
#8542=ORIENTED_EDGE('',*,*,#4798,.F.);
#8543=ORIENTED_EDGE('',*,*,#5836,.F.);
#8544=ORIENTED_EDGE('',*,*,#5545,.F.);
#8545=ORIENTED_EDGE('',*,*,#6029,.T.);
#8546=ORIENTED_EDGE('',*,*,#4795,.F.);
#8547=ORIENTED_EDGE('',*,*,#6029,.F.);
#8548=ORIENTED_EDGE('',*,*,#5544,.F.);
#8549=ORIENTED_EDGE('',*,*,#6030,.T.);
#8550=ORIENTED_EDGE('',*,*,#4792,.F.);
#8551=ORIENTED_EDGE('',*,*,#6030,.F.);
#8552=ORIENTED_EDGE('',*,*,#5543,.F.);
#8553=ORIENTED_EDGE('',*,*,#5840,.T.);
#8554=ORIENTED_EDGE('',*,*,#5855,.F.);
#8555=ORIENTED_EDGE('',*,*,#6031,.T.);
#8556=ORIENTED_EDGE('',*,*,#6032,.F.);
#8557=ORIENTED_EDGE('',*,*,#5556,.F.);
#8558=ORIENTED_EDGE('',*,*,#5857,.T.);
#8559=ORIENTED_EDGE('',*,*,#5847,.F.);
#8560=ORIENTED_EDGE('',*,*,#5850,.F.);
#8561=ORIENTED_EDGE('',*,*,#6033,.F.);
#8562=ORIENTED_EDGE('',*,*,#6031,.F.);
#8563=ORIENTED_EDGE('',*,*,#5854,.F.);
#8564=ORIENTED_EDGE('',*,*,#5277,.T.);
#8565=ORIENTED_EDGE('',*,*,#5860,.F.);
#8566=ORIENTED_EDGE('',*,*,#5862,.F.);
#8567=ORIENTED_EDGE('',*,*,#6034,.F.);
#8568=ORIENTED_EDGE('',*,*,#6035,.F.);
#8569=ORIENTED_EDGE('',*,*,#5851,.F.);
#8570=ORIENTED_EDGE('',*,*,#5852,.F.);
#8571=ORIENTED_EDGE('',*,*,#6035,.T.);
#8572=ORIENTED_EDGE('',*,*,#6036,.F.);
#8573=ORIENTED_EDGE('',*,*,#5565,.F.);
#8574=ORIENTED_EDGE('',*,*,#5557,.F.);
#8575=ORIENTED_EDGE('',*,*,#6032,.T.);
#8576=ORIENTED_EDGE('',*,*,#6033,.T.);
#8577=ORIENTED_EDGE('',*,*,#5849,.F.);
#8578=ORIENTED_EDGE('',*,*,#5566,.F.);
#8579=ORIENTED_EDGE('',*,*,#6036,.T.);
#8580=ORIENTED_EDGE('',*,*,#6034,.T.);
#8581=ORIENTED_EDGE('',*,*,#5861,.F.);
#8582=ORIENTED_EDGE('',*,*,#4815,.F.);
#8583=ORIENTED_EDGE('',*,*,#5280,.F.);
#8584=ORIENTED_EDGE('',*,*,#5563,.F.);
#8585=ORIENTED_EDGE('',*,*,#6037,.T.);
#8586=ORIENTED_EDGE('',*,*,#4812,.F.);
#8587=ORIENTED_EDGE('',*,*,#6037,.F.);
#8588=ORIENTED_EDGE('',*,*,#5562,.F.);
#8589=ORIENTED_EDGE('',*,*,#6038,.T.);
#8590=ORIENTED_EDGE('',*,*,#4809,.F.);
#8591=ORIENTED_EDGE('',*,*,#6038,.F.);
#8592=ORIENTED_EDGE('',*,*,#5561,.F.);
#8593=ORIENTED_EDGE('',*,*,#5856,.T.);
#8594=ORIENTED_EDGE('',*,*,#5870,.F.);
#8595=ORIENTED_EDGE('',*,*,#6039,.T.);
#8596=ORIENTED_EDGE('',*,*,#6040,.F.);
#8597=ORIENTED_EDGE('',*,*,#5570,.F.);
#8598=ORIENTED_EDGE('',*,*,#5284,.T.);
#8599=ORIENTED_EDGE('',*,*,#5864,.F.);
#8600=ORIENTED_EDGE('',*,*,#5866,.F.);
#8601=ORIENTED_EDGE('',*,*,#6041,.F.);
#8602=ORIENTED_EDGE('',*,*,#6039,.F.);
#8603=ORIENTED_EDGE('',*,*,#5869,.F.);
#8604=ORIENTED_EDGE('',*,*,#5291,.T.);
#8605=ORIENTED_EDGE('',*,*,#5872,.F.);
#8606=ORIENTED_EDGE('',*,*,#5874,.F.);
#8607=ORIENTED_EDGE('',*,*,#6042,.F.);
#8608=ORIENTED_EDGE('',*,*,#6043,.F.);
#8609=ORIENTED_EDGE('',*,*,#5867,.F.);
#8610=ORIENTED_EDGE('',*,*,#5868,.F.);
#8611=ORIENTED_EDGE('',*,*,#6043,.T.);
#8612=ORIENTED_EDGE('',*,*,#6044,.F.);
#8613=ORIENTED_EDGE('',*,*,#5578,.F.);
#8614=ORIENTED_EDGE('',*,*,#5571,.F.);
#8615=ORIENTED_EDGE('',*,*,#6040,.T.);
#8616=ORIENTED_EDGE('',*,*,#6041,.T.);
#8617=ORIENTED_EDGE('',*,*,#5865,.F.);
#8618=ORIENTED_EDGE('',*,*,#5579,.F.);
#8619=ORIENTED_EDGE('',*,*,#6044,.T.);
#8620=ORIENTED_EDGE('',*,*,#6042,.T.);
#8621=ORIENTED_EDGE('',*,*,#5873,.F.);
#8622=ORIENTED_EDGE('',*,*,#4832,.F.);
#8623=ORIENTED_EDGE('',*,*,#5294,.F.);
#8624=ORIENTED_EDGE('',*,*,#5576,.F.);
#8625=ORIENTED_EDGE('',*,*,#6045,.T.);
#8626=ORIENTED_EDGE('',*,*,#4829,.F.);
#8627=ORIENTED_EDGE('',*,*,#6045,.F.);
#8628=ORIENTED_EDGE('',*,*,#5575,.F.);
#8629=ORIENTED_EDGE('',*,*,#6046,.T.);
#8630=ORIENTED_EDGE('',*,*,#4826,.F.);
#8631=ORIENTED_EDGE('',*,*,#6046,.F.);
#8632=ORIENTED_EDGE('',*,*,#5574,.F.);
#8633=ORIENTED_EDGE('',*,*,#5281,.T.);
#8634=ORIENTED_EDGE('',*,*,#5882,.F.);
#8635=ORIENTED_EDGE('',*,*,#6047,.T.);
#8636=ORIENTED_EDGE('',*,*,#6048,.F.);
#8637=ORIENTED_EDGE('',*,*,#5583,.F.);
#8638=ORIENTED_EDGE('',*,*,#5298,.T.);
#8639=ORIENTED_EDGE('',*,*,#5876,.F.);
#8640=ORIENTED_EDGE('',*,*,#5878,.F.);
#8641=ORIENTED_EDGE('',*,*,#6049,.F.);
#8642=ORIENTED_EDGE('',*,*,#6047,.F.);
#8643=ORIENTED_EDGE('',*,*,#5881,.F.);
#8644=ORIENTED_EDGE('',*,*,#5305,.T.);
#8645=ORIENTED_EDGE('',*,*,#5884,.F.);
#8646=ORIENTED_EDGE('',*,*,#5886,.F.);
#8647=ORIENTED_EDGE('',*,*,#6050,.F.);
#8648=ORIENTED_EDGE('',*,*,#6051,.F.);
#8649=ORIENTED_EDGE('',*,*,#5879,.F.);
#8650=ORIENTED_EDGE('',*,*,#5880,.F.);
#8651=ORIENTED_EDGE('',*,*,#6051,.T.);
#8652=ORIENTED_EDGE('',*,*,#6052,.F.);
#8653=ORIENTED_EDGE('',*,*,#5591,.F.);
#8654=ORIENTED_EDGE('',*,*,#5584,.F.);
#8655=ORIENTED_EDGE('',*,*,#6048,.T.);
#8656=ORIENTED_EDGE('',*,*,#6049,.T.);
#8657=ORIENTED_EDGE('',*,*,#5877,.F.);
#8658=ORIENTED_EDGE('',*,*,#5592,.F.);
#8659=ORIENTED_EDGE('',*,*,#6052,.T.);
#8660=ORIENTED_EDGE('',*,*,#6050,.T.);
#8661=ORIENTED_EDGE('',*,*,#5885,.F.);
#8662=ORIENTED_EDGE('',*,*,#4849,.F.);
#8663=ORIENTED_EDGE('',*,*,#5308,.F.);
#8664=ORIENTED_EDGE('',*,*,#5589,.F.);
#8665=ORIENTED_EDGE('',*,*,#6053,.T.);
#8666=ORIENTED_EDGE('',*,*,#4846,.F.);
#8667=ORIENTED_EDGE('',*,*,#6053,.F.);
#8668=ORIENTED_EDGE('',*,*,#5588,.F.);
#8669=ORIENTED_EDGE('',*,*,#6054,.T.);
#8670=ORIENTED_EDGE('',*,*,#4843,.F.);
#8671=ORIENTED_EDGE('',*,*,#6054,.F.);
#8672=ORIENTED_EDGE('',*,*,#5587,.F.);
#8673=ORIENTED_EDGE('',*,*,#5295,.T.);
#8674=ORIENTED_EDGE('',*,*,#5894,.F.);
#8675=ORIENTED_EDGE('',*,*,#6055,.T.);
#8676=ORIENTED_EDGE('',*,*,#6056,.F.);
#8677=ORIENTED_EDGE('',*,*,#5596,.F.);
#8678=ORIENTED_EDGE('',*,*,#5312,.T.);
#8679=ORIENTED_EDGE('',*,*,#5888,.F.);
#8680=ORIENTED_EDGE('',*,*,#5890,.F.);
#8681=ORIENTED_EDGE('',*,*,#6057,.F.);
#8682=ORIENTED_EDGE('',*,*,#6055,.F.);
#8683=ORIENTED_EDGE('',*,*,#5893,.F.);
#8684=ORIENTED_EDGE('',*,*,#5319,.T.);
#8685=ORIENTED_EDGE('',*,*,#5896,.F.);
#8686=ORIENTED_EDGE('',*,*,#5898,.F.);
#8687=ORIENTED_EDGE('',*,*,#6058,.F.);
#8688=ORIENTED_EDGE('',*,*,#6059,.F.);
#8689=ORIENTED_EDGE('',*,*,#5891,.F.);
#8690=ORIENTED_EDGE('',*,*,#5892,.F.);
#8691=ORIENTED_EDGE('',*,*,#6059,.T.);
#8692=ORIENTED_EDGE('',*,*,#6060,.F.);
#8693=ORIENTED_EDGE('',*,*,#5604,.F.);
#8694=ORIENTED_EDGE('',*,*,#5597,.F.);
#8695=ORIENTED_EDGE('',*,*,#6056,.T.);
#8696=ORIENTED_EDGE('',*,*,#6057,.T.);
#8697=ORIENTED_EDGE('',*,*,#5889,.F.);
#8698=ORIENTED_EDGE('',*,*,#5605,.F.);
#8699=ORIENTED_EDGE('',*,*,#6060,.T.);
#8700=ORIENTED_EDGE('',*,*,#6058,.T.);
#8701=ORIENTED_EDGE('',*,*,#5897,.F.);
#8702=ORIENTED_EDGE('',*,*,#4866,.F.);
#8703=ORIENTED_EDGE('',*,*,#5322,.F.);
#8704=ORIENTED_EDGE('',*,*,#5602,.F.);
#8705=ORIENTED_EDGE('',*,*,#6061,.T.);
#8706=ORIENTED_EDGE('',*,*,#4863,.F.);
#8707=ORIENTED_EDGE('',*,*,#6061,.F.);
#8708=ORIENTED_EDGE('',*,*,#5601,.F.);
#8709=ORIENTED_EDGE('',*,*,#6062,.T.);
#8710=ORIENTED_EDGE('',*,*,#4860,.F.);
#8711=ORIENTED_EDGE('',*,*,#6062,.F.);
#8712=ORIENTED_EDGE('',*,*,#5600,.F.);
#8713=ORIENTED_EDGE('',*,*,#5309,.T.);
#8714=ORIENTED_EDGE('',*,*,#5906,.F.);
#8715=ORIENTED_EDGE('',*,*,#6063,.T.);
#8716=ORIENTED_EDGE('',*,*,#6064,.F.);
#8717=ORIENTED_EDGE('',*,*,#5609,.F.);
#8718=ORIENTED_EDGE('',*,*,#5326,.T.);
#8719=ORIENTED_EDGE('',*,*,#5900,.F.);
#8720=ORIENTED_EDGE('',*,*,#5902,.F.);
#8721=ORIENTED_EDGE('',*,*,#6065,.F.);
#8722=ORIENTED_EDGE('',*,*,#6063,.F.);
#8723=ORIENTED_EDGE('',*,*,#5905,.F.);
#8724=ORIENTED_EDGE('',*,*,#5333,.T.);
#8725=ORIENTED_EDGE('',*,*,#5908,.F.);
#8726=ORIENTED_EDGE('',*,*,#5910,.F.);
#8727=ORIENTED_EDGE('',*,*,#6066,.F.);
#8728=ORIENTED_EDGE('',*,*,#6067,.F.);
#8729=ORIENTED_EDGE('',*,*,#5903,.F.);
#8730=ORIENTED_EDGE('',*,*,#5904,.F.);
#8731=ORIENTED_EDGE('',*,*,#6067,.T.);
#8732=ORIENTED_EDGE('',*,*,#6068,.F.);
#8733=ORIENTED_EDGE('',*,*,#5617,.F.);
#8734=ORIENTED_EDGE('',*,*,#5610,.F.);
#8735=ORIENTED_EDGE('',*,*,#6064,.T.);
#8736=ORIENTED_EDGE('',*,*,#6065,.T.);
#8737=ORIENTED_EDGE('',*,*,#5901,.F.);
#8738=ORIENTED_EDGE('',*,*,#5618,.F.);
#8739=ORIENTED_EDGE('',*,*,#6068,.T.);
#8740=ORIENTED_EDGE('',*,*,#6066,.T.);
#8741=ORIENTED_EDGE('',*,*,#5909,.F.);
#8742=ORIENTED_EDGE('',*,*,#4883,.F.);
#8743=ORIENTED_EDGE('',*,*,#5336,.F.);
#8744=ORIENTED_EDGE('',*,*,#5615,.F.);
#8745=ORIENTED_EDGE('',*,*,#6069,.T.);
#8746=ORIENTED_EDGE('',*,*,#4880,.F.);
#8747=ORIENTED_EDGE('',*,*,#6069,.F.);
#8748=ORIENTED_EDGE('',*,*,#5614,.F.);
#8749=ORIENTED_EDGE('',*,*,#6070,.T.);
#8750=ORIENTED_EDGE('',*,*,#4877,.F.);
#8751=ORIENTED_EDGE('',*,*,#6070,.F.);
#8752=ORIENTED_EDGE('',*,*,#5613,.F.);
#8753=ORIENTED_EDGE('',*,*,#5323,.T.);
#8754=ORIENTED_EDGE('',*,*,#5918,.F.);
#8755=ORIENTED_EDGE('',*,*,#6071,.T.);
#8756=ORIENTED_EDGE('',*,*,#6072,.F.);
#8757=ORIENTED_EDGE('',*,*,#5622,.F.);
#8758=ORIENTED_EDGE('',*,*,#5340,.T.);
#8759=ORIENTED_EDGE('',*,*,#5912,.F.);
#8760=ORIENTED_EDGE('',*,*,#5914,.F.);
#8761=ORIENTED_EDGE('',*,*,#6073,.F.);
#8762=ORIENTED_EDGE('',*,*,#6071,.F.);
#8763=ORIENTED_EDGE('',*,*,#5917,.F.);
#8764=ORIENTED_EDGE('',*,*,#5347,.T.);
#8765=ORIENTED_EDGE('',*,*,#5920,.F.);
#8766=ORIENTED_EDGE('',*,*,#5922,.F.);
#8767=ORIENTED_EDGE('',*,*,#6074,.F.);
#8768=ORIENTED_EDGE('',*,*,#6075,.F.);
#8769=ORIENTED_EDGE('',*,*,#5915,.F.);
#8770=ORIENTED_EDGE('',*,*,#5916,.F.);
#8771=ORIENTED_EDGE('',*,*,#6075,.T.);
#8772=ORIENTED_EDGE('',*,*,#6076,.F.);
#8773=ORIENTED_EDGE('',*,*,#5630,.F.);
#8774=ORIENTED_EDGE('',*,*,#5623,.F.);
#8775=ORIENTED_EDGE('',*,*,#6072,.T.);
#8776=ORIENTED_EDGE('',*,*,#6073,.T.);
#8777=ORIENTED_EDGE('',*,*,#5913,.F.);
#8778=ORIENTED_EDGE('',*,*,#5631,.F.);
#8779=ORIENTED_EDGE('',*,*,#6076,.T.);
#8780=ORIENTED_EDGE('',*,*,#6074,.T.);
#8781=ORIENTED_EDGE('',*,*,#5921,.F.);
#8782=ORIENTED_EDGE('',*,*,#4900,.F.);
#8783=ORIENTED_EDGE('',*,*,#5350,.F.);
#8784=ORIENTED_EDGE('',*,*,#5628,.F.);
#8785=ORIENTED_EDGE('',*,*,#6077,.T.);
#8786=ORIENTED_EDGE('',*,*,#4897,.F.);
#8787=ORIENTED_EDGE('',*,*,#6077,.F.);
#8788=ORIENTED_EDGE('',*,*,#5627,.F.);
#8789=ORIENTED_EDGE('',*,*,#6078,.T.);
#8790=ORIENTED_EDGE('',*,*,#4894,.F.);
#8791=ORIENTED_EDGE('',*,*,#6078,.F.);
#8792=ORIENTED_EDGE('',*,*,#5626,.F.);
#8793=ORIENTED_EDGE('',*,*,#5337,.T.);
#8794=ORIENTED_EDGE('',*,*,#5930,.F.);
#8795=ORIENTED_EDGE('',*,*,#6079,.T.);
#8796=ORIENTED_EDGE('',*,*,#6080,.F.);
#8797=ORIENTED_EDGE('',*,*,#5635,.F.);
#8798=ORIENTED_EDGE('',*,*,#5354,.T.);
#8799=ORIENTED_EDGE('',*,*,#5924,.F.);
#8800=ORIENTED_EDGE('',*,*,#5926,.F.);
#8801=ORIENTED_EDGE('',*,*,#6081,.F.);
#8802=ORIENTED_EDGE('',*,*,#6079,.F.);
#8803=ORIENTED_EDGE('',*,*,#5929,.F.);
#8804=ORIENTED_EDGE('',*,*,#5361,.T.);
#8805=ORIENTED_EDGE('',*,*,#5932,.F.);
#8806=ORIENTED_EDGE('',*,*,#5934,.F.);
#8807=ORIENTED_EDGE('',*,*,#6082,.F.);
#8808=ORIENTED_EDGE('',*,*,#6083,.F.);
#8809=ORIENTED_EDGE('',*,*,#5927,.F.);
#8810=ORIENTED_EDGE('',*,*,#5928,.F.);
#8811=ORIENTED_EDGE('',*,*,#6083,.T.);
#8812=ORIENTED_EDGE('',*,*,#6084,.F.);
#8813=ORIENTED_EDGE('',*,*,#5643,.F.);
#8814=ORIENTED_EDGE('',*,*,#5636,.F.);
#8815=ORIENTED_EDGE('',*,*,#6080,.T.);
#8816=ORIENTED_EDGE('',*,*,#6081,.T.);
#8817=ORIENTED_EDGE('',*,*,#5925,.F.);
#8818=ORIENTED_EDGE('',*,*,#5644,.F.);
#8819=ORIENTED_EDGE('',*,*,#6084,.T.);
#8820=ORIENTED_EDGE('',*,*,#6082,.T.);
#8821=ORIENTED_EDGE('',*,*,#5933,.F.);
#8822=ORIENTED_EDGE('',*,*,#4917,.F.);
#8823=ORIENTED_EDGE('',*,*,#5364,.F.);
#8824=ORIENTED_EDGE('',*,*,#5641,.F.);
#8825=ORIENTED_EDGE('',*,*,#6085,.T.);
#8826=ORIENTED_EDGE('',*,*,#4914,.F.);
#8827=ORIENTED_EDGE('',*,*,#6085,.F.);
#8828=ORIENTED_EDGE('',*,*,#5640,.F.);
#8829=ORIENTED_EDGE('',*,*,#6086,.T.);
#8830=ORIENTED_EDGE('',*,*,#4911,.F.);
#8831=ORIENTED_EDGE('',*,*,#6086,.F.);
#8832=ORIENTED_EDGE('',*,*,#5639,.F.);
#8833=ORIENTED_EDGE('',*,*,#5351,.T.);
#8834=ORIENTED_EDGE('',*,*,#5942,.F.);
#8835=ORIENTED_EDGE('',*,*,#6087,.T.);
#8836=ORIENTED_EDGE('',*,*,#6088,.F.);
#8837=ORIENTED_EDGE('',*,*,#5648,.F.);
#8838=ORIENTED_EDGE('',*,*,#5368,.T.);
#8839=ORIENTED_EDGE('',*,*,#5936,.F.);
#8840=ORIENTED_EDGE('',*,*,#5938,.F.);
#8841=ORIENTED_EDGE('',*,*,#6089,.F.);
#8842=ORIENTED_EDGE('',*,*,#6087,.F.);
#8843=ORIENTED_EDGE('',*,*,#5941,.F.);
#8844=ORIENTED_EDGE('',*,*,#5375,.T.);
#8845=ORIENTED_EDGE('',*,*,#5944,.F.);
#8846=ORIENTED_EDGE('',*,*,#5946,.F.);
#8847=ORIENTED_EDGE('',*,*,#6090,.F.);
#8848=ORIENTED_EDGE('',*,*,#6091,.F.);
#8849=ORIENTED_EDGE('',*,*,#5939,.F.);
#8850=ORIENTED_EDGE('',*,*,#5940,.F.);
#8851=ORIENTED_EDGE('',*,*,#6091,.T.);
#8852=ORIENTED_EDGE('',*,*,#6092,.F.);
#8853=ORIENTED_EDGE('',*,*,#5656,.F.);
#8854=ORIENTED_EDGE('',*,*,#5649,.F.);
#8855=ORIENTED_EDGE('',*,*,#6088,.T.);
#8856=ORIENTED_EDGE('',*,*,#6089,.T.);
#8857=ORIENTED_EDGE('',*,*,#5937,.F.);
#8858=ORIENTED_EDGE('',*,*,#5657,.F.);
#8859=ORIENTED_EDGE('',*,*,#6092,.T.);
#8860=ORIENTED_EDGE('',*,*,#6090,.T.);
#8861=ORIENTED_EDGE('',*,*,#5945,.F.);
#8862=ORIENTED_EDGE('',*,*,#4934,.F.);
#8863=ORIENTED_EDGE('',*,*,#5378,.F.);
#8864=ORIENTED_EDGE('',*,*,#5654,.F.);
#8865=ORIENTED_EDGE('',*,*,#6093,.T.);
#8866=ORIENTED_EDGE('',*,*,#4931,.F.);
#8867=ORIENTED_EDGE('',*,*,#6093,.F.);
#8868=ORIENTED_EDGE('',*,*,#5653,.F.);
#8869=ORIENTED_EDGE('',*,*,#6094,.T.);
#8870=ORIENTED_EDGE('',*,*,#4928,.F.);
#8871=ORIENTED_EDGE('',*,*,#6094,.F.);
#8872=ORIENTED_EDGE('',*,*,#5652,.F.);
#8873=ORIENTED_EDGE('',*,*,#5365,.T.);
#8874=ORIENTED_EDGE('',*,*,#5954,.F.);
#8875=ORIENTED_EDGE('',*,*,#6095,.T.);
#8876=ORIENTED_EDGE('',*,*,#6096,.F.);
#8877=ORIENTED_EDGE('',*,*,#5661,.F.);
#8878=ORIENTED_EDGE('',*,*,#5382,.T.);
#8879=ORIENTED_EDGE('',*,*,#5948,.F.);
#8880=ORIENTED_EDGE('',*,*,#5950,.F.);
#8881=ORIENTED_EDGE('',*,*,#6097,.F.);
#8882=ORIENTED_EDGE('',*,*,#6095,.F.);
#8883=ORIENTED_EDGE('',*,*,#5953,.F.);
#8884=ORIENTED_EDGE('',*,*,#5389,.T.);
#8885=ORIENTED_EDGE('',*,*,#5956,.F.);
#8886=ORIENTED_EDGE('',*,*,#5958,.F.);
#8887=ORIENTED_EDGE('',*,*,#6098,.F.);
#8888=ORIENTED_EDGE('',*,*,#6099,.F.);
#8889=ORIENTED_EDGE('',*,*,#5951,.F.);
#8890=ORIENTED_EDGE('',*,*,#5952,.F.);
#8891=ORIENTED_EDGE('',*,*,#6099,.T.);
#8892=ORIENTED_EDGE('',*,*,#6100,.F.);
#8893=ORIENTED_EDGE('',*,*,#5669,.F.);
#8894=ORIENTED_EDGE('',*,*,#5662,.F.);
#8895=ORIENTED_EDGE('',*,*,#6096,.T.);
#8896=ORIENTED_EDGE('',*,*,#6097,.T.);
#8897=ORIENTED_EDGE('',*,*,#5949,.F.);
#8898=ORIENTED_EDGE('',*,*,#5670,.F.);
#8899=ORIENTED_EDGE('',*,*,#6100,.T.);
#8900=ORIENTED_EDGE('',*,*,#6098,.T.);
#8901=ORIENTED_EDGE('',*,*,#5957,.F.);
#8902=ORIENTED_EDGE('',*,*,#4951,.F.);
#8903=ORIENTED_EDGE('',*,*,#5392,.F.);
#8904=ORIENTED_EDGE('',*,*,#5667,.F.);
#8905=ORIENTED_EDGE('',*,*,#6101,.T.);
#8906=ORIENTED_EDGE('',*,*,#4948,.F.);
#8907=ORIENTED_EDGE('',*,*,#6101,.F.);
#8908=ORIENTED_EDGE('',*,*,#5666,.F.);
#8909=ORIENTED_EDGE('',*,*,#6102,.T.);
#8910=ORIENTED_EDGE('',*,*,#4945,.F.);
#8911=ORIENTED_EDGE('',*,*,#6102,.F.);
#8912=ORIENTED_EDGE('',*,*,#5665,.F.);
#8913=ORIENTED_EDGE('',*,*,#5379,.T.);
#8914=ORIENTED_EDGE('',*,*,#5430,.T.);
#8915=ORIENTED_EDGE('',*,*,#5960,.F.);
#8916=ORIENTED_EDGE('',*,*,#5962,.F.);
#8917=ORIENTED_EDGE('',*,*,#6103,.F.);
#8918=ORIENTED_EDGE('',*,*,#5971,.F.);
#8919=ORIENTED_EDGE('',*,*,#5969,.F.);
#8920=ORIENTED_EDGE('',*,*,#5967,.T.);
#8921=ORIENTED_EDGE('',*,*,#5974,.F.);
#8922=ORIENTED_EDGE('',*,*,#6104,.F.);
#8923=ORIENTED_EDGE('',*,*,#6105,.F.);
#8924=ORIENTED_EDGE('',*,*,#6106,.F.);
#8925=ORIENTED_EDGE('',*,*,#5964,.F.);
#8926=ORIENTED_EDGE('',*,*,#5965,.F.);
#8927=ORIENTED_EDGE('',*,*,#6106,.T.);
#8928=ORIENTED_EDGE('',*,*,#6107,.F.);
#8929=ORIENTED_EDGE('',*,*,#5683,.F.);
#8930=ORIENTED_EDGE('',*,*,#5675,.F.);
#8931=ORIENTED_EDGE('',*,*,#5972,.T.);
#8932=ORIENTED_EDGE('',*,*,#6103,.T.);
#8933=ORIENTED_EDGE('',*,*,#5961,.F.);
#8934=ORIENTED_EDGE('',*,*,#5973,.F.);
#8935=ORIENTED_EDGE('',*,*,#5685,.F.);
#8936=ORIENTED_EDGE('',*,*,#6108,.T.);
#8937=ORIENTED_EDGE('',*,*,#6104,.T.);
#8938=ORIENTED_EDGE('',*,*,#5684,.F.);
#8939=ORIENTED_EDGE('',*,*,#6107,.T.);
#8940=ORIENTED_EDGE('',*,*,#6105,.T.);
#8941=ORIENTED_EDGE('',*,*,#6108,.F.);
#8942=ORIENTED_EDGE('',*,*,#4968,.F.);
#8943=ORIENTED_EDGE('',*,*,#5968,.F.);
#8944=ORIENTED_EDGE('',*,*,#5680,.F.);
#8945=ORIENTED_EDGE('',*,*,#6109,.T.);
#8946=ORIENTED_EDGE('',*,*,#4965,.F.);
#8947=ORIENTED_EDGE('',*,*,#6109,.F.);
#8948=ORIENTED_EDGE('',*,*,#5679,.F.);
#8949=ORIENTED_EDGE('',*,*,#6110,.T.);
#8950=ORIENTED_EDGE('',*,*,#4962,.F.);
#8951=ORIENTED_EDGE('',*,*,#6110,.F.);
#8952=ORIENTED_EDGE('',*,*,#5678,.F.);
#8953=ORIENTED_EDGE('',*,*,#5427,.T.);
#8954=ORIENTED_EDGE('',*,*,#5240,.F.);
#8955=ORIENTED_EDGE('',*,*,#5858,.T.);
#8956=ORIENTED_EDGE('',*,*,#5553,.T.);
#8957=ORIENTED_EDGE('',*,*,#5833,.T.);
#8958=ORIENTED_EDGE('',*,*,#5693,.T.);
#8959=ORIENTED_EDGE('',*,*,#6111,.T.);
#8960=ORIENTED_EDGE('',*,*,#6112,.T.);
#8961=ORIENTED_EDGE('',*,*,#6113,.T.);
#8962=ORIENTED_EDGE('',*,*,#6111,.F.);
#8963=ORIENTED_EDGE('',*,*,#5692,.F.);
#8964=ORIENTED_EDGE('',*,*,#6114,.T.);
#8965=ORIENTED_EDGE('',*,*,#6115,.T.);
#8966=ORIENTED_EDGE('',*,*,#5699,.T.);
#8967=ORIENTED_EDGE('',*,*,#6116,.T.);
#8968=ORIENTED_EDGE('',*,*,#6117,.T.);
#8969=ORIENTED_EDGE('',*,*,#6118,.T.);
#8970=ORIENTED_EDGE('',*,*,#5267,.T.);
#8971=ORIENTED_EDGE('',*,*,#5129,.F.);
#8972=ORIENTED_EDGE('',*,*,#5186,.F.);
#8973=ORIENTED_EDGE('',*,*,#5185,.F.);
#8974=ORIENTED_EDGE('',*,*,#5402,.F.);
#8975=ORIENTED_EDGE('',*,*,#5704,.F.);
#8976=ORIENTED_EDGE('',*,*,#6119,.F.);
#8977=ORIENTED_EDGE('',*,*,#6120,.T.);
#8978=ORIENTED_EDGE('',*,*,#6116,.F.);
#8979=ORIENTED_EDGE('',*,*,#5698,.F.);
#8980=ORIENTED_EDGE('',*,*,#6121,.T.);
#8981=ORIENTED_EDGE('',*,*,#4988,.F.);
#8982=ORIENTED_EDGE('',*,*,#5689,.T.);
#8983=ORIENTED_EDGE('',*,*,#6122,.T.);
#8984=ORIENTED_EDGE('',*,*,#6123,.T.);
#8985=ORIENTED_EDGE('',*,*,#6124,.T.);
#8986=ORIENTED_EDGE('',*,*,#6124,.F.);
#8987=ORIENTED_EDGE('',*,*,#6125,.T.);
#8988=ORIENTED_EDGE('',*,*,#6126,.F.);
#8989=ORIENTED_EDGE('',*,*,#5690,.F.);
#8990=ORIENTED_EDGE('',*,*,#5703,.T.);
#8991=ORIENTED_EDGE('',*,*,#6127,.T.);
#8992=ORIENTED_EDGE('',*,*,#6128,.T.);
#8993=ORIENTED_EDGE('',*,*,#6119,.T.);
#8994=ORIENTED_EDGE('',*,*,#6127,.F.);
#8995=ORIENTED_EDGE('',*,*,#5702,.F.);
#8996=ORIENTED_EDGE('',*,*,#6129,.T.);
#8997=ORIENTED_EDGE('',*,*,#6130,.T.);
#8998=ORIENTED_EDGE('',*,*,#6131,.F.);
#8999=ORIENTED_EDGE('',*,*,#6112,.F.);
#9000=ORIENTED_EDGE('',*,*,#6115,.F.);
#9001=ORIENTED_EDGE('',*,*,#6132,.F.);
#9002=ORIENTED_EDGE('',*,*,#6125,.F.);
#9003=ORIENTED_EDGE('',*,*,#6123,.F.);
#9004=ORIENTED_EDGE('',*,*,#6120,.F.);
#9005=ORIENTED_EDGE('',*,*,#6128,.F.);
#9006=ORIENTED_EDGE('',*,*,#6130,.F.);
#9007=ORIENTED_EDGE('',*,*,#6133,.F.);
#9008=ORIENTED_EDGE('',*,*,#6134,.F.);
#9009=ORIENTED_EDGE('',*,*,#6117,.F.);
#9010=ORIENTED_EDGE('',*,*,#5691,.F.);
#9011=ORIENTED_EDGE('',*,*,#6126,.T.);
#9012=ORIENTED_EDGE('',*,*,#6132,.T.);
#9013=ORIENTED_EDGE('',*,*,#6114,.F.);
#9014=ORIENTED_EDGE('',*,*,#5701,.F.);
#9015=ORIENTED_EDGE('',*,*,#6135,.T.);
#9016=ORIENTED_EDGE('',*,*,#6133,.T.);
#9017=ORIENTED_EDGE('',*,*,#6129,.F.);
#9018=ORIENTED_EDGE('',*,*,#6118,.F.);
#9019=ORIENTED_EDGE('',*,*,#6134,.T.);
#9020=ORIENTED_EDGE('',*,*,#6135,.F.);
#9021=ORIENTED_EDGE('',*,*,#5700,.F.);
#9022=ORIENTED_EDGE('',*,*,#4985,.F.);
#9023=ORIENTED_EDGE('',*,*,#6121,.F.);
#9024=ORIENTED_EDGE('',*,*,#5697,.F.);
#9025=ORIENTED_EDGE('',*,*,#6136,.T.);
#9026=ORIENTED_EDGE('',*,*,#4982,.F.);
#9027=ORIENTED_EDGE('',*,*,#6136,.F.);
#9028=ORIENTED_EDGE('',*,*,#5696,.F.);
#9029=ORIENTED_EDGE('',*,*,#6137,.T.);
#9030=ORIENTED_EDGE('',*,*,#4979,.F.);
#9031=ORIENTED_EDGE('',*,*,#6137,.F.);
#9032=ORIENTED_EDGE('',*,*,#5695,.F.);
#9033=ORIENTED_EDGE('',*,*,#6138,.T.);
#9034=ORIENTED_EDGE('',*,*,#4975,.F.);
#9035=ORIENTED_EDGE('',*,*,#6138,.F.);
#9036=ORIENTED_EDGE('',*,*,#5694,.F.);
#9037=ORIENTED_EDGE('',*,*,#6113,.F.);
#9038=ORIENTED_EDGE('',*,*,#6131,.T.);
#9039=ORIENTED_EDGE('',*,*,#6122,.F.);
#9040=ORIENTED_EDGE('',*,*,#5688,.F.);
#9041=ORIENTED_EDGE('',*,*,#5396,.F.);
#9042=ORIENTED_EDGE('',*,*,#5189,.F.);
#9043=ORIENTED_EDGE('',*,*,#5188,.F.);
#9044=ORIENTED_EDGE('',*,*,#5131,.F.);
#9045=ORIENTED_EDGE('',*,*,#5268,.F.);
#9046=ORIENTED_EDGE('',*,*,#5181,.T.);
#9047=ORIENTED_EDGE('',*,*,#6139,.T.);
#9048=ORIENTED_EDGE('',*,*,#5709,.F.);
#9049=ORIENTED_EDGE('',*,*,#6139,.F.);
#9050=CYLINDRICAL_SURFACE('',#9779,1.);
#9051=CYLINDRICAL_SURFACE('',#9784,1.);
#9052=CYLINDRICAL_SURFACE('',#9789,1.);
#9053=CYLINDRICAL_SURFACE('',#9792,1.);
#9054=CYLINDRICAL_SURFACE('',#9797,1.);
#9055=CYLINDRICAL_SURFACE('',#9802,1.);
#9056=CYLINDRICAL_SURFACE('',#9805,1.);
#9057=CYLINDRICAL_SURFACE('',#9810,1.);
#9058=CYLINDRICAL_SURFACE('',#9815,1.);
#9059=CYLINDRICAL_SURFACE('',#9818,1.);
#9060=CYLINDRICAL_SURFACE('',#9823,1.);
#9061=CYLINDRICAL_SURFACE('',#9828,1.);
#9062=CYLINDRICAL_SURFACE('',#9831,1.);
#9063=CYLINDRICAL_SURFACE('',#9836,1.);
#9064=CYLINDRICAL_SURFACE('',#9841,1.);
#9065=CYLINDRICAL_SURFACE('',#9844,1.);
#9066=CYLINDRICAL_SURFACE('',#9849,1.);
#9067=CYLINDRICAL_SURFACE('',#9854,1.);
#9068=CYLINDRICAL_SURFACE('',#9857,1.);
#9069=CYLINDRICAL_SURFACE('',#9862,1.);
#9070=CYLINDRICAL_SURFACE('',#9867,1.);
#9071=CYLINDRICAL_SURFACE('',#9870,1.);
#9072=CYLINDRICAL_SURFACE('',#9875,1.);
#9073=CYLINDRICAL_SURFACE('',#9880,1.);
#9074=CYLINDRICAL_SURFACE('',#9883,1.);
#9075=CYLINDRICAL_SURFACE('',#9888,1.);
#9076=CYLINDRICAL_SURFACE('',#9893,1.);
#9077=CYLINDRICAL_SURFACE('',#9896,1.);
#9078=CYLINDRICAL_SURFACE('',#9901,1.);
#9079=CYLINDRICAL_SURFACE('',#9906,1.);
#9080=CYLINDRICAL_SURFACE('',#9909,1.);
#9081=CYLINDRICAL_SURFACE('',#9914,1.);
#9082=CYLINDRICAL_SURFACE('',#9919,1.);
#9083=CYLINDRICAL_SURFACE('',#9922,1.);
#9084=CYLINDRICAL_SURFACE('',#9927,1.);
#9085=CYLINDRICAL_SURFACE('',#9932,1.);
#9086=CYLINDRICAL_SURFACE('',#9935,1.);
#9087=CYLINDRICAL_SURFACE('',#9940,1.);
#9088=CYLINDRICAL_SURFACE('',#9945,1.);
#9089=CYLINDRICAL_SURFACE('',#9948,1.);
#9090=CYLINDRICAL_SURFACE('',#9953,1.);
#9091=CYLINDRICAL_SURFACE('',#9958,1.);
#9092=CYLINDRICAL_SURFACE('',#9961,1.);
#9093=CYLINDRICAL_SURFACE('',#9966,1.);
#9094=CYLINDRICAL_SURFACE('',#9971,1.);
#9095=CYLINDRICAL_SURFACE('',#9974,1.);
#9096=CYLINDRICAL_SURFACE('',#9979,1.);
#9097=CYLINDRICAL_SURFACE('',#9984,1.);
#9098=CYLINDRICAL_SURFACE('',#9987,1.);
#9099=CYLINDRICAL_SURFACE('',#9992,1.);
#9100=CYLINDRICAL_SURFACE('',#9997,1.);
#9101=CYLINDRICAL_SURFACE('',#10000,1.);
#9102=CYLINDRICAL_SURFACE('',#10005,1.);
#9103=CYLINDRICAL_SURFACE('',#10010,1.);
#9104=CYLINDRICAL_SURFACE('',#10045,1.55);
#9105=CYLINDRICAL_SURFACE('',#10047,1.55);
#9106=CYLINDRICAL_SURFACE('',#10049,1.55);
#9107=CYLINDRICAL_SURFACE('',#10051,1.55);
#9108=CYLINDRICAL_SURFACE('',#10053,2.2);
#9109=CYLINDRICAL_SURFACE('',#10055,2.2);
#9110=CYLINDRICAL_SURFACE('',#10057,2.2);
#9111=CYLINDRICAL_SURFACE('',#10059,2.2);
#9112=CYLINDRICAL_SURFACE('',#10061,2.2);
#9113=CYLINDRICAL_SURFACE('',#10063,2.2);
#9114=CYLINDRICAL_SURFACE('',#10065,2.2);
#9115=CYLINDRICAL_SURFACE('',#10067,2.2);
#9116=CYLINDRICAL_SURFACE('',#10069,2.2);
#9117=CYLINDRICAL_SURFACE('',#10071,2.2);
#9118=CYLINDRICAL_SURFACE('',#10073,2.2);
#9119=CYLINDRICAL_SURFACE('',#10075,2.2);
#9120=CYLINDRICAL_SURFACE('',#10077,2.2);
#9121=CYLINDRICAL_SURFACE('',#10079,2.2);
#9122=CYLINDRICAL_SURFACE('',#10081,2.2);
#9123=CYLINDRICAL_SURFACE('',#10083,2.2);
#9124=CYLINDRICAL_SURFACE('',#10085,2.2);
#9125=CYLINDRICAL_SURFACE('',#10142,2.2);
#9126=CYLINDRICAL_SURFACE('',#10162,23.);
#9127=CYLINDRICAL_SURFACE('',#10164,23.);
#9128=CYLINDRICAL_SURFACE('',#10166,23.);
#9129=CYLINDRICAL_SURFACE('',#10168,23.);
#9130=CYLINDRICAL_SURFACE('',#10170,23.);
#9131=CYLINDRICAL_SURFACE('',#10172,23.);
#9132=CYLINDRICAL_SURFACE('',#10174,23.);
#9133=CYLINDRICAL_SURFACE('',#10176,23.);
#9134=CYLINDRICAL_SURFACE('',#10178,23.);
#9135=CYLINDRICAL_SURFACE('',#10180,23.);
#9136=CYLINDRICAL_SURFACE('',#10182,23.);
#9137=CYLINDRICAL_SURFACE('',#10184,23.);
#9138=CYLINDRICAL_SURFACE('',#10186,23.);
#9139=CYLINDRICAL_SURFACE('',#10188,23.);
#9140=CYLINDRICAL_SURFACE('',#10190,23.);
#9141=CYLINDRICAL_SURFACE('',#10192,23.);
#9142=CYLINDRICAL_SURFACE('',#10194,23.);
#9143=CYLINDRICAL_SURFACE('',#10197,0.1);
#9144=CYLINDRICAL_SURFACE('',#10311,0.1);
#9145=CYLINDRICAL_SURFACE('',#10314,0.1);
#9146=CYLINDRICAL_SURFACE('',#10317,0.1);
#9147=CYLINDRICAL_SURFACE('',#10320,0.1);
#9148=CYLINDRICAL_SURFACE('',#10323,0.1);
#9149=CYLINDRICAL_SURFACE('',#10326,0.1);
#9150=CYLINDRICAL_SURFACE('',#10329,0.1);
#9151=CYLINDRICAL_SURFACE('',#10332,0.1);
#9152=CYLINDRICAL_SURFACE('',#10335,0.1);
#9153=CYLINDRICAL_SURFACE('',#10338,0.1);
#9154=CYLINDRICAL_SURFACE('',#10341,0.1);
#9155=CYLINDRICAL_SURFACE('',#10344,0.1);
#9156=CYLINDRICAL_SURFACE('',#10347,0.1);
#9157=CYLINDRICAL_SURFACE('',#10350,0.1);
#9158=CYLINDRICAL_SURFACE('',#10353,0.1);
#9159=CYLINDRICAL_SURFACE('',#10356,0.1);
#9160=CYLINDRICAL_SURFACE('',#10359,0.1);
#9161=CYLINDRICAL_SURFACE('',#10362,0.1);
#9162=CYLINDRICAL_SURFACE('',#10365,0.1);
#9163=CYLINDRICAL_SURFACE('',#10368,0.1);
#9164=CYLINDRICAL_SURFACE('',#10371,0.1);
#9165=CYLINDRICAL_SURFACE('',#10374,0.1);
#9166=CYLINDRICAL_SURFACE('',#10377,0.1);
#9167=CYLINDRICAL_SURFACE('',#10380,0.1);
#9168=CYLINDRICAL_SURFACE('',#10383,0.1);
#9169=CYLINDRICAL_SURFACE('',#10386,0.1);
#9170=CYLINDRICAL_SURFACE('',#10389,0.1);
#9171=CYLINDRICAL_SURFACE('',#10392,0.1);
#9172=CYLINDRICAL_SURFACE('',#10395,0.1);
#9173=CYLINDRICAL_SURFACE('',#10397,0.1);
#9174=CYLINDRICAL_SURFACE('',#10400,0.1);
#9175=CYLINDRICAL_SURFACE('',#10403,0.1);
#9176=CYLINDRICAL_SURFACE('',#10406,0.1);
#9177=CYLINDRICAL_SURFACE('',#10408,0.1);
#9178=CYLINDRICAL_SURFACE('',#10410,0.1);
#9179=CYLINDRICAL_SURFACE('',#10413,0.1);
#9180=CYLINDRICAL_SURFACE('',#10416,0.1);
#9181=CYLINDRICAL_SURFACE('',#10418,0.1);
#9182=CYLINDRICAL_SURFACE('',#10420,0.1);
#9183=CYLINDRICAL_SURFACE('',#10423,0.1);
#9184=CYLINDRICAL_SURFACE('',#10426,0.1);
#9185=CYLINDRICAL_SURFACE('',#10428,0.1);
#9186=CYLINDRICAL_SURFACE('',#10430,0.1);
#9187=CYLINDRICAL_SURFACE('',#10433,0.1);
#9188=CYLINDRICAL_SURFACE('',#10436,0.1);
#9189=CYLINDRICAL_SURFACE('',#10438,0.1);
#9190=CYLINDRICAL_SURFACE('',#10440,0.1);
#9191=CYLINDRICAL_SURFACE('',#10443,0.1);
#9192=CYLINDRICAL_SURFACE('',#10446,0.1);
#9193=CYLINDRICAL_SURFACE('',#10448,0.1);
#9194=CYLINDRICAL_SURFACE('',#10450,0.1);
#9195=CYLINDRICAL_SURFACE('',#10453,0.1);
#9196=CYLINDRICAL_SURFACE('',#10456,0.1);
#9197=CYLINDRICAL_SURFACE('',#10458,0.1);
#9198=CYLINDRICAL_SURFACE('',#10460,0.1);
#9199=CYLINDRICAL_SURFACE('',#10463,0.1);
#9200=CYLINDRICAL_SURFACE('',#10466,0.1);
#9201=CYLINDRICAL_SURFACE('',#10468,0.1);
#9202=CYLINDRICAL_SURFACE('',#10470,0.1);
#9203=CYLINDRICAL_SURFACE('',#10473,0.1);
#9204=CYLINDRICAL_SURFACE('',#10476,0.1);
#9205=CYLINDRICAL_SURFACE('',#10478,0.1);
#9206=CYLINDRICAL_SURFACE('',#10480,0.1);
#9207=CYLINDRICAL_SURFACE('',#10483,0.1);
#9208=CYLINDRICAL_SURFACE('',#10486,0.1);
#9209=CYLINDRICAL_SURFACE('',#10489,0.1);
#9210=CYLINDRICAL_SURFACE('',#10492,0.1);
#9211=CYLINDRICAL_SURFACE('',#10500,1.6);
#9212=CYLINDRICAL_SURFACE('',#10502,1.6);
#9213=CYLINDRICAL_SURFACE('',#10509,1.6);
#9214=CYLINDRICAL_SURFACE('',#10511,1.6);
#9215=CYLINDRICAL_SURFACE('',#10518,1.6);
#9216=CYLINDRICAL_SURFACE('',#10520,1.6);
#9217=CYLINDRICAL_SURFACE('',#10527,1.6);
#9218=CYLINDRICAL_SURFACE('',#10529,1.6);
#9219=CYLINDRICAL_SURFACE('',#10536,1.6);
#9220=CYLINDRICAL_SURFACE('',#10538,1.6);
#9221=CYLINDRICAL_SURFACE('',#10545,1.6);
#9222=CYLINDRICAL_SURFACE('',#10547,1.6);
#9223=CYLINDRICAL_SURFACE('',#10554,1.6);
#9224=CYLINDRICAL_SURFACE('',#10556,1.6);
#9225=CYLINDRICAL_SURFACE('',#10563,1.6);
#9226=CYLINDRICAL_SURFACE('',#10565,1.6);
#9227=CYLINDRICAL_SURFACE('',#10572,1.6);
#9228=CYLINDRICAL_SURFACE('',#10574,1.6);
#9229=CYLINDRICAL_SURFACE('',#10581,1.6);
#9230=CYLINDRICAL_SURFACE('',#10583,1.6);
#9231=CYLINDRICAL_SURFACE('',#10590,1.6);
#9232=CYLINDRICAL_SURFACE('',#10592,1.6);
#9233=CYLINDRICAL_SURFACE('',#10599,1.6);
#9234=CYLINDRICAL_SURFACE('',#10601,1.6);
#9235=CYLINDRICAL_SURFACE('',#10608,1.6);
#9236=CYLINDRICAL_SURFACE('',#10610,1.6);
#9237=CYLINDRICAL_SURFACE('',#10617,1.6);
#9238=CYLINDRICAL_SURFACE('',#10619,1.6);
#9239=CYLINDRICAL_SURFACE('',#10626,1.6);
#9240=CYLINDRICAL_SURFACE('',#10628,1.6);
#9241=CYLINDRICAL_SURFACE('',#10635,1.6);
#9242=CYLINDRICAL_SURFACE('',#10637,1.6);
#9243=CYLINDRICAL_SURFACE('',#10644,1.6);
#9244=CYLINDRICAL_SURFACE('',#10646,1.6);
#9245=CYLINDRICAL_SURFACE('',#10647,23.);
#9246=CYLINDRICAL_SURFACE('',#10648,0.1);
#9247=CYLINDRICAL_SURFACE('',#10651,0.1);
#9248=CYLINDRICAL_SURFACE('',#10654,0.1);
#9249=CYLINDRICAL_SURFACE('',#10657,0.1);
#9250=CYLINDRICAL_SURFACE('',#10665,1.6);
#9251=CYLINDRICAL_SURFACE('',#10667,1.6);
#9252=CYLINDRICAL_SURFACE('',#10669,4.05);
#9253=ADVANCED_FACE('',(#401),#9050,.F.);
#9254=ADVANCED_FACE('',(#402),#365,.T.);
#9255=ADVANCED_FACE('',(#403),#9051,.F.);
#9256=ADVANCED_FACE('',(#404),#366,.T.);
#9257=ADVANCED_FACE('',(#405),#9052,.F.);
#9258=ADVANCED_FACE('',(#406),#119,.T.);
#9259=ADVANCED_FACE('',(#407),#9053,.F.);
#9260=ADVANCED_FACE('',(#408),#367,.T.);
#9261=ADVANCED_FACE('',(#409),#9054,.F.);
#9262=ADVANCED_FACE('',(#410),#368,.T.);
#9263=ADVANCED_FACE('',(#411),#9055,.F.);
#9264=ADVANCED_FACE('',(#412),#120,.T.);
#9265=ADVANCED_FACE('',(#413),#9056,.F.);
#9266=ADVANCED_FACE('',(#414),#369,.T.);
#9267=ADVANCED_FACE('',(#415),#9057,.F.);
#9268=ADVANCED_FACE('',(#416),#370,.T.);
#9269=ADVANCED_FACE('',(#417),#9058,.F.);
#9270=ADVANCED_FACE('',(#418),#121,.T.);
#9271=ADVANCED_FACE('',(#419),#9059,.F.);
#9272=ADVANCED_FACE('',(#420),#371,.T.);
#9273=ADVANCED_FACE('',(#421),#9060,.F.);
#9274=ADVANCED_FACE('',(#422),#372,.T.);
#9275=ADVANCED_FACE('',(#423),#9061,.F.);
#9276=ADVANCED_FACE('',(#424),#122,.T.);
#9277=ADVANCED_FACE('',(#425),#9062,.F.);
#9278=ADVANCED_FACE('',(#426),#373,.T.);
#9279=ADVANCED_FACE('',(#427),#9063,.F.);
#9280=ADVANCED_FACE('',(#428),#374,.T.);
#9281=ADVANCED_FACE('',(#429),#9064,.F.);
#9282=ADVANCED_FACE('',(#430),#123,.T.);
#9283=ADVANCED_FACE('',(#431),#9065,.F.);
#9284=ADVANCED_FACE('',(#432),#375,.T.);
#9285=ADVANCED_FACE('',(#433),#9066,.F.);
#9286=ADVANCED_FACE('',(#434),#376,.T.);
#9287=ADVANCED_FACE('',(#435),#9067,.F.);
#9288=ADVANCED_FACE('',(#436),#124,.T.);
#9289=ADVANCED_FACE('',(#437),#9068,.F.);
#9290=ADVANCED_FACE('',(#438),#377,.T.);
#9291=ADVANCED_FACE('',(#439),#9069,.F.);
#9292=ADVANCED_FACE('',(#440),#378,.T.);
#9293=ADVANCED_FACE('',(#441),#9070,.F.);
#9294=ADVANCED_FACE('',(#442),#125,.T.);
#9295=ADVANCED_FACE('',(#443),#9071,.F.);
#9296=ADVANCED_FACE('',(#444),#379,.T.);
#9297=ADVANCED_FACE('',(#445),#9072,.F.);
#9298=ADVANCED_FACE('',(#446),#380,.T.);
#9299=ADVANCED_FACE('',(#447),#9073,.F.);
#9300=ADVANCED_FACE('',(#448),#126,.T.);
#9301=ADVANCED_FACE('',(#449),#9074,.F.);
#9302=ADVANCED_FACE('',(#450),#381,.T.);
#9303=ADVANCED_FACE('',(#451),#9075,.F.);
#9304=ADVANCED_FACE('',(#452),#382,.T.);
#9305=ADVANCED_FACE('',(#453),#9076,.F.);
#9306=ADVANCED_FACE('',(#454),#127,.T.);
#9307=ADVANCED_FACE('',(#455),#9077,.F.);
#9308=ADVANCED_FACE('',(#456),#383,.T.);
#9309=ADVANCED_FACE('',(#457),#9078,.F.);
#9310=ADVANCED_FACE('',(#458),#384,.T.);
#9311=ADVANCED_FACE('',(#459),#9079,.F.);
#9312=ADVANCED_FACE('',(#460),#128,.T.);
#9313=ADVANCED_FACE('',(#461),#9080,.F.);
#9314=ADVANCED_FACE('',(#462),#385,.T.);
#9315=ADVANCED_FACE('',(#463),#9081,.F.);
#9316=ADVANCED_FACE('',(#464),#386,.T.);
#9317=ADVANCED_FACE('',(#465),#9082,.F.);
#9318=ADVANCED_FACE('',(#466),#129,.T.);
#9319=ADVANCED_FACE('',(#467),#9083,.F.);
#9320=ADVANCED_FACE('',(#468),#387,.T.);
#9321=ADVANCED_FACE('',(#469),#9084,.F.);
#9322=ADVANCED_FACE('',(#470),#388,.T.);
#9323=ADVANCED_FACE('',(#471),#9085,.F.);
#9324=ADVANCED_FACE('',(#472),#130,.T.);
#9325=ADVANCED_FACE('',(#473),#9086,.F.);
#9326=ADVANCED_FACE('',(#474),#389,.T.);
#9327=ADVANCED_FACE('',(#475),#9087,.F.);
#9328=ADVANCED_FACE('',(#476),#390,.T.);
#9329=ADVANCED_FACE('',(#477),#9088,.F.);
#9330=ADVANCED_FACE('',(#478),#131,.T.);
#9331=ADVANCED_FACE('',(#479),#9089,.F.);
#9332=ADVANCED_FACE('',(#480),#391,.T.);
#9333=ADVANCED_FACE('',(#481),#9090,.F.);
#9334=ADVANCED_FACE('',(#482),#392,.T.);
#9335=ADVANCED_FACE('',(#483),#9091,.F.);
#9336=ADVANCED_FACE('',(#484),#132,.T.);
#9337=ADVANCED_FACE('',(#485),#9092,.F.);
#9338=ADVANCED_FACE('',(#486),#393,.T.);
#9339=ADVANCED_FACE('',(#487),#9093,.F.);
#9340=ADVANCED_FACE('',(#488),#394,.T.);
#9341=ADVANCED_FACE('',(#489),#9094,.F.);
#9342=ADVANCED_FACE('',(#490),#133,.T.);
#9343=ADVANCED_FACE('',(#491),#9095,.F.);
#9344=ADVANCED_FACE('',(#492),#395,.T.);
#9345=ADVANCED_FACE('',(#493),#9096,.F.);
#9346=ADVANCED_FACE('',(#494),#396,.T.);
#9347=ADVANCED_FACE('',(#495),#9097,.F.);
#9348=ADVANCED_FACE('',(#496),#134,.T.);
#9349=ADVANCED_FACE('',(#497),#9098,.F.);
#9350=ADVANCED_FACE('',(#498),#397,.T.);
#9351=ADVANCED_FACE('',(#499),#9099,.F.);
#9352=ADVANCED_FACE('',(#500),#398,.T.);
#9353=ADVANCED_FACE('',(#501),#9100,.F.);
#9354=ADVANCED_FACE('',(#502),#135,.T.);
#9355=ADVANCED_FACE('',(#503),#9101,.F.);
#9356=ADVANCED_FACE('',(#504),#399,.T.);
#9357=ADVANCED_FACE('',(#505),#9102,.F.);
#9358=ADVANCED_FACE('',(#506),#400,.T.);
#9359=ADVANCED_FACE('',(#507),#9103,.F.);
#9360=ADVANCED_FACE('',(#508),#136,.T.);
#9361=ADVANCED_FACE('',(#509),#137,.F.);
#9362=ADVANCED_FACE('',(#510),#138,.F.);
#9363=ADVANCED_FACE('',(#511),#139,.F.);
#9364=ADVANCED_FACE('',(#512),#140,.F.);
#9365=ADVANCED_FACE('',(#513),#141,.F.);
#9366=ADVANCED_FACE('',(#514),#142,.F.);
#9367=ADVANCED_FACE('',(#515,#105),#143,.F.);
#9368=ADVANCED_FACE('',(#516),#144,.F.);
#9369=ADVANCED_FACE('',(#517),#145,.F.);
#9370=ADVANCED_FACE('',(#518),#146,.F.);
#9371=ADVANCED_FACE('',(#519),#147,.F.);
#9372=ADVANCED_FACE('',(#520),#148,.F.);
#9373=ADVANCED_FACE('',(#521),#149,.F.);
#9374=ADVANCED_FACE('',(#522,#106),#150,.F.);
#9375=ADVANCED_FACE('',(#523),#151,.F.);
#9376=ADVANCED_FACE('',(#524),#152,.F.);
#9377=ADVANCED_FACE('',(#525),#153,.F.);
#9378=ADVANCED_FACE('',(#526),#154,.F.);
#9379=ADVANCED_FACE('',(#527),#155,.F.);
#9380=ADVANCED_FACE('',(#528),#156,.F.);
#9381=ADVANCED_FACE('',(#529,#107),#157,.F.);
#9382=ADVANCED_FACE('',(#530),#158,.F.);
#9383=ADVANCED_FACE('',(#531),#159,.F.);
#9384=ADVANCED_FACE('',(#532),#160,.F.);
#9385=ADVANCED_FACE('',(#533),#161,.F.);
#9386=ADVANCED_FACE('',(#534),#162,.F.);
#9387=ADVANCED_FACE('',(#535),#163,.F.);
#9388=ADVANCED_FACE('',(#536,#108),#164,.F.);
#9389=ADVANCED_FACE('',(#537),#9104,.F.);
#9390=ADVANCED_FACE('',(#538),#9105,.F.);
#9391=ADVANCED_FACE('',(#539),#9106,.F.);
#9392=ADVANCED_FACE('',(#540),#9107,.F.);
#9393=ADVANCED_FACE('',(#541),#9108,.F.);
#9394=ADVANCED_FACE('',(#542),#9109,.F.);
#9395=ADVANCED_FACE('',(#543),#9110,.F.);
#9396=ADVANCED_FACE('',(#544),#9111,.F.);
#9397=ADVANCED_FACE('',(#545),#9112,.F.);
#9398=ADVANCED_FACE('',(#546),#9113,.F.);
#9399=ADVANCED_FACE('',(#547),#9114,.F.);
#9400=ADVANCED_FACE('',(#548),#9115,.F.);
#9401=ADVANCED_FACE('',(#549),#9116,.F.);
#9402=ADVANCED_FACE('',(#550),#9117,.F.);
#9403=ADVANCED_FACE('',(#551),#9118,.F.);
#9404=ADVANCED_FACE('',(#552),#9119,.F.);
#9405=ADVANCED_FACE('',(#553),#9120,.F.);
#9406=ADVANCED_FACE('',(#554),#9121,.F.);
#9407=ADVANCED_FACE('',(#555),#9122,.F.);
#9408=ADVANCED_FACE('',(#556),#9123,.F.);
#9409=ADVANCED_FACE('',(#557),#9124,.F.);
#9410=ADVANCED_FACE('',(#558,#109,#110,#111,#112,#113),#165,.T.);
#9411=ADVANCED_FACE('',(#559),#87,.T.);
#9412=ADVANCED_FACE('',(#560),#88,.T.);
#9413=ADVANCED_FACE('',(#561),#89,.T.);
#9414=ADVANCED_FACE('',(#562),#90,.T.);
#9415=ADVANCED_FACE('',(#563),#91,.T.);
#9416=ADVANCED_FACE('',(#564),#92,.T.);
#9417=ADVANCED_FACE('',(#565),#93,.T.);
#9418=ADVANCED_FACE('',(#566),#94,.T.);
#9419=ADVANCED_FACE('',(#567),#95,.T.);
#9420=ADVANCED_FACE('',(#568),#96,.T.);
#9421=ADVANCED_FACE('',(#569),#97,.T.);
#9422=ADVANCED_FACE('',(#570),#98,.T.);
#9423=ADVANCED_FACE('',(#571),#99,.T.);
#9424=ADVANCED_FACE('',(#572),#100,.T.);
#9425=ADVANCED_FACE('',(#573),#101,.T.);
#9426=ADVANCED_FACE('',(#574),#102,.T.);
#9427=ADVANCED_FACE('',(#575),#103,.T.);
#9428=ADVANCED_FACE('',(#576),#9125,.F.);
#9429=ADVANCED_FACE('',(#577),#104,.T.);
#9430=ADVANCED_FACE('',(#578),#166,.F.);
#9431=ADVANCED_FACE('',(#579),#167,.F.);
#9432=ADVANCED_FACE('',(#580),#168,.F.);
#9433=ADVANCED_FACE('',(#581),#169,.F.);
#9434=ADVANCED_FACE('',(#582),#170,.F.);
#9435=ADVANCED_FACE('',(#583),#171,.F.);
#9436=ADVANCED_FACE('',(#584),#172,.F.);
#9437=ADVANCED_FACE('',(#585),#173,.F.);
#9438=ADVANCED_FACE('',(#586),#174,.F.);
#9439=ADVANCED_FACE('',(#587),#175,.F.);
#9440=ADVANCED_FACE('',(#588),#176,.F.);
#9441=ADVANCED_FACE('',(#589),#177,.F.);
#9442=ADVANCED_FACE('',(#590),#178,.F.);
#9443=ADVANCED_FACE('',(#591),#179,.F.);
#9444=ADVANCED_FACE('',(#592),#180,.F.);
#9445=ADVANCED_FACE('',(#593),#181,.F.);
#9446=ADVANCED_FACE('',(#594),#182,.F.);
#9447=ADVANCED_FACE('',(#595),#9126,.T.);
#9448=ADVANCED_FACE('',(#596),#9127,.T.);
#9449=ADVANCED_FACE('',(#597),#9128,.T.);
#9450=ADVANCED_FACE('',(#598),#9129,.T.);
#9451=ADVANCED_FACE('',(#599),#9130,.T.);
#9452=ADVANCED_FACE('',(#600),#9131,.T.);
#9453=ADVANCED_FACE('',(#601),#9132,.T.);
#9454=ADVANCED_FACE('',(#602),#9133,.T.);
#9455=ADVANCED_FACE('',(#603),#9134,.T.);
#9456=ADVANCED_FACE('',(#604),#9135,.T.);
#9457=ADVANCED_FACE('',(#605),#9136,.T.);
#9458=ADVANCED_FACE('',(#606),#9137,.T.);
#9459=ADVANCED_FACE('',(#607),#9138,.T.);
#9460=ADVANCED_FACE('',(#608),#9139,.T.);
#9461=ADVANCED_FACE('',(#609),#9140,.T.);
#9462=ADVANCED_FACE('',(#610),#9141,.T.);
#9463=ADVANCED_FACE('',(#611),#9142,.T.);
#9464=ADVANCED_FACE('',(#612),#183,.F.);
#9465=ADVANCED_FACE('',(#613),#9143,.T.);
#9466=ADVANCED_FACE('',(#614),#184,.F.);
#9467=ADVANCED_FACE('',(#615,#114,#115,#116,#117,#118),#185,.T.);
#9468=ADVANCED_FACE('',(#616),#9144,.T.);
#9469=ADVANCED_FACE('',(#617),#186,.F.);
#9470=ADVANCED_FACE('',(#618),#9145,.T.);
#9471=ADVANCED_FACE('',(#619),#187,.F.);
#9472=ADVANCED_FACE('',(#620),#9146,.T.);
#9473=ADVANCED_FACE('',(#621),#188,.F.);
#9474=ADVANCED_FACE('',(#622),#9147,.T.);
#9475=ADVANCED_FACE('',(#623),#189,.F.);
#9476=ADVANCED_FACE('',(#624),#9148,.T.);
#9477=ADVANCED_FACE('',(#625),#190,.F.);
#9478=ADVANCED_FACE('',(#626),#9149,.T.);
#9479=ADVANCED_FACE('',(#627),#191,.F.);
#9480=ADVANCED_FACE('',(#628),#9150,.T.);
#9481=ADVANCED_FACE('',(#629),#192,.F.);
#9482=ADVANCED_FACE('',(#630),#9151,.T.);
#9483=ADVANCED_FACE('',(#631),#193,.F.);
#9484=ADVANCED_FACE('',(#632),#9152,.T.);
#9485=ADVANCED_FACE('',(#633),#194,.F.);
#9486=ADVANCED_FACE('',(#634),#9153,.T.);
#9487=ADVANCED_FACE('',(#635),#195,.F.);
#9488=ADVANCED_FACE('',(#636),#9154,.T.);
#9489=ADVANCED_FACE('',(#637),#196,.F.);
#9490=ADVANCED_FACE('',(#638),#9155,.T.);
#9491=ADVANCED_FACE('',(#639),#197,.F.);
#9492=ADVANCED_FACE('',(#640),#9156,.T.);
#9493=ADVANCED_FACE('',(#641),#198,.F.);
#9494=ADVANCED_FACE('',(#642),#9157,.T.);
#9495=ADVANCED_FACE('',(#643),#199,.F.);
#9496=ADVANCED_FACE('',(#644),#9158,.T.);
#9497=ADVANCED_FACE('',(#645),#200,.F.);
#9498=ADVANCED_FACE('',(#646),#9159,.T.);
#9499=ADVANCED_FACE('',(#647),#201,.F.);
#9500=ADVANCED_FACE('',(#648),#9160,.T.);
#9501=ADVANCED_FACE('',(#649),#202,.F.);
#9502=ADVANCED_FACE('',(#650),#9161,.T.);
#9503=ADVANCED_FACE('',(#651),#203,.F.);
#9504=ADVANCED_FACE('',(#652),#9162,.T.);
#9505=ADVANCED_FACE('',(#653),#204,.F.);
#9506=ADVANCED_FACE('',(#654),#9163,.T.);
#9507=ADVANCED_FACE('',(#655),#205,.F.);
#9508=ADVANCED_FACE('',(#656),#9164,.T.);
#9509=ADVANCED_FACE('',(#657),#206,.F.);
#9510=ADVANCED_FACE('',(#658),#9165,.T.);
#9511=ADVANCED_FACE('',(#659),#207,.F.);
#9512=ADVANCED_FACE('',(#660),#9166,.T.);
#9513=ADVANCED_FACE('',(#661),#208,.F.);
#9514=ADVANCED_FACE('',(#662),#9167,.T.);
#9515=ADVANCED_FACE('',(#663),#209,.F.);
#9516=ADVANCED_FACE('',(#664),#9168,.T.);
#9517=ADVANCED_FACE('',(#665),#210,.F.);
#9518=ADVANCED_FACE('',(#666),#9169,.T.);
#9519=ADVANCED_FACE('',(#667),#211,.F.);
#9520=ADVANCED_FACE('',(#668),#9170,.T.);
#9521=ADVANCED_FACE('',(#669),#212,.F.);
#9522=ADVANCED_FACE('',(#670),#9171,.T.);
#9523=ADVANCED_FACE('',(#671),#213,.F.);
#9524=ADVANCED_FACE('',(#672),#9172,.T.);
#9525=ADVANCED_FACE('',(#673),#9173,.T.);
#9526=ADVANCED_FACE('',(#674),#214,.F.);
#9527=ADVANCED_FACE('',(#675),#9174,.T.);
#9528=ADVANCED_FACE('',(#676),#215,.F.);
#9529=ADVANCED_FACE('',(#677),#9175,.T.);
#9530=ADVANCED_FACE('',(#678),#216,.F.);
#9531=ADVANCED_FACE('',(#679),#9176,.T.);
#9532=ADVANCED_FACE('',(#680),#9177,.T.);
#9533=ADVANCED_FACE('',(#681),#9178,.T.);
#9534=ADVANCED_FACE('',(#682),#217,.F.);
#9535=ADVANCED_FACE('',(#683),#9179,.T.);
#9536=ADVANCED_FACE('',(#684),#218,.F.);
#9537=ADVANCED_FACE('',(#685),#9180,.T.);
#9538=ADVANCED_FACE('',(#686),#9181,.T.);
#9539=ADVANCED_FACE('',(#687),#9182,.T.);
#9540=ADVANCED_FACE('',(#688),#219,.F.);
#9541=ADVANCED_FACE('',(#689),#9183,.T.);
#9542=ADVANCED_FACE('',(#690),#220,.F.);
#9543=ADVANCED_FACE('',(#691),#9184,.T.);
#9544=ADVANCED_FACE('',(#692),#9185,.T.);
#9545=ADVANCED_FACE('',(#693),#9186,.T.);
#9546=ADVANCED_FACE('',(#694),#221,.F.);
#9547=ADVANCED_FACE('',(#695),#9187,.T.);
#9548=ADVANCED_FACE('',(#696),#222,.F.);
#9549=ADVANCED_FACE('',(#697),#9188,.T.);
#9550=ADVANCED_FACE('',(#698),#9189,.T.);
#9551=ADVANCED_FACE('',(#699),#9190,.T.);
#9552=ADVANCED_FACE('',(#700),#223,.F.);
#9553=ADVANCED_FACE('',(#701),#9191,.T.);
#9554=ADVANCED_FACE('',(#702),#224,.F.);
#9555=ADVANCED_FACE('',(#703),#9192,.T.);
#9556=ADVANCED_FACE('',(#704),#9193,.T.);
#9557=ADVANCED_FACE('',(#705),#9194,.T.);
#9558=ADVANCED_FACE('',(#706),#225,.F.);
#9559=ADVANCED_FACE('',(#707),#9195,.T.);
#9560=ADVANCED_FACE('',(#708),#226,.F.);
#9561=ADVANCED_FACE('',(#709),#9196,.T.);
#9562=ADVANCED_FACE('',(#710),#9197,.T.);
#9563=ADVANCED_FACE('',(#711),#9198,.T.);
#9564=ADVANCED_FACE('',(#712),#227,.F.);
#9565=ADVANCED_FACE('',(#713),#9199,.T.);
#9566=ADVANCED_FACE('',(#714),#228,.F.);
#9567=ADVANCED_FACE('',(#715),#9200,.T.);
#9568=ADVANCED_FACE('',(#716),#9201,.T.);
#9569=ADVANCED_FACE('',(#717),#9202,.T.);
#9570=ADVANCED_FACE('',(#718),#229,.F.);
#9571=ADVANCED_FACE('',(#719),#9203,.T.);
#9572=ADVANCED_FACE('',(#720),#230,.F.);
#9573=ADVANCED_FACE('',(#721),#9204,.T.);
#9574=ADVANCED_FACE('',(#722),#9205,.T.);
#9575=ADVANCED_FACE('',(#723),#9206,.T.);
#9576=ADVANCED_FACE('',(#724),#231,.F.);
#9577=ADVANCED_FACE('',(#725),#9207,.T.);
#9578=ADVANCED_FACE('',(#726),#232,.F.);
#9579=ADVANCED_FACE('',(#727),#9208,.T.);
#9580=ADVANCED_FACE('',(#728),#233,.F.);
#9581=ADVANCED_FACE('',(#729),#9209,.T.);
#9582=ADVANCED_FACE('',(#730),#234,.F.);
#9583=ADVANCED_FACE('',(#731),#9210,.T.);
#9584=ADVANCED_FACE('',(#732),#235,.F.);
#9585=ADVANCED_FACE('',(#733),#236,.F.);
#9586=ADVANCED_FACE('',(#734),#237,.F.);
#9587=ADVANCED_FACE('',(#735),#238,.F.);
#9588=ADVANCED_FACE('',(#736),#239,.F.);
#9589=ADVANCED_FACE('',(#737),#240,.F.);
#9590=ADVANCED_FACE('',(#738),#9211,.F.);
#9591=ADVANCED_FACE('',(#739),#241,.F.);
#9592=ADVANCED_FACE('',(#740),#9212,.F.);
#9593=ADVANCED_FACE('',(#741),#242,.F.);
#9594=ADVANCED_FACE('',(#742),#243,.F.);
#9595=ADVANCED_FACE('',(#743),#244,.F.);
#9596=ADVANCED_FACE('',(#744),#245,.F.);
#9597=ADVANCED_FACE('',(#745),#246,.F.);
#9598=ADVANCED_FACE('',(#746),#247,.F.);
#9599=ADVANCED_FACE('',(#747),#9213,.F.);
#9600=ADVANCED_FACE('',(#748),#248,.F.);
#9601=ADVANCED_FACE('',(#749),#9214,.F.);
#9602=ADVANCED_FACE('',(#750),#249,.F.);
#9603=ADVANCED_FACE('',(#751),#250,.F.);
#9604=ADVANCED_FACE('',(#752),#251,.F.);
#9605=ADVANCED_FACE('',(#753),#252,.F.);
#9606=ADVANCED_FACE('',(#754),#253,.F.);
#9607=ADVANCED_FACE('',(#755),#254,.F.);
#9608=ADVANCED_FACE('',(#756),#9215,.F.);
#9609=ADVANCED_FACE('',(#757),#255,.F.);
#9610=ADVANCED_FACE('',(#758),#9216,.F.);
#9611=ADVANCED_FACE('',(#759),#256,.F.);
#9612=ADVANCED_FACE('',(#760),#257,.F.);
#9613=ADVANCED_FACE('',(#761),#258,.F.);
#9614=ADVANCED_FACE('',(#762),#259,.F.);
#9615=ADVANCED_FACE('',(#763),#260,.F.);
#9616=ADVANCED_FACE('',(#764),#261,.F.);
#9617=ADVANCED_FACE('',(#765),#9217,.F.);
#9618=ADVANCED_FACE('',(#766),#262,.F.);
#9619=ADVANCED_FACE('',(#767),#9218,.F.);
#9620=ADVANCED_FACE('',(#768),#263,.F.);
#9621=ADVANCED_FACE('',(#769),#264,.F.);
#9622=ADVANCED_FACE('',(#770),#265,.F.);
#9623=ADVANCED_FACE('',(#771),#266,.F.);
#9624=ADVANCED_FACE('',(#772),#267,.F.);
#9625=ADVANCED_FACE('',(#773),#268,.F.);
#9626=ADVANCED_FACE('',(#774),#9219,.F.);
#9627=ADVANCED_FACE('',(#775),#269,.F.);
#9628=ADVANCED_FACE('',(#776),#9220,.F.);
#9629=ADVANCED_FACE('',(#777),#270,.F.);
#9630=ADVANCED_FACE('',(#778),#271,.F.);
#9631=ADVANCED_FACE('',(#779),#272,.F.);
#9632=ADVANCED_FACE('',(#780),#273,.F.);
#9633=ADVANCED_FACE('',(#781),#274,.F.);
#9634=ADVANCED_FACE('',(#782),#275,.F.);
#9635=ADVANCED_FACE('',(#783),#9221,.F.);
#9636=ADVANCED_FACE('',(#784),#276,.F.);
#9637=ADVANCED_FACE('',(#785),#9222,.F.);
#9638=ADVANCED_FACE('',(#786),#277,.F.);
#9639=ADVANCED_FACE('',(#787),#278,.F.);
#9640=ADVANCED_FACE('',(#788),#279,.F.);
#9641=ADVANCED_FACE('',(#789),#280,.F.);
#9642=ADVANCED_FACE('',(#790),#281,.F.);
#9643=ADVANCED_FACE('',(#791),#282,.F.);
#9644=ADVANCED_FACE('',(#792),#9223,.F.);
#9645=ADVANCED_FACE('',(#793),#283,.F.);
#9646=ADVANCED_FACE('',(#794),#9224,.F.);
#9647=ADVANCED_FACE('',(#795),#284,.F.);
#9648=ADVANCED_FACE('',(#796),#285,.F.);
#9649=ADVANCED_FACE('',(#797),#286,.F.);
#9650=ADVANCED_FACE('',(#798),#287,.F.);
#9651=ADVANCED_FACE('',(#799),#288,.F.);
#9652=ADVANCED_FACE('',(#800),#289,.F.);
#9653=ADVANCED_FACE('',(#801),#9225,.F.);
#9654=ADVANCED_FACE('',(#802),#290,.F.);
#9655=ADVANCED_FACE('',(#803),#9226,.F.);
#9656=ADVANCED_FACE('',(#804),#291,.F.);
#9657=ADVANCED_FACE('',(#805),#292,.F.);
#9658=ADVANCED_FACE('',(#806),#293,.F.);
#9659=ADVANCED_FACE('',(#807),#294,.F.);
#9660=ADVANCED_FACE('',(#808),#295,.F.);
#9661=ADVANCED_FACE('',(#809),#296,.F.);
#9662=ADVANCED_FACE('',(#810),#9227,.F.);
#9663=ADVANCED_FACE('',(#811),#297,.F.);
#9664=ADVANCED_FACE('',(#812),#9228,.F.);
#9665=ADVANCED_FACE('',(#813),#298,.F.);
#9666=ADVANCED_FACE('',(#814),#299,.F.);
#9667=ADVANCED_FACE('',(#815),#300,.F.);
#9668=ADVANCED_FACE('',(#816),#301,.F.);
#9669=ADVANCED_FACE('',(#817),#302,.F.);
#9670=ADVANCED_FACE('',(#818),#303,.F.);
#9671=ADVANCED_FACE('',(#819),#9229,.F.);
#9672=ADVANCED_FACE('',(#820),#304,.F.);
#9673=ADVANCED_FACE('',(#821),#9230,.F.);
#9674=ADVANCED_FACE('',(#822),#305,.F.);
#9675=ADVANCED_FACE('',(#823),#306,.F.);
#9676=ADVANCED_FACE('',(#824),#307,.F.);
#9677=ADVANCED_FACE('',(#825),#308,.F.);
#9678=ADVANCED_FACE('',(#826),#309,.F.);
#9679=ADVANCED_FACE('',(#827),#310,.F.);
#9680=ADVANCED_FACE('',(#828),#9231,.F.);
#9681=ADVANCED_FACE('',(#829),#311,.F.);
#9682=ADVANCED_FACE('',(#830),#9232,.F.);
#9683=ADVANCED_FACE('',(#831),#312,.F.);
#9684=ADVANCED_FACE('',(#832),#313,.F.);
#9685=ADVANCED_FACE('',(#833),#314,.F.);
#9686=ADVANCED_FACE('',(#834),#315,.F.);
#9687=ADVANCED_FACE('',(#835),#316,.F.);
#9688=ADVANCED_FACE('',(#836),#317,.F.);
#9689=ADVANCED_FACE('',(#837),#9233,.F.);
#9690=ADVANCED_FACE('',(#838),#318,.F.);
#9691=ADVANCED_FACE('',(#839),#9234,.F.);
#9692=ADVANCED_FACE('',(#840),#319,.F.);
#9693=ADVANCED_FACE('',(#841),#320,.F.);
#9694=ADVANCED_FACE('',(#842),#321,.F.);
#9695=ADVANCED_FACE('',(#843),#322,.F.);
#9696=ADVANCED_FACE('',(#844),#323,.F.);
#9697=ADVANCED_FACE('',(#845),#324,.F.);
#9698=ADVANCED_FACE('',(#846),#9235,.F.);
#9699=ADVANCED_FACE('',(#847),#325,.F.);
#9700=ADVANCED_FACE('',(#848),#9236,.F.);
#9701=ADVANCED_FACE('',(#849),#326,.F.);
#9702=ADVANCED_FACE('',(#850),#327,.F.);
#9703=ADVANCED_FACE('',(#851),#328,.F.);
#9704=ADVANCED_FACE('',(#852),#329,.F.);
#9705=ADVANCED_FACE('',(#853),#330,.F.);
#9706=ADVANCED_FACE('',(#854),#331,.F.);
#9707=ADVANCED_FACE('',(#855),#9237,.F.);
#9708=ADVANCED_FACE('',(#856),#332,.F.);
#9709=ADVANCED_FACE('',(#857),#9238,.F.);
#9710=ADVANCED_FACE('',(#858),#333,.F.);
#9711=ADVANCED_FACE('',(#859),#334,.F.);
#9712=ADVANCED_FACE('',(#860),#335,.F.);
#9713=ADVANCED_FACE('',(#861),#336,.F.);
#9714=ADVANCED_FACE('',(#862),#337,.F.);
#9715=ADVANCED_FACE('',(#863),#338,.F.);
#9716=ADVANCED_FACE('',(#864),#9239,.F.);
#9717=ADVANCED_FACE('',(#865),#339,.F.);
#9718=ADVANCED_FACE('',(#866),#9240,.F.);
#9719=ADVANCED_FACE('',(#867),#340,.F.);
#9720=ADVANCED_FACE('',(#868),#341,.F.);
#9721=ADVANCED_FACE('',(#869),#342,.F.);
#9722=ADVANCED_FACE('',(#870),#343,.F.);
#9723=ADVANCED_FACE('',(#871),#344,.F.);
#9724=ADVANCED_FACE('',(#872),#345,.F.);
#9725=ADVANCED_FACE('',(#873),#9241,.F.);
#9726=ADVANCED_FACE('',(#874),#346,.F.);
#9727=ADVANCED_FACE('',(#875),#9242,.F.);
#9728=ADVANCED_FACE('',(#876),#347,.F.);
#9729=ADVANCED_FACE('',(#877),#348,.F.);
#9730=ADVANCED_FACE('',(#878),#349,.F.);
#9731=ADVANCED_FACE('',(#879),#350,.F.);
#9732=ADVANCED_FACE('',(#880),#351,.F.);
#9733=ADVANCED_FACE('',(#881),#352,.F.);
#9734=ADVANCED_FACE('',(#882),#9243,.F.);
#9735=ADVANCED_FACE('',(#883),#353,.F.);
#9736=ADVANCED_FACE('',(#884),#9244,.F.);
#9737=ADVANCED_FACE('',(#885),#9245,.T.);
#9738=ADVANCED_FACE('',(#886),#9246,.T.);
#9739=ADVANCED_FACE('',(#887),#354,.F.);
#9740=ADVANCED_FACE('',(#888),#9247,.T.);
#9741=ADVANCED_FACE('',(#889),#355,.F.);
#9742=ADVANCED_FACE('',(#890),#9248,.T.);
#9743=ADVANCED_FACE('',(#891),#356,.F.);
#9744=ADVANCED_FACE('',(#892),#9249,.T.);
#9745=ADVANCED_FACE('',(#893),#357,.F.);
#9746=ADVANCED_FACE('',(#894),#358,.F.);
#9747=ADVANCED_FACE('',(#895),#359,.F.);
#9748=ADVANCED_FACE('',(#896),#360,.F.);
#9749=ADVANCED_FACE('',(#897),#361,.F.);
#9750=ADVANCED_FACE('',(#898),#362,.F.);
#9751=ADVANCED_FACE('',(#899),#9250,.F.);
#9752=ADVANCED_FACE('',(#900),#363,.F.);
#9753=ADVANCED_FACE('',(#901),#9251,.F.);
#9754=ADVANCED_FACE('',(#902),#364,.F.);
#9755=ADVANCED_FACE('',(#903),#9252,.F.);
#9756=CLOSED_SHELL('',(#9253,#9254,#9255,#9256,#9257,#9258,#9259,#9260,
#9261,#9262,#9263,#9264,#9265,#9266,#9267,#9268,#9269,#9270,#9271,#9272,
#9273,#9274,#9275,#9276,#9277,#9278,#9279,#9280,#9281,#9282,#9283,#9284,
#9285,#9286,#9287,#9288,#9289,#9290,#9291,#9292,#9293,#9294,#9295,#9296,
#9297,#9298,#9299,#9300,#9301,#9302,#9303,#9304,#9305,#9306,#9307,#9308,
#9309,#9310,#9311,#9312,#9313,#9314,#9315,#9316,#9317,#9318,#9319,#9320,
#9321,#9322,#9323,#9324,#9325,#9326,#9327,#9328,#9329,#9330,#9331,#9332,
#9333,#9334,#9335,#9336,#9337,#9338,#9339,#9340,#9341,#9342,#9343,#9344,
#9345,#9346,#9347,#9348,#9349,#9350,#9351,#9352,#9353,#9354,#9355,#9356,
#9357,#9358,#9359,#9360,#9361,#9362,#9363,#9364,#9365,#9366,#9367,#9368,
#9369,#9370,#9371,#9372,#9373,#9374,#9375,#9376,#9377,#9378,#9379,#9380,
#9381,#9382,#9383,#9384,#9385,#9386,#9387,#9388,#9389,#9390,#9391,#9392,
#9393,#9394,#9395,#9396,#9397,#9398,#9399,#9400,#9401,#9402,#9403,#9404,
#9405,#9406,#9407,#9408,#9409,#9410,#9411,#9412,#9413,#9414,#9415,#9416,
#9417,#9418,#9419,#9420,#9421,#9422,#9423,#9424,#9425,#9426,#9427,#9428,
#9429,#9430,#9431,#9432,#9433,#9434,#9435,#9436,#9437,#9438,#9439,#9440,
#9441,#9442,#9443,#9444,#9445,#9446,#9447,#9448,#9449,#9450,#9451,#9452,
#9453,#9454,#9455,#9456,#9457,#9458,#9459,#9460,#9461,#9462,#9463,#9464,
#9465,#9466,#9467,#9468,#9469,#9470,#9471,#9472,#9473,#9474,#9475,#9476,
#9477,#9478,#9479,#9480,#9481,#9482,#9483,#9484,#9485,#9486,#9487,#9488,
#9489,#9490,#9491,#9492,#9493,#9494,#9495,#9496,#9497,#9498,#9499,#9500,
#9501,#9502,#9503,#9504,#9505,#9506,#9507,#9508,#9509,#9510,#9511,#9512,
#9513,#9514,#9515,#9516,#9517,#9518,#9519,#9520,#9521,#9522,#9523,#9524,
#9525,#9526,#9527,#9528,#9529,#9530,#9531,#9532,#9533,#9534,#9535,#9536,
#9537,#9538,#9539,#9540,#9541,#9542,#9543,#9544,#9545,#9546,#9547,#9548,
#9549,#9550,#9551,#9552,#9553,#9554,#9555,#9556,#9557,#9558,#9559,#9560,
#9561,#9562,#9563,#9564,#9565,#9566,#9567,#9568,#9569,#9570,#9571,#9572,
#9573,#9574,#9575,#9576,#9577,#9578,#9579,#9580,#9581,#9582,#9583,#9584,
#9585,#9586,#9587,#9588,#9589,#9590,#9591,#9592,#9593,#9594,#9595,#9596,
#9597,#9598,#9599,#9600,#9601,#9602,#9603,#9604,#9605,#9606,#9607,#9608,
#9609,#9610,#9611,#9612,#9613,#9614,#9615,#9616,#9617,#9618,#9619,#9620,
#9621,#9622,#9623,#9624,#9625,#9626,#9627,#9628,#9629,#9630,#9631,#9632,
#9633,#9634,#9635,#9636,#9637,#9638,#9639,#9640,#9641,#9642,#9643,#9644,
#9645,#9646,#9647,#9648,#9649,#9650,#9651,#9652,#9653,#9654,#9655,#9656,
#9657,#9658,#9659,#9660,#9661,#9662,#9663,#9664,#9665,#9666,#9667,#9668,
#9669,#9670,#9671,#9672,#9673,#9674,#9675,#9676,#9677,#9678,#9679,#9680,
#9681,#9682,#9683,#9684,#9685,#9686,#9687,#9688,#9689,#9690,#9691,#9692,
#9693,#9694,#9695,#9696,#9697,#9698,#9699,#9700,#9701,#9702,#9703,#9704,
#9705,#9706,#9707,#9708,#9709,#9710,#9711,#9712,#9713,#9714,#9715,#9716,
#9717,#9718,#9719,#9720,#9721,#9722,#9723,#9724,#9725,#9726,#9727,#9728,
#9729,#9730,#9731,#9732,#9733,#9734,#9735,#9736,#9737,#9738,#9739,#9740,
#9741,#9742,#9743,#9744,#9745,#9746,#9747,#9748,#9749,#9750,#9751,#9752,
#9753,#9754,#9755));
#9757=DERIVED_UNIT_ELEMENT(#9760,1.);
#9758=DERIVED_UNIT_ELEMENT(#16983,-3.);
#9759=DIMENSIONAL_EXPONENTS(0.,1.,0.,0.,0.,0.,0.);
#9760=(
CONVERSION_BASED_UNIT('gram',#9762)
MASS_UNIT()
NAMED_UNIT(#9759)
);
#9761=(
MASS_UNIT()
NAMED_UNIT(*)
SI_UNIT(.KILO.,.GRAM.)
);
#9762=MASS_MEASURE_WITH_UNIT(MASS_MEASURE(0.001),#9761);
#9763=DERIVED_UNIT((#9757,#9758));
#9764=MEASURE_REPRESENTATION_ITEM('density measure',
POSITIVE_RATIO_MEASURE(1.),#9763);
#9765=PROPERTY_DEFINITION_REPRESENTATION(#9770,#9767);
#9766=PROPERTY_DEFINITION_REPRESENTATION(#9771,#9768);
#9767=REPRESENTATION('material name',(#9769),#16980);
#9768=REPRESENTATION('density',(#9764),#16980);
#9769=DESCRIPTIVE_REPRESENTATION_ITEM('Generisch','Generisch');
#9770=PROPERTY_DEFINITION('material property','material name',#16990);
#9771=PROPERTY_DEFINITION('material property','density of part',#16990);
#9772=DATE_TIME_ROLE('creation_date');
#9773=APPLIED_DATE_AND_TIME_ASSIGNMENT(#9774,#9772,(#16990));
#9774=DATE_AND_TIME(#9775,#9776);
#9775=CALENDAR_DATE(2025,22,3);
#9776=LOCAL_TIME(0,0,0.,#9777);
#9777=COORDINATED_UNIVERSAL_TIME_OFFSET(0,0,.BEHIND.);
#9778=AXIS2_PLACEMENT_3D('',#13377,#10670,#10671);
#9779=AXIS2_PLACEMENT_3D('',#13378,#10672,#10673);
#9780=AXIS2_PLACEMENT_3D('',#13381,#10674,#10675);
#9781=AXIS2_PLACEMENT_3D('',#13405,#10678,#10679);
#9782=AXIS2_PLACEMENT_3D('',#13406,#10680,#10681);
#9783=AXIS2_PLACEMENT_3D('',#13407,#10682,#10683);
#9784=AXIS2_PLACEMENT_3D('',#13408,#10684,#10685);
#9785=AXIS2_PLACEMENT_3D('',#13411,#10686,#10687);
#9786=AXIS2_PLACEMENT_3D('',#13425,#10690,#10691);
#9787=AXIS2_PLACEMENT_3D('',#13426,#10692,#10693);
#9788=AXIS2_PLACEMENT_3D('',#13427,#10694,#10695);
#9789=AXIS2_PLACEMENT_3D('',#13428,#10696,#10697);
#9790=AXIS2_PLACEMENT_3D('',#13441,#10700,#10701);
#9791=AXIS2_PLACEMENT_3D('',#13442,#10702,#10703);
#9792=AXIS2_PLACEMENT_3D('',#13443,#10704,#10705);
#9793=AXIS2_PLACEMENT_3D('',#13446,#10706,#10707);
#9794=AXIS2_PLACEMENT_3D('',#13470,#10710,#10711);
#9795=AXIS2_PLACEMENT_3D('',#13471,#10712,#10713);
#9796=AXIS2_PLACEMENT_3D('',#13472,#10714,#10715);
#9797=AXIS2_PLACEMENT_3D('',#13473,#10716,#10717);
#9798=AXIS2_PLACEMENT_3D('',#13476,#10718,#10719);
#9799=AXIS2_PLACEMENT_3D('',#13490,#10722,#10723);
#9800=AXIS2_PLACEMENT_3D('',#13491,#10724,#10725);
#9801=AXIS2_PLACEMENT_3D('',#13492,#10726,#10727);
#9802=AXIS2_PLACEMENT_3D('',#13493,#10728,#10729);
#9803=AXIS2_PLACEMENT_3D('',#13506,#10732,#10733);
#9804=AXIS2_PLACEMENT_3D('',#13507,#10734,#10735);
#9805=AXIS2_PLACEMENT_3D('',#13508,#10736,#10737);
#9806=AXIS2_PLACEMENT_3D('',#13511,#10738,#10739);
#9807=AXIS2_PLACEMENT_3D('',#13535,#10742,#10743);
#9808=AXIS2_PLACEMENT_3D('',#13536,#10744,#10745);
#9809=AXIS2_PLACEMENT_3D('',#13537,#10746,#10747);
#9810=AXIS2_PLACEMENT_3D('',#13538,#10748,#10749);
#9811=AXIS2_PLACEMENT_3D('',#13541,#10750,#10751);
#9812=AXIS2_PLACEMENT_3D('',#13555,#10754,#10755);
#9813=AXIS2_PLACEMENT_3D('',#13556,#10756,#10757);
#9814=AXIS2_PLACEMENT_3D('',#13557,#10758,#10759);
#9815=AXIS2_PLACEMENT_3D('',#13558,#10760,#10761);
#9816=AXIS2_PLACEMENT_3D('',#13571,#10764,#10765);
#9817=AXIS2_PLACEMENT_3D('',#13572,#10766,#10767);
#9818=AXIS2_PLACEMENT_3D('',#13573,#10768,#10769);
#9819=AXIS2_PLACEMENT_3D('',#13576,#10770,#10771);
#9820=AXIS2_PLACEMENT_3D('',#13600,#10774,#10775);
#9821=AXIS2_PLACEMENT_3D('',#13601,#10776,#10777);
#9822=AXIS2_PLACEMENT_3D('',#13602,#10778,#10779);
#9823=AXIS2_PLACEMENT_3D('',#13603,#10780,#10781);
#9824=AXIS2_PLACEMENT_3D('',#13606,#10782,#10783);
#9825=AXIS2_PLACEMENT_3D('',#13620,#10786,#10787);
#9826=AXIS2_PLACEMENT_3D('',#13621,#10788,#10789);
#9827=AXIS2_PLACEMENT_3D('',#13622,#10790,#10791);
#9828=AXIS2_PLACEMENT_3D('',#13623,#10792,#10793);
#9829=AXIS2_PLACEMENT_3D('',#13636,#10796,#10797);
#9830=AXIS2_PLACEMENT_3D('',#13637,#10798,#10799);
#9831=AXIS2_PLACEMENT_3D('',#13638,#10800,#10801);
#9832=AXIS2_PLACEMENT_3D('',#13641,#10802,#10803);
#9833=AXIS2_PLACEMENT_3D('',#13665,#10806,#10807);
#9834=AXIS2_PLACEMENT_3D('',#13666,#10808,#10809);
#9835=AXIS2_PLACEMENT_3D('',#13667,#10810,#10811);
#9836=AXIS2_PLACEMENT_3D('',#13668,#10812,#10813);
#9837=AXIS2_PLACEMENT_3D('',#13671,#10814,#10815);
#9838=AXIS2_PLACEMENT_3D('',#13685,#10818,#10819);
#9839=AXIS2_PLACEMENT_3D('',#13686,#10820,#10821);
#9840=AXIS2_PLACEMENT_3D('',#13687,#10822,#10823);
#9841=AXIS2_PLACEMENT_3D('',#13688,#10824,#10825);
#9842=AXIS2_PLACEMENT_3D('',#13701,#10828,#10829);
#9843=AXIS2_PLACEMENT_3D('',#13702,#10830,#10831);
#9844=AXIS2_PLACEMENT_3D('',#13703,#10832,#10833);
#9845=AXIS2_PLACEMENT_3D('',#13706,#10834,#10835);
#9846=AXIS2_PLACEMENT_3D('',#13730,#10838,#10839);
#9847=AXIS2_PLACEMENT_3D('',#13731,#10840,#10841);
#9848=AXIS2_PLACEMENT_3D('',#13732,#10842,#10843);
#9849=AXIS2_PLACEMENT_3D('',#13733,#10844,#10845);
#9850=AXIS2_PLACEMENT_3D('',#13736,#10846,#10847);
#9851=AXIS2_PLACEMENT_3D('',#13750,#10850,#10851);
#9852=AXIS2_PLACEMENT_3D('',#13751,#10852,#10853);
#9853=AXIS2_PLACEMENT_3D('',#13752,#10854,#10855);
#9854=AXIS2_PLACEMENT_3D('',#13753,#10856,#10857);
#9855=AXIS2_PLACEMENT_3D('',#13766,#10860,#10861);
#9856=AXIS2_PLACEMENT_3D('',#13767,#10862,#10863);
#9857=AXIS2_PLACEMENT_3D('',#13768,#10864,#10865);
#9858=AXIS2_PLACEMENT_3D('',#13771,#10866,#10867);
#9859=AXIS2_PLACEMENT_3D('',#13795,#10870,#10871);
#9860=AXIS2_PLACEMENT_3D('',#13796,#10872,#10873);
#9861=AXIS2_PLACEMENT_3D('',#13797,#10874,#10875);
#9862=AXIS2_PLACEMENT_3D('',#13798,#10876,#10877);
#9863=AXIS2_PLACEMENT_3D('',#13801,#10878,#10879);
#9864=AXIS2_PLACEMENT_3D('',#13815,#10882,#10883);
#9865=AXIS2_PLACEMENT_3D('',#13816,#10884,#10885);
#9866=AXIS2_PLACEMENT_3D('',#13817,#10886,#10887);
#9867=AXIS2_PLACEMENT_3D('',#13818,#10888,#10889);
#9868=AXIS2_PLACEMENT_3D('',#13831,#10892,#10893);
#9869=AXIS2_PLACEMENT_3D('',#13832,#10894,#10895);
#9870=AXIS2_PLACEMENT_3D('',#13833,#10896,#10897);
#9871=AXIS2_PLACEMENT_3D('',#13836,#10898,#10899);
#9872=AXIS2_PLACEMENT_3D('',#13860,#10902,#10903);
#9873=AXIS2_PLACEMENT_3D('',#13861,#10904,#10905);
#9874=AXIS2_PLACEMENT_3D('',#13862,#10906,#10907);
#9875=AXIS2_PLACEMENT_3D('',#13863,#10908,#10909);
#9876=AXIS2_PLACEMENT_3D('',#13866,#10910,#10911);
#9877=AXIS2_PLACEMENT_3D('',#13880,#10914,#10915);
#9878=AXIS2_PLACEMENT_3D('',#13881,#10916,#10917);
#9879=AXIS2_PLACEMENT_3D('',#13882,#10918,#10919);
#9880=AXIS2_PLACEMENT_3D('',#13883,#10920,#10921);
#9881=AXIS2_PLACEMENT_3D('',#13896,#10924,#10925);
#9882=AXIS2_PLACEMENT_3D('',#13897,#10926,#10927);
#9883=AXIS2_PLACEMENT_3D('',#13898,#10928,#10929);
#9884=AXIS2_PLACEMENT_3D('',#13901,#10930,#10931);
#9885=AXIS2_PLACEMENT_3D('',#13925,#10934,#10935);
#9886=AXIS2_PLACEMENT_3D('',#13926,#10936,#10937);
#9887=AXIS2_PLACEMENT_3D('',#13927,#10938,#10939);
#9888=AXIS2_PLACEMENT_3D('',#13928,#10940,#10941);
#9889=AXIS2_PLACEMENT_3D('',#13931,#10942,#10943);
#9890=AXIS2_PLACEMENT_3D('',#13945,#10946,#10947);
#9891=AXIS2_PLACEMENT_3D('',#13946,#10948,#10949);
#9892=AXIS2_PLACEMENT_3D('',#13947,#10950,#10951);
#9893=AXIS2_PLACEMENT_3D('',#13948,#10952,#10953);
#9894=AXIS2_PLACEMENT_3D('',#13961,#10956,#10957);
#9895=AXIS2_PLACEMENT_3D('',#13962,#10958,#10959);
#9896=AXIS2_PLACEMENT_3D('',#13963,#10960,#10961);
#9897=AXIS2_PLACEMENT_3D('',#13966,#10962,#10963);
#9898=AXIS2_PLACEMENT_3D('',#13990,#10966,#10967);
#9899=AXIS2_PLACEMENT_3D('',#13991,#10968,#10969);
#9900=AXIS2_PLACEMENT_3D('',#13992,#10970,#10971);
#9901=AXIS2_PLACEMENT_3D('',#13993,#10972,#10973);
#9902=AXIS2_PLACEMENT_3D('',#13996,#10974,#10975);
#9903=AXIS2_PLACEMENT_3D('',#14010,#10978,#10979);
#9904=AXIS2_PLACEMENT_3D('',#14011,#10980,#10981);
#9905=AXIS2_PLACEMENT_3D('',#14012,#10982,#10983);
#9906=AXIS2_PLACEMENT_3D('',#14013,#10984,#10985);
#9907=AXIS2_PLACEMENT_3D('',#14026,#10988,#10989);
#9908=AXIS2_PLACEMENT_3D('',#14027,#10990,#10991);
#9909=AXIS2_PLACEMENT_3D('',#14028,#10992,#10993);
#9910=AXIS2_PLACEMENT_3D('',#14031,#10994,#10995);
#9911=AXIS2_PLACEMENT_3D('',#14055,#10998,#10999);
#9912=AXIS2_PLACEMENT_3D('',#14056,#11000,#11001);
#9913=AXIS2_PLACEMENT_3D('',#14057,#11002,#11003);
#9914=AXIS2_PLACEMENT_3D('',#14058,#11004,#11005);
#9915=AXIS2_PLACEMENT_3D('',#14061,#11006,#11007);
#9916=AXIS2_PLACEMENT_3D('',#14075,#11010,#11011);
#9917=AXIS2_PLACEMENT_3D('',#14076,#11012,#11013);
#9918=AXIS2_PLACEMENT_3D('',#14077,#11014,#11015);
#9919=AXIS2_PLACEMENT_3D('',#14078,#11016,#11017);
#9920=AXIS2_PLACEMENT_3D('',#14091,#11020,#11021);
#9921=AXIS2_PLACEMENT_3D('',#14092,#11022,#11023);
#9922=AXIS2_PLACEMENT_3D('',#14093,#11024,#11025);
#9923=AXIS2_PLACEMENT_3D('',#14096,#11026,#11027);
#9924=AXIS2_PLACEMENT_3D('',#14120,#11030,#11031);
#9925=AXIS2_PLACEMENT_3D('',#14121,#11032,#11033);
#9926=AXIS2_PLACEMENT_3D('',#14122,#11034,#11035);
#9927=AXIS2_PLACEMENT_3D('',#14123,#11036,#11037);
#9928=AXIS2_PLACEMENT_3D('',#14126,#11038,#11039);
#9929=AXIS2_PLACEMENT_3D('',#14140,#11042,#11043);
#9930=AXIS2_PLACEMENT_3D('',#14141,#11044,#11045);
#9931=AXIS2_PLACEMENT_3D('',#14142,#11046,#11047);
#9932=AXIS2_PLACEMENT_3D('',#14143,#11048,#11049);
#9933=AXIS2_PLACEMENT_3D('',#14156,#11052,#11053);
#9934=AXIS2_PLACEMENT_3D('',#14157,#11054,#11055);
#9935=AXIS2_PLACEMENT_3D('',#14158,#11056,#11057);
#9936=AXIS2_PLACEMENT_3D('',#14161,#11058,#11059);
#9937=AXIS2_PLACEMENT_3D('',#14185,#11062,#11063);
#9938=AXIS2_PLACEMENT_3D('',#14186,#11064,#11065);
#9939=AXIS2_PLACEMENT_3D('',#14187,#11066,#11067);
#9940=AXIS2_PLACEMENT_3D('',#14188,#11068,#11069);
#9941=AXIS2_PLACEMENT_3D('',#14191,#11070,#11071);
#9942=AXIS2_PLACEMENT_3D('',#14205,#11074,#11075);
#9943=AXIS2_PLACEMENT_3D('',#14206,#11076,#11077);
#9944=AXIS2_PLACEMENT_3D('',#14207,#11078,#11079);
#9945=AXIS2_PLACEMENT_3D('',#14208,#11080,#11081);
#9946=AXIS2_PLACEMENT_3D('',#14221,#11084,#11085);
#9947=AXIS2_PLACEMENT_3D('',#14222,#11086,#11087);
#9948=AXIS2_PLACEMENT_3D('',#14223,#11088,#11089);
#9949=AXIS2_PLACEMENT_3D('',#14226,#11090,#11091);
#9950=AXIS2_PLACEMENT_3D('',#14250,#11094,#11095);
#9951=AXIS2_PLACEMENT_3D('',#14251,#11096,#11097);
#9952=AXIS2_PLACEMENT_3D('',#14252,#11098,#11099);
#9953=AXIS2_PLACEMENT_3D('',#14253,#11100,#11101);
#9954=AXIS2_PLACEMENT_3D('',#14256,#11102,#11103);
#9955=AXIS2_PLACEMENT_3D('',#14270,#11106,#11107);
#9956=AXIS2_PLACEMENT_3D('',#14271,#11108,#11109);
#9957=AXIS2_PLACEMENT_3D('',#14272,#11110,#11111);
#9958=AXIS2_PLACEMENT_3D('',#14273,#11112,#11113);
#9959=AXIS2_PLACEMENT_3D('',#14286,#11116,#11117);
#9960=AXIS2_PLACEMENT_3D('',#14287,#11118,#11119);
#9961=AXIS2_PLACEMENT_3D('',#14288,#11120,#11121);
#9962=AXIS2_PLACEMENT_3D('',#14291,#11122,#11123);
#9963=AXIS2_PLACEMENT_3D('',#14315,#11126,#11127);
#9964=AXIS2_PLACEMENT_3D('',#14316,#11128,#11129);
#9965=AXIS2_PLACEMENT_3D('',#14317,#11130,#11131);
#9966=AXIS2_PLACEMENT_3D('',#14318,#11132,#11133);
#9967=AXIS2_PLACEMENT_3D('',#14321,#11134,#11135);
#9968=AXIS2_PLACEMENT_3D('',#14335,#11138,#11139);
#9969=AXIS2_PLACEMENT_3D('',#14336,#11140,#11141);
#9970=AXIS2_PLACEMENT_3D('',#14337,#11142,#11143);
#9971=AXIS2_PLACEMENT_3D('',#14338,#11144,#11145);
#9972=AXIS2_PLACEMENT_3D('',#14351,#11148,#11149);
#9973=AXIS2_PLACEMENT_3D('',#14352,#11150,#11151);
#9974=AXIS2_PLACEMENT_3D('',#14353,#11152,#11153);
#9975=AXIS2_PLACEMENT_3D('',#14356,#11154,#11155);
#9976=AXIS2_PLACEMENT_3D('',#14380,#11158,#11159);
#9977=AXIS2_PLACEMENT_3D('',#14381,#11160,#11161);
#9978=AXIS2_PLACEMENT_3D('',#14382,#11162,#11163);
#9979=AXIS2_PLACEMENT_3D('',#14383,#11164,#11165);
#9980=AXIS2_PLACEMENT_3D('',#14386,#11166,#11167);
#9981=AXIS2_PLACEMENT_3D('',#14400,#11170,#11171);
#9982=AXIS2_PLACEMENT_3D('',#14401,#11172,#11173);
#9983=AXIS2_PLACEMENT_3D('',#14402,#11174,#11175);
#9984=AXIS2_PLACEMENT_3D('',#14403,#11176,#11177);
#9985=AXIS2_PLACEMENT_3D('',#14416,#11180,#11181);
#9986=AXIS2_PLACEMENT_3D('',#14417,#11182,#11183);
#9987=AXIS2_PLACEMENT_3D('',#14418,#11184,#11185);
#9988=AXIS2_PLACEMENT_3D('',#14421,#11186,#11187);
#9989=AXIS2_PLACEMENT_3D('',#14445,#11190,#11191);
#9990=AXIS2_PLACEMENT_3D('',#14446,#11192,#11193);
#9991=AXIS2_PLACEMENT_3D('',#14447,#11194,#11195);
#9992=AXIS2_PLACEMENT_3D('',#14448,#11196,#11197);
#9993=AXIS2_PLACEMENT_3D('',#14451,#11198,#11199);
#9994=AXIS2_PLACEMENT_3D('',#14465,#11202,#11203);
#9995=AXIS2_PLACEMENT_3D('',#14466,#11204,#11205);
#9996=AXIS2_PLACEMENT_3D('',#14467,#11206,#11207);
#9997=AXIS2_PLACEMENT_3D('',#14468,#11208,#11209);
#9998=AXIS2_PLACEMENT_3D('',#14481,#11212,#11213);
#9999=AXIS2_PLACEMENT_3D('',#14482,#11214,#11215);
#10000=AXIS2_PLACEMENT_3D('',#14483,#11216,#11217);
#10001=AXIS2_PLACEMENT_3D('',#14486,#11218,#11219);
#10002=AXIS2_PLACEMENT_3D('',#14510,#11222,#11223);
#10003=AXIS2_PLACEMENT_3D('',#14511,#11224,#11225);
#10004=AXIS2_PLACEMENT_3D('',#14512,#11226,#11227);
#10005=AXIS2_PLACEMENT_3D('',#14513,#11228,#11229);
#10006=AXIS2_PLACEMENT_3D('',#14516,#11230,#11231);
#10007=AXIS2_PLACEMENT_3D('',#14530,#11234,#11235);
#10008=AXIS2_PLACEMENT_3D('',#14531,#11236,#11237);
#10009=AXIS2_PLACEMENT_3D('',#14532,#11238,#11239);
#10010=AXIS2_PLACEMENT_3D('',#14533,#11240,#11241);
#10011=AXIS2_PLACEMENT_3D('',#14546,#11244,#11245);
#10012=AXIS2_PLACEMENT_3D('',#14547,#11246,#11247);
#10013=AXIS2_PLACEMENT_3D('',#14548,#11248,#11249);
#10014=AXIS2_PLACEMENT_3D('',#14557,#11254,#11255);
#10015=AXIS2_PLACEMENT_3D('',#14563,#11259,#11260);
#10016=AXIS2_PLACEMENT_3D('',#14569,#11264,#11265);
#10017=AXIS2_PLACEMENT_3D('',#14575,#11269,#11270);
#10018=AXIS2_PLACEMENT_3D('',#14581,#11274,#11275);
#10019=AXIS2_PLACEMENT_3D('',#14584,#11278,#11279);
#10020=AXIS2_PLACEMENT_3D('',#14586,#11280,#11281);
#10021=AXIS2_PLACEMENT_3D('',#14587,#11282,#11283);
#10022=AXIS2_PLACEMENT_3D('',#14596,#11288,#11289);
#10023=AXIS2_PLACEMENT_3D('',#14602,#11293,#11294);
#10024=AXIS2_PLACEMENT_3D('',#14608,#11298,#11299);
#10025=AXIS2_PLACEMENT_3D('',#14614,#11303,#11304);
#10026=AXIS2_PLACEMENT_3D('',#14620,#11308,#11309);
#10027=AXIS2_PLACEMENT_3D('',#14623,#11312,#11313);
#10028=AXIS2_PLACEMENT_3D('',#14625,#11314,#11315);
#10029=AXIS2_PLACEMENT_3D('',#14626,#11316,#11317);
#10030=AXIS2_PLACEMENT_3D('',#14635,#11322,#11323);
#10031=AXIS2_PLACEMENT_3D('',#14641,#11327,#11328);
#10032=AXIS2_PLACEMENT_3D('',#14647,#11332,#11333);
#10033=AXIS2_PLACEMENT_3D('',#14653,#11337,#11338);
#10034=AXIS2_PLACEMENT_3D('',#14659,#11342,#11343);
#10035=AXIS2_PLACEMENT_3D('',#14662,#11346,#11347);
#10036=AXIS2_PLACEMENT_3D('',#14664,#11348,#11349);
#10037=AXIS2_PLACEMENT_3D('',#14665,#11350,#11351);
#10038=AXIS2_PLACEMENT_3D('',#14674,#11356,#11357);
#10039=AXIS2_PLACEMENT_3D('',#14680,#11361,#11362);
#10040=AXIS2_PLACEMENT_3D('',#14686,#11366,#11367);
#10041=AXIS2_PLACEMENT_3D('',#14692,#11371,#11372);
#10042=AXIS2_PLACEMENT_3D('',#14698,#11376,#11377);
#10043=AXIS2_PLACEMENT_3D('',#14701,#11380,#11381);
#10044=AXIS2_PLACEMENT_3D('',#14703,#11382,#11383);
#10045=AXIS2_PLACEMENT_3D('',#14704,#11384,#11385);
#10046=AXIS2_PLACEMENT_3D('',#14706,#11386,#11387);
#10047=AXIS2_PLACEMENT_3D('',#14708,#11389,#11390);
#10048=AXIS2_PLACEMENT_3D('',#14710,#11391,#11392);
#10049=AXIS2_PLACEMENT_3D('',#14712,#11394,#11395);
#10050=AXIS2_PLACEMENT_3D('',#14714,#11396,#11397);
#10051=AXIS2_PLACEMENT_3D('',#14716,#11399,#11400);
#10052=AXIS2_PLACEMENT_3D('',#14718,#11401,#11402);
#10053=AXIS2_PLACEMENT_3D('',#14720,#11404,#11405);
#10054=AXIS2_PLACEMENT_3D('',#14723,#11406,#11407);
#10055=AXIS2_PLACEMENT_3D('',#14726,#11410,#11411);
#10056=AXIS2_PLACEMENT_3D('',#14729,#11412,#11413);
#10057=AXIS2_PLACEMENT_3D('',#14732,#11416,#11417);
#10058=AXIS2_PLACEMENT_3D('',#14735,#11418,#11419);
#10059=AXIS2_PLACEMENT_3D('',#14738,#11422,#11423);
#10060=AXIS2_PLACEMENT_3D('',#14741,#11424,#11425);
#10061=AXIS2_PLACEMENT_3D('',#14744,#11428,#11429);
#10062=AXIS2_PLACEMENT_3D('',#14747,#11430,#11431);
#10063=AXIS2_PLACEMENT_3D('',#14750,#11434,#11435);
#10064=AXIS2_PLACEMENT_3D('',#14753,#11436,#11437);
#10065=AXIS2_PLACEMENT_3D('',#14756,#11440,#11441);
#10066=AXIS2_PLACEMENT_3D('',#14759,#11442,#11443);
#10067=AXIS2_PLACEMENT_3D('',#14762,#11446,#11447);
#10068=AXIS2_PLACEMENT_3D('',#14765,#11448,#11449);
#10069=AXIS2_PLACEMENT_3D('',#14768,#11452,#11453);
#10070=AXIS2_PLACEMENT_3D('',#14771,#11454,#11455);
#10071=AXIS2_PLACEMENT_3D('',#14774,#11458,#11459);
#10072=AXIS2_PLACEMENT_3D('',#14777,#11460,#11461);
#10073=AXIS2_PLACEMENT_3D('',#14780,#11464,#11465);
#10074=AXIS2_PLACEMENT_3D('',#14783,#11466,#11467);
#10075=AXIS2_PLACEMENT_3D('',#14786,#11470,#11471);
#10076=AXIS2_PLACEMENT_3D('',#14789,#11472,#11473);
#10077=AXIS2_PLACEMENT_3D('',#14792,#11476,#11477);
#10078=AXIS2_PLACEMENT_3D('',#14795,#11478,#11479);
#10079=AXIS2_PLACEMENT_3D('',#14798,#11482,#11483);
#10080=AXIS2_PLACEMENT_3D('',#14801,#11484,#11485);
#10081=AXIS2_PLACEMENT_3D('',#14804,#11488,#11489);
#10082=AXIS2_PLACEMENT_3D('',#14807,#11490,#11491);
#10083=AXIS2_PLACEMENT_3D('',#14810,#11494,#11495);
#10084=AXIS2_PLACEMENT_3D('',#14813,#11496,#11497);
#10085=AXIS2_PLACEMENT_3D('',#14816,#11500,#11501);
#10086=AXIS2_PLACEMENT_3D('',#14819,#11502,#11503);
#10087=AXIS2_PLACEMENT_3D('',#14822,#11506,#11507);
#10088=AXIS2_PLACEMENT_3D('',#14828,#11510,#11511);
#10089=AXIS2_PLACEMENT_3D('',#14832,#11513,#11514);
#10090=AXIS2_PLACEMENT_3D('',#14836,#11516,#11517);
#10091=AXIS2_PLACEMENT_3D('',#14841,#11520,#11521);
#10092=AXIS2_PLACEMENT_3D('',#14846,#11524,#11525);
#10093=AXIS2_PLACEMENT_3D('',#14851,#11528,#11529);
#10094=AXIS2_PLACEMENT_3D('',#14856,#11532,#11533);
#10095=AXIS2_PLACEMENT_3D('',#14861,#11536,#11537);
#10096=AXIS2_PLACEMENT_3D('',#14866,#11540,#11541);
#10097=AXIS2_PLACEMENT_3D('',#14871,#11544,#11545);
#10098=AXIS2_PLACEMENT_3D('',#14876,#11548,#11549);
#10099=AXIS2_PLACEMENT_3D('',#14881,#11552,#11553);
#10100=AXIS2_PLACEMENT_3D('',#14886,#11556,#11557);
#10101=AXIS2_PLACEMENT_3D('',#14891,#11560,#11561);
#10102=AXIS2_PLACEMENT_3D('',#14896,#11564,#11565);
#10103=AXIS2_PLACEMENT_3D('',#14901,#11568,#11569);
#10104=AXIS2_PLACEMENT_3D('',#14906,#11572,#11573);
#10105=AXIS2_PLACEMENT_3D('',#14911,#11576,#11577);
#10106=AXIS2_PLACEMENT_3D('',#14915,#11580,#11581);
#10107=AXIS2_PLACEMENT_3D('',#14917,#11582,#11583);
#10108=AXIS2_PLACEMENT_3D('',#14918,#11584,#11585);
#10109=AXIS2_PLACEMENT_3D('',#14928,#11586,#11587);
#10110=AXIS2_PLACEMENT_3D('',#14936,#11588,#11589);
#10111=AXIS2_PLACEMENT_3D('',#14950,#11590,#11591);
#10112=AXIS2_PLACEMENT_3D('',#14954,#11592,#11593);
#10113=AXIS2_PLACEMENT_3D('',#14968,#11594,#11595);
#10114=AXIS2_PLACEMENT_3D('',#14972,#11596,#11597);
#10115=AXIS2_PLACEMENT_3D('',#14986,#11598,#11599);
#10116=AXIS2_PLACEMENT_3D('',#14990,#11600,#11601);
#10117=AXIS2_PLACEMENT_3D('',#15004,#11602,#11603);
#10118=AXIS2_PLACEMENT_3D('',#15008,#11604,#11605);
#10119=AXIS2_PLACEMENT_3D('',#15022,#11606,#11607);
#10120=AXIS2_PLACEMENT_3D('',#15026,#11608,#11609);
#10121=AXIS2_PLACEMENT_3D('',#15040,#11610,#11611);
#10122=AXIS2_PLACEMENT_3D('',#15044,#11612,#11613);
#10123=AXIS2_PLACEMENT_3D('',#15058,#11614,#11615);
#10124=AXIS2_PLACEMENT_3D('',#15062,#11616,#11617);
#10125=AXIS2_PLACEMENT_3D('',#15076,#11618,#11619);
#10126=AXIS2_PLACEMENT_3D('',#15080,#11620,#11621);
#10127=AXIS2_PLACEMENT_3D('',#15094,#11622,#11623);
#10128=AXIS2_PLACEMENT_3D('',#15098,#11624,#11625);
#10129=AXIS2_PLACEMENT_3D('',#15112,#11626,#11627);
#10130=AXIS2_PLACEMENT_3D('',#15116,#11628,#11629);
#10131=AXIS2_PLACEMENT_3D('',#15130,#11630,#11631);
#10132=AXIS2_PLACEMENT_3D('',#15134,#11632,#11633);
#10133=AXIS2_PLACEMENT_3D('',#15148,#11634,#11635);
#10134=AXIS2_PLACEMENT_3D('',#15152,#11636,#11637);
#10135=AXIS2_PLACEMENT_3D('',#15166,#11638,#11639);
#10136=AXIS2_PLACEMENT_3D('',#15170,#11640,#11641);
#10137=AXIS2_PLACEMENT_3D('',#15184,#11642,#11643);
#10138=AXIS2_PLACEMENT_3D('',#15188,#11644,#11645);
#10139=AXIS2_PLACEMENT_3D('',#15202,#11646,#11647);
#10140=AXIS2_PLACEMENT_3D('',#15206,#11648,#11649);
#10141=AXIS2_PLACEMENT_3D('',#15220,#11650,#11651);
#10142=AXIS2_PLACEMENT_3D('',#15224,#11652,#11653);
#10143=AXIS2_PLACEMENT_3D('',#15227,#11656,#11657);
#10144=AXIS2_PLACEMENT_3D('',#15241,#11658,#11659);
#10145=AXIS2_PLACEMENT_3D('',#15245,#11660,#11661);
#10146=AXIS2_PLACEMENT_3D('',#15259,#11669,#11670);
#10147=AXIS2_PLACEMENT_3D('',#15273,#11678,#11679);
#10148=AXIS2_PLACEMENT_3D('',#15287,#11687,#11688);
#10149=AXIS2_PLACEMENT_3D('',#15301,#11696,#11697);
#10150=AXIS2_PLACEMENT_3D('',#15315,#11705,#11706);
#10151=AXIS2_PLACEMENT_3D('',#15329,#11714,#11715);
#10152=AXIS2_PLACEMENT_3D('',#15343,#11723,#11724);
#10153=AXIS2_PLACEMENT_3D('',#15357,#11732,#11733);
#10154=AXIS2_PLACEMENT_3D('',#15371,#11741,#11742);
#10155=AXIS2_PLACEMENT_3D('',#15385,#11750,#11751);
#10156=AXIS2_PLACEMENT_3D('',#15399,#11759,#11760);
#10157=AXIS2_PLACEMENT_3D('',#15413,#11768,#11769);
#10158=AXIS2_PLACEMENT_3D('',#15427,#11777,#11778);
#10159=AXIS2_PLACEMENT_3D('',#15441,#11786,#11787);
#10160=AXIS2_PLACEMENT_3D('',#15455,#11795,#11796);
#10161=AXIS2_PLACEMENT_3D('',#15469,#11804,#11805);
#10162=AXIS2_PLACEMENT_3D('',#15483,#11813,#11814);
#10163=AXIS2_PLACEMENT_3D('',#15486,#11816,#11817);
#10164=AXIS2_PLACEMENT_3D('',#15487,#11818,#11819);
#10165=AXIS2_PLACEMENT_3D('',#15488,#11820,#11821);
#10166=AXIS2_PLACEMENT_3D('',#15489,#11822,#11823);
#10167=AXIS2_PLACEMENT_3D('',#15493,#11825,#11826);
#10168=AXIS2_PLACEMENT_3D('',#15495,#11828,#11829);
#10169=AXIS2_PLACEMENT_3D('',#15496,#11830,#11831);
#10170=AXIS2_PLACEMENT_3D('',#15497,#11832,#11833);
#10171=AXIS2_PLACEMENT_3D('',#15501,#11835,#11836);
#10172=AXIS2_PLACEMENT_3D('',#15503,#11838,#11839);
#10173=AXIS2_PLACEMENT_3D('',#15504,#11840,#11841);
#10174=AXIS2_PLACEMENT_3D('',#15505,#11842,#11843);
#10175=AXIS2_PLACEMENT_3D('',#15509,#11845,#11846);
#10176=AXIS2_PLACEMENT_3D('',#15511,#11848,#11849);
#10177=AXIS2_PLACEMENT_3D('',#15512,#11850,#11851);
#10178=AXIS2_PLACEMENT_3D('',#15513,#11852,#11853);
#10179=AXIS2_PLACEMENT_3D('',#15517,#11855,#11856);
#10180=AXIS2_PLACEMENT_3D('',#15519,#11858,#11859);
#10181=AXIS2_PLACEMENT_3D('',#15520,#11860,#11861);
#10182=AXIS2_PLACEMENT_3D('',#15521,#11862,#11863);
#10183=AXIS2_PLACEMENT_3D('',#15525,#11865,#11866);
#10184=AXIS2_PLACEMENT_3D('',#15527,#11868,#11869);
#10185=AXIS2_PLACEMENT_3D('',#15528,#11870,#11871);
#10186=AXIS2_PLACEMENT_3D('',#15529,#11872,#11873);
#10187=AXIS2_PLACEMENT_3D('',#15533,#11875,#11876);
#10188=AXIS2_PLACEMENT_3D('',#15535,#11878,#11879);
#10189=AXIS2_PLACEMENT_3D('',#15536,#11880,#11881);
#10190=AXIS2_PLACEMENT_3D('',#15537,#11882,#11883);
#10191=AXIS2_PLACEMENT_3D('',#15541,#11885,#11886);
#10192=AXIS2_PLACEMENT_3D('',#15543,#11888,#11889);
#10193=AXIS2_PLACEMENT_3D('',#15544,#11890,#11891);
#10194=AXIS2_PLACEMENT_3D('',#15545,#11892,#11893);
#10195=AXIS2_PLACEMENT_3D('',#15549,#11895,#11896);
#10196=AXIS2_PLACEMENT_3D('',#15551,#11898,#11899);
#10197=AXIS2_PLACEMENT_3D('',#15563,#11906,#11907);
#10198=AXIS2_PLACEMENT_3D('',#15566,#11908,#11909);
#10199=AXIS2_PLACEMENT_3D('',#15570,#11911,#11912);
#10200=AXIS2_PLACEMENT_3D('',#15572,#11914,#11915);
#10201=AXIS2_PLACEMENT_3D('',#15578,#11919,#11920);
#10202=AXIS2_PLACEMENT_3D('',#15582,#11922,#11923);
#10203=AXIS2_PLACEMENT_3D('',#15586,#11925,#11926);
#10204=AXIS2_PLACEMENT_3D('',#15590,#11928,#11929);
#10205=AXIS2_PLACEMENT_3D('',#15598,#11933,#11934);
#10206=AXIS2_PLACEMENT_3D('',#15603,#11937,#11938);
#10207=AXIS2_PLACEMENT_3D('',#15611,#11942,#11943);
#10208=AXIS2_PLACEMENT_3D('',#15615,#11945,#11946);
#10209=AXIS2_PLACEMENT_3D('',#15619,#11948,#11949);
#10210=AXIS2_PLACEMENT_3D('',#15623,#11951,#11952);
#10211=AXIS2_PLACEMENT_3D('',#15631,#11956,#11957);
#10212=AXIS2_PLACEMENT_3D('',#15636,#11960,#11961);
#10213=AXIS2_PLACEMENT_3D('',#15644,#11965,#11966);
#10214=AXIS2_PLACEMENT_3D('',#15648,#11968,#11969);
#10215=AXIS2_PLACEMENT_3D('',#15652,#11971,#11972);
#10216=AXIS2_PLACEMENT_3D('',#15656,#11974,#11975);
#10217=AXIS2_PLACEMENT_3D('',#15664,#11979,#11980);
#10218=AXIS2_PLACEMENT_3D('',#15669,#11983,#11984);
#10219=AXIS2_PLACEMENT_3D('',#15677,#11988,#11989);
#10220=AXIS2_PLACEMENT_3D('',#15681,#11991,#11992);
#10221=AXIS2_PLACEMENT_3D('',#15685,#11994,#11995);
#10222=AXIS2_PLACEMENT_3D('',#15689,#11997,#11998);
#10223=AXIS2_PLACEMENT_3D('',#15697,#12002,#12003);
#10224=AXIS2_PLACEMENT_3D('',#15702,#12006,#12007);
#10225=AXIS2_PLACEMENT_3D('',#15710,#12011,#12012);
#10226=AXIS2_PLACEMENT_3D('',#15714,#12014,#12015);
#10227=AXIS2_PLACEMENT_3D('',#15718,#12017,#12018);
#10228=AXIS2_PLACEMENT_3D('',#15722,#12020,#12021);
#10229=AXIS2_PLACEMENT_3D('',#15730,#12025,#12026);
#10230=AXIS2_PLACEMENT_3D('',#15735,#12029,#12030);
#10231=AXIS2_PLACEMENT_3D('',#15743,#12034,#12035);
#10232=AXIS2_PLACEMENT_3D('',#15747,#12037,#12038);
#10233=AXIS2_PLACEMENT_3D('',#15751,#12040,#12041);
#10234=AXIS2_PLACEMENT_3D('',#15755,#12043,#12044);
#10235=AXIS2_PLACEMENT_3D('',#15763,#12048,#12049);
#10236=AXIS2_PLACEMENT_3D('',#15768,#12052,#12053);
#10237=AXIS2_PLACEMENT_3D('',#15776,#12057,#12058);
#10238=AXIS2_PLACEMENT_3D('',#15780,#12060,#12061);
#10239=AXIS2_PLACEMENT_3D('',#15784,#12063,#12064);
#10240=AXIS2_PLACEMENT_3D('',#15788,#12066,#12067);
#10241=AXIS2_PLACEMENT_3D('',#15796,#12071,#12072);
#10242=AXIS2_PLACEMENT_3D('',#15800,#12074,#12075);
#10243=AXIS2_PLACEMENT_3D('',#15804,#12077,#12078);
#10244=AXIS2_PLACEMENT_3D('',#15812,#12082,#12083);
#10245=AXIS2_PLACEMENT_3D('',#15816,#12085,#12086);
#10246=AXIS2_PLACEMENT_3D('',#15819,#12088,#12089);
#10247=AXIS2_PLACEMENT_3D('',#15821,#12090,#12091);
#10248=AXIS2_PLACEMENT_3D('',#15828,#12095,#12096);
#10249=AXIS2_PLACEMENT_3D('',#15830,#12097,#12098);
#10250=AXIS2_PLACEMENT_3D('',#15837,#12102,#12103);
#10251=AXIS2_PLACEMENT_3D('',#15839,#12104,#12105);
#10252=AXIS2_PLACEMENT_3D('',#15842,#12107,#12108);
#10253=AXIS2_PLACEMENT_3D('',#15844,#12109,#12110);
#10254=AXIS2_PLACEMENT_3D('',#15851,#12114,#12115);
#10255=AXIS2_PLACEMENT_3D('',#15853,#12116,#12117);
#10256=AXIS2_PLACEMENT_3D('',#15860,#12121,#12122);
#10257=AXIS2_PLACEMENT_3D('',#15862,#12123,#12124);
#10258=AXIS2_PLACEMENT_3D('',#15865,#12126,#12127);
#10259=AXIS2_PLACEMENT_3D('',#15867,#12128,#12129);
#10260=AXIS2_PLACEMENT_3D('',#15874,#12133,#12134);
#10261=AXIS2_PLACEMENT_3D('',#15876,#12135,#12136);
#10262=AXIS2_PLACEMENT_3D('',#15883,#12140,#12141);
#10263=AXIS2_PLACEMENT_3D('',#15885,#12142,#12143);
#10264=AXIS2_PLACEMENT_3D('',#15888,#12145,#12146);
#10265=AXIS2_PLACEMENT_3D('',#15890,#12147,#12148);
#10266=AXIS2_PLACEMENT_3D('',#15897,#12152,#12153);
#10267=AXIS2_PLACEMENT_3D('',#15899,#12154,#12155);
#10268=AXIS2_PLACEMENT_3D('',#15906,#12159,#12160);
#10269=AXIS2_PLACEMENT_3D('',#15908,#12161,#12162);
#10270=AXIS2_PLACEMENT_3D('',#15911,#12164,#12165);
#10271=AXIS2_PLACEMENT_3D('',#15913,#12166,#12167);
#10272=AXIS2_PLACEMENT_3D('',#15920,#12171,#12172);
#10273=AXIS2_PLACEMENT_3D('',#15922,#12173,#12174);
#10274=AXIS2_PLACEMENT_3D('',#15929,#12178,#12179);
#10275=AXIS2_PLACEMENT_3D('',#15931,#12180,#12181);
#10276=AXIS2_PLACEMENT_3D('',#15934,#12183,#12184);
#10277=AXIS2_PLACEMENT_3D('',#15936,#12185,#12186);
#10278=AXIS2_PLACEMENT_3D('',#15943,#12190,#12191);
#10279=AXIS2_PLACEMENT_3D('',#15945,#12192,#12193);
#10280=AXIS2_PLACEMENT_3D('',#15952,#12197,#12198);
#10281=AXIS2_PLACEMENT_3D('',#15954,#12199,#12200);
#10282=AXIS2_PLACEMENT_3D('',#15957,#12202,#12203);
#10283=AXIS2_PLACEMENT_3D('',#15959,#12204,#12205);
#10284=AXIS2_PLACEMENT_3D('',#15966,#12209,#12210);
#10285=AXIS2_PLACEMENT_3D('',#15968,#12211,#12212);
#10286=AXIS2_PLACEMENT_3D('',#15975,#12216,#12217);
#10287=AXIS2_PLACEMENT_3D('',#15977,#12218,#12219);
#10288=AXIS2_PLACEMENT_3D('',#15980,#12221,#12222);
#10289=AXIS2_PLACEMENT_3D('',#15982,#12223,#12224);
#10290=AXIS2_PLACEMENT_3D('',#15989,#12228,#12229);
#10291=AXIS2_PLACEMENT_3D('',#15991,#12230,#12231);
#10292=AXIS2_PLACEMENT_3D('',#15998,#12235,#12236);
#10293=AXIS2_PLACEMENT_3D('',#16000,#12237,#12238);
#10294=AXIS2_PLACEMENT_3D('',#16003,#12240,#12241);
#10295=AXIS2_PLACEMENT_3D('',#16005,#12242,#12243);
#10296=AXIS2_PLACEMENT_3D('',#16012,#12247,#12248);
#10297=AXIS2_PLACEMENT_3D('',#16014,#12249,#12250);
#10298=AXIS2_PLACEMENT_3D('',#16021,#12254,#12255);
#10299=AXIS2_PLACEMENT_3D('',#16023,#12256,#12257);
#10300=AXIS2_PLACEMENT_3D('',#16027,#12259,#12260);
#10301=AXIS2_PLACEMENT_3D('',#16031,#12262,#12263);
#10302=AXIS2_PLACEMENT_3D('',#16039,#12267,#12268);
#10303=AXIS2_PLACEMENT_3D('',#16044,#12271,#12272);
#10304=AXIS2_PLACEMENT_3D('',#16052,#12276,#12277);
#10305=AXIS2_PLACEMENT_3D('',#16056,#12279,#12280);
#10306=AXIS2_PLACEMENT_3D('',#16060,#12282,#12283);
#10307=AXIS2_PLACEMENT_3D('',#16064,#12285,#12286);
#10308=AXIS2_PLACEMENT_3D('',#16072,#12290,#12291);
#10309=AXIS2_PLACEMENT_3D('',#16077,#12294,#12295);
#10310=AXIS2_PLACEMENT_3D('',#16082,#12298,#12299);
#10311=AXIS2_PLACEMENT_3D('',#16083,#12300,#12301);
#10312=AXIS2_PLACEMENT_3D('',#16087,#12303,#12304);
#10313=AXIS2_PLACEMENT_3D('',#16089,#12306,#12307);
#10314=AXIS2_PLACEMENT_3D('',#16094,#12311,#12312);
#10315=AXIS2_PLACEMENT_3D('',#16098,#12314,#12315);
#10316=AXIS2_PLACEMENT_3D('',#16100,#12317,#12318);
#10317=AXIS2_PLACEMENT_3D('',#16103,#12321,#12322);
#10318=AXIS2_PLACEMENT_3D('',#16106,#12324,#12325);
#10319=AXIS2_PLACEMENT_3D('',#16107,#12326,#12327);
#10320=AXIS2_PLACEMENT_3D('',#16111,#12330,#12331);
#10321=AXIS2_PLACEMENT_3D('',#16115,#12333,#12334);
#10322=AXIS2_PLACEMENT_3D('',#16117,#12336,#12337);
#10323=AXIS2_PLACEMENT_3D('',#16121,#12340,#12341);
#10324=AXIS2_PLACEMENT_3D('',#16125,#12343,#12344);
#10325=AXIS2_PLACEMENT_3D('',#16127,#12346,#12347);
#10326=AXIS2_PLACEMENT_3D('',#16132,#12351,#12352);
#10327=AXIS2_PLACEMENT_3D('',#16136,#12354,#12355);
#10328=AXIS2_PLACEMENT_3D('',#16138,#12357,#12358);
#10329=AXIS2_PLACEMENT_3D('',#16141,#12361,#12362);
#10330=AXIS2_PLACEMENT_3D('',#16144,#12364,#12365);
#10331=AXIS2_PLACEMENT_3D('',#16145,#12366,#12367);
#10332=AXIS2_PLACEMENT_3D('',#16149,#12370,#12371);
#10333=AXIS2_PLACEMENT_3D('',#16153,#12373,#12374);
#10334=AXIS2_PLACEMENT_3D('',#16155,#12376,#12377);
#10335=AXIS2_PLACEMENT_3D('',#16159,#12380,#12381);
#10336=AXIS2_PLACEMENT_3D('',#16163,#12383,#12384);
#10337=AXIS2_PLACEMENT_3D('',#16165,#12386,#12387);
#10338=AXIS2_PLACEMENT_3D('',#16170,#12391,#12392);
#10339=AXIS2_PLACEMENT_3D('',#16174,#12394,#12395);
#10340=AXIS2_PLACEMENT_3D('',#16176,#12397,#12398);
#10341=AXIS2_PLACEMENT_3D('',#16179,#12401,#12402);
#10342=AXIS2_PLACEMENT_3D('',#16182,#12404,#12405);
#10343=AXIS2_PLACEMENT_3D('',#16183,#12406,#12407);
#10344=AXIS2_PLACEMENT_3D('',#16187,#12410,#12411);
#10345=AXIS2_PLACEMENT_3D('',#16191,#12413,#12414);
#10346=AXIS2_PLACEMENT_3D('',#16193,#12416,#12417);
#10347=AXIS2_PLACEMENT_3D('',#16197,#12420,#12421);
#10348=AXIS2_PLACEMENT_3D('',#16201,#12423,#12424);
#10349=AXIS2_PLACEMENT_3D('',#16203,#12426,#12427);
#10350=AXIS2_PLACEMENT_3D('',#16208,#12431,#12432);
#10351=AXIS2_PLACEMENT_3D('',#16212,#12434,#12435);
#10352=AXIS2_PLACEMENT_3D('',#16214,#12437,#12438);
#10353=AXIS2_PLACEMENT_3D('',#16217,#12441,#12442);
#10354=AXIS2_PLACEMENT_3D('',#16220,#12444,#12445);
#10355=AXIS2_PLACEMENT_3D('',#16221,#12446,#12447);
#10356=AXIS2_PLACEMENT_3D('',#16225,#12450,#12451);
#10357=AXIS2_PLACEMENT_3D('',#16229,#12453,#12454);
#10358=AXIS2_PLACEMENT_3D('',#16231,#12456,#12457);
#10359=AXIS2_PLACEMENT_3D('',#16235,#12460,#12461);
#10360=AXIS2_PLACEMENT_3D('',#16239,#12463,#12464);
#10361=AXIS2_PLACEMENT_3D('',#16241,#12466,#12467);
#10362=AXIS2_PLACEMENT_3D('',#16246,#12471,#12472);
#10363=AXIS2_PLACEMENT_3D('',#16250,#12474,#12475);
#10364=AXIS2_PLACEMENT_3D('',#16252,#12477,#12478);
#10365=AXIS2_PLACEMENT_3D('',#16255,#12481,#12482);
#10366=AXIS2_PLACEMENT_3D('',#16258,#12484,#12485);
#10367=AXIS2_PLACEMENT_3D('',#16259,#12486,#12487);
#10368=AXIS2_PLACEMENT_3D('',#16263,#12490,#12491);
#10369=AXIS2_PLACEMENT_3D('',#16267,#12493,#12494);
#10370=AXIS2_PLACEMENT_3D('',#16269,#12496,#12497);
#10371=AXIS2_PLACEMENT_3D('',#16273,#12500,#12501);
#10372=AXIS2_PLACEMENT_3D('',#16277,#12503,#12504);
#10373=AXIS2_PLACEMENT_3D('',#16279,#12506,#12507);
#10374=AXIS2_PLACEMENT_3D('',#16284,#12511,#12512);
#10375=AXIS2_PLACEMENT_3D('',#16288,#12514,#12515);
#10376=AXIS2_PLACEMENT_3D('',#16290,#12517,#12518);
#10377=AXIS2_PLACEMENT_3D('',#16293,#12521,#12522);
#10378=AXIS2_PLACEMENT_3D('',#16296,#12524,#12525);
#10379=AXIS2_PLACEMENT_3D('',#16297,#12526,#12527);
#10380=AXIS2_PLACEMENT_3D('',#16301,#12530,#12531);
#10381=AXIS2_PLACEMENT_3D('',#16305,#12533,#12534);
#10382=AXIS2_PLACEMENT_3D('',#16307,#12536,#12537);
#10383=AXIS2_PLACEMENT_3D('',#16311,#12540,#12541);
#10384=AXIS2_PLACEMENT_3D('',#16315,#12543,#12544);
#10385=AXIS2_PLACEMENT_3D('',#16317,#12546,#12547);
#10386=AXIS2_PLACEMENT_3D('',#16323,#12552,#12553);
#10387=AXIS2_PLACEMENT_3D('',#16327,#12555,#12556);
#10388=AXIS2_PLACEMENT_3D('',#16329,#12558,#12559);
#10389=AXIS2_PLACEMENT_3D('',#16332,#12562,#12563);
#10390=AXIS2_PLACEMENT_3D('',#16335,#12565,#12566);
#10391=AXIS2_PLACEMENT_3D('',#16336,#12567,#12568);
#10392=AXIS2_PLACEMENT_3D('',#16340,#12571,#12572);
#10393=AXIS2_PLACEMENT_3D('',#16344,#12574,#12575);
#10394=AXIS2_PLACEMENT_3D('',#16346,#12577,#12578);
#10395=AXIS2_PLACEMENT_3D('',#16350,#12581,#12582);
#10396=AXIS2_PLACEMENT_3D('',#16352,#12583,#12584);
#10397=AXIS2_PLACEMENT_3D('',#16354,#12586,#12587);
#10398=AXIS2_PLACEMENT_3D('',#16358,#12589,#12590);
#10399=AXIS2_PLACEMENT_3D('',#16360,#12592,#12593);
#10400=AXIS2_PLACEMENT_3D('',#16364,#12597,#12598);
#10401=AXIS2_PLACEMENT_3D('',#16367,#12600,#12601);
#10402=AXIS2_PLACEMENT_3D('',#16368,#12602,#12603);
#10403=AXIS2_PLACEMENT_3D('',#16372,#12606,#12607);
#10404=AXIS2_PLACEMENT_3D('',#16375,#12609,#12610);
#10405=AXIS2_PLACEMENT_3D('',#16376,#12611,#12612);
#10406=AXIS2_PLACEMENT_3D('',#16380,#12615,#12616);
#10407=AXIS2_PLACEMENT_3D('',#16382,#12617,#12618);
#10408=AXIS2_PLACEMENT_3D('',#16384,#12620,#12621);
#10409=AXIS2_PLACEMENT_3D('',#16386,#12622,#12623);
#10410=AXIS2_PLACEMENT_3D('',#16388,#12625,#12626);
#10411=AXIS2_PLACEMENT_3D('',#16391,#12628,#12629);
#10412=AXIS2_PLACEMENT_3D('',#16392,#12630,#12631);
#10413=AXIS2_PLACEMENT_3D('',#16396,#12634,#12635);
#10414=AXIS2_PLACEMENT_3D('',#16399,#12637,#12638);
#10415=AXIS2_PLACEMENT_3D('',#16400,#12639,#12640);
#10416=AXIS2_PLACEMENT_3D('',#16404,#12643,#12644);
#10417=AXIS2_PLACEMENT_3D('',#16406,#12645,#12646);
#10418=AXIS2_PLACEMENT_3D('',#16408,#12648,#12649);
#10419=AXIS2_PLACEMENT_3D('',#16410,#12650,#12651);
#10420=AXIS2_PLACEMENT_3D('',#16412,#12653,#12654);
#10421=AXIS2_PLACEMENT_3D('',#16415,#12656,#12657);
#10422=AXIS2_PLACEMENT_3D('',#16416,#12658,#12659);
#10423=AXIS2_PLACEMENT_3D('',#16420,#12662,#12663);
#10424=AXIS2_PLACEMENT_3D('',#16423,#12665,#12666);
#10425=AXIS2_PLACEMENT_3D('',#16424,#12667,#12668);
#10426=AXIS2_PLACEMENT_3D('',#16428,#12671,#12672);
#10427=AXIS2_PLACEMENT_3D('',#16430,#12673,#12674);
#10428=AXIS2_PLACEMENT_3D('',#16432,#12676,#12677);
#10429=AXIS2_PLACEMENT_3D('',#16434,#12678,#12679);
#10430=AXIS2_PLACEMENT_3D('',#16436,#12681,#12682);
#10431=AXIS2_PLACEMENT_3D('',#16439,#12684,#12685);
#10432=AXIS2_PLACEMENT_3D('',#16440,#12686,#12687);
#10433=AXIS2_PLACEMENT_3D('',#16444,#12690,#12691);
#10434=AXIS2_PLACEMENT_3D('',#16447,#12693,#12694);
#10435=AXIS2_PLACEMENT_3D('',#16448,#12695,#12696);
#10436=AXIS2_PLACEMENT_3D('',#16452,#12699,#12700);
#10437=AXIS2_PLACEMENT_3D('',#16454,#12701,#12702);
#10438=AXIS2_PLACEMENT_3D('',#16456,#12704,#12705);
#10439=AXIS2_PLACEMENT_3D('',#16458,#12706,#12707);
#10440=AXIS2_PLACEMENT_3D('',#16460,#12709,#12710);
#10441=AXIS2_PLACEMENT_3D('',#16463,#12712,#12713);
#10442=AXIS2_PLACEMENT_3D('',#16464,#12714,#12715);
#10443=AXIS2_PLACEMENT_3D('',#16468,#12718,#12719);
#10444=AXIS2_PLACEMENT_3D('',#16471,#12721,#12722);
#10445=AXIS2_PLACEMENT_3D('',#16472,#12723,#12724);
#10446=AXIS2_PLACEMENT_3D('',#16476,#12727,#12728);
#10447=AXIS2_PLACEMENT_3D('',#16478,#12729,#12730);
#10448=AXIS2_PLACEMENT_3D('',#16480,#12732,#12733);
#10449=AXIS2_PLACEMENT_3D('',#16482,#12734,#12735);
#10450=AXIS2_PLACEMENT_3D('',#16484,#12737,#12738);
#10451=AXIS2_PLACEMENT_3D('',#16487,#12740,#12741);
#10452=AXIS2_PLACEMENT_3D('',#16488,#12742,#12743);
#10453=AXIS2_PLACEMENT_3D('',#16492,#12746,#12747);
#10454=AXIS2_PLACEMENT_3D('',#16495,#12749,#12750);
#10455=AXIS2_PLACEMENT_3D('',#16496,#12751,#12752);
#10456=AXIS2_PLACEMENT_3D('',#16500,#12755,#12756);
#10457=AXIS2_PLACEMENT_3D('',#16502,#12757,#12758);
#10458=AXIS2_PLACEMENT_3D('',#16504,#12760,#12761);
#10459=AXIS2_PLACEMENT_3D('',#16506,#12762,#12763);
#10460=AXIS2_PLACEMENT_3D('',#16508,#12765,#12766);
#10461=AXIS2_PLACEMENT_3D('',#16511,#12768,#12769);
#10462=AXIS2_PLACEMENT_3D('',#16512,#12770,#12771);
#10463=AXIS2_PLACEMENT_3D('',#16516,#12774,#12775);
#10464=AXIS2_PLACEMENT_3D('',#16519,#12777,#12778);
#10465=AXIS2_PLACEMENT_3D('',#16520,#12779,#12780);
#10466=AXIS2_PLACEMENT_3D('',#16524,#12783,#12784);
#10467=AXIS2_PLACEMENT_3D('',#16526,#12785,#12786);
#10468=AXIS2_PLACEMENT_3D('',#16528,#12788,#12789);
#10469=AXIS2_PLACEMENT_3D('',#16530,#12790,#12791);
#10470=AXIS2_PLACEMENT_3D('',#16532,#12793,#12794);
#10471=AXIS2_PLACEMENT_3D('',#16535,#12796,#12797);
#10472=AXIS2_PLACEMENT_3D('',#16536,#12798,#12799);
#10473=AXIS2_PLACEMENT_3D('',#16540,#12802,#12803);
#10474=AXIS2_PLACEMENT_3D('',#16543,#12805,#12806);
#10475=AXIS2_PLACEMENT_3D('',#16544,#12807,#12808);
#10476=AXIS2_PLACEMENT_3D('',#16548,#12811,#12812);
#10477=AXIS2_PLACEMENT_3D('',#16550,#12813,#12814);
#10478=AXIS2_PLACEMENT_3D('',#16552,#12816,#12817);
#10479=AXIS2_PLACEMENT_3D('',#16554,#12818,#12819);
#10480=AXIS2_PLACEMENT_3D('',#16556,#12821,#12822);
#10481=AXIS2_PLACEMENT_3D('',#16559,#12824,#12825);
#10482=AXIS2_PLACEMENT_3D('',#16560,#12826,#12827);
#10483=AXIS2_PLACEMENT_3D('',#16564,#12830,#12831);
#10484=AXIS2_PLACEMENT_3D('',#16567,#12833,#12834);
#10485=AXIS2_PLACEMENT_3D('',#16568,#12835,#12836);
#10486=AXIS2_PLACEMENT_3D('',#16572,#12839,#12840);
#10487=AXIS2_PLACEMENT_3D('',#16576,#12842,#12843);
#10488=AXIS2_PLACEMENT_3D('',#16578,#12845,#12846);
#10489=AXIS2_PLACEMENT_3D('',#16583,#12850,#12851);
#10490=AXIS2_PLACEMENT_3D('',#16585,#12852,#12853);
#10491=AXIS2_PLACEMENT_3D('',#16587,#12855,#12856);
#10492=AXIS2_PLACEMENT_3D('',#16591,#12859,#12860);
#10493=AXIS2_PLACEMENT_3D('',#16594,#12862,#12863);
#10494=AXIS2_PLACEMENT_3D('',#16595,#12864,#12865);
#10495=AXIS2_PLACEMENT_3D('',#16599,#12868,#12869);
#10496=AXIS2_PLACEMENT_3D('',#16601,#12871,#12872);
#10497=AXIS2_PLACEMENT_3D('',#16605,#12875,#12876);
#10498=AXIS2_PLACEMENT_3D('',#16607,#12878,#12879);
#10499=AXIS2_PLACEMENT_3D('',#16608,#12880,#12881);
#10500=AXIS2_PLACEMENT_3D('',#16609,#12882,#12883);
#10501=AXIS2_PLACEMENT_3D('',#16611,#12885,#12886);
#10502=AXIS2_PLACEMENT_3D('',#16613,#12888,#12889);
#10503=AXIS2_PLACEMENT_3D('',#16614,#12890,#12891);
#10504=AXIS2_PLACEMENT_3D('',#16618,#12894,#12895);
#10505=AXIS2_PLACEMENT_3D('',#16620,#12897,#12898);
#10506=AXIS2_PLACEMENT_3D('',#16624,#12901,#12902);
#10507=AXIS2_PLACEMENT_3D('',#16626,#12904,#12905);
#10508=AXIS2_PLACEMENT_3D('',#16627,#12906,#12907);
#10509=AXIS2_PLACEMENT_3D('',#16628,#12908,#12909);
#10510=AXIS2_PLACEMENT_3D('',#16630,#12911,#12912);
#10511=AXIS2_PLACEMENT_3D('',#16632,#12914,#12915);
#10512=AXIS2_PLACEMENT_3D('',#16633,#12916,#12917);
#10513=AXIS2_PLACEMENT_3D('',#16637,#12920,#12921);
#10514=AXIS2_PLACEMENT_3D('',#16639,#12923,#12924);
#10515=AXIS2_PLACEMENT_3D('',#16643,#12927,#12928);
#10516=AXIS2_PLACEMENT_3D('',#16645,#12930,#12931);
#10517=AXIS2_PLACEMENT_3D('',#16646,#12932,#12933);
#10518=AXIS2_PLACEMENT_3D('',#16647,#12934,#12935);
#10519=AXIS2_PLACEMENT_3D('',#16649,#12937,#12938);
#10520=AXIS2_PLACEMENT_3D('',#16651,#12940,#12941);
#10521=AXIS2_PLACEMENT_3D('',#16652,#12942,#12943);
#10522=AXIS2_PLACEMENT_3D('',#16656,#12946,#12947);
#10523=AXIS2_PLACEMENT_3D('',#16658,#12949,#12950);
#10524=AXIS2_PLACEMENT_3D('',#16662,#12953,#12954);
#10525=AXIS2_PLACEMENT_3D('',#16664,#12956,#12957);
#10526=AXIS2_PLACEMENT_3D('',#16665,#12958,#12959);
#10527=AXIS2_PLACEMENT_3D('',#16666,#12960,#12961);
#10528=AXIS2_PLACEMENT_3D('',#16668,#12963,#12964);
#10529=AXIS2_PLACEMENT_3D('',#16670,#12966,#12967);
#10530=AXIS2_PLACEMENT_3D('',#16671,#12968,#12969);
#10531=AXIS2_PLACEMENT_3D('',#16675,#12972,#12973);
#10532=AXIS2_PLACEMENT_3D('',#16677,#12975,#12976);
#10533=AXIS2_PLACEMENT_3D('',#16681,#12979,#12980);
#10534=AXIS2_PLACEMENT_3D('',#16683,#12982,#12983);
#10535=AXIS2_PLACEMENT_3D('',#16684,#12984,#12985);
#10536=AXIS2_PLACEMENT_3D('',#16685,#12986,#12987);
#10537=AXIS2_PLACEMENT_3D('',#16687,#12989,#12990);
#10538=AXIS2_PLACEMENT_3D('',#16689,#12992,#12993);
#10539=AXIS2_PLACEMENT_3D('',#16690,#12994,#12995);
#10540=AXIS2_PLACEMENT_3D('',#16694,#12998,#12999);
#10541=AXIS2_PLACEMENT_3D('',#16696,#13001,#13002);
#10542=AXIS2_PLACEMENT_3D('',#16700,#13005,#13006);
#10543=AXIS2_PLACEMENT_3D('',#16702,#13008,#13009);
#10544=AXIS2_PLACEMENT_3D('',#16703,#13010,#13011);
#10545=AXIS2_PLACEMENT_3D('',#16704,#13012,#13013);
#10546=AXIS2_PLACEMENT_3D('',#16706,#13015,#13016);
#10547=AXIS2_PLACEMENT_3D('',#16708,#13018,#13019);
#10548=AXIS2_PLACEMENT_3D('',#16709,#13020,#13021);
#10549=AXIS2_PLACEMENT_3D('',#16713,#13024,#13025);
#10550=AXIS2_PLACEMENT_3D('',#16715,#13027,#13028);
#10551=AXIS2_PLACEMENT_3D('',#16719,#13031,#13032);
#10552=AXIS2_PLACEMENT_3D('',#16721,#13034,#13035);
#10553=AXIS2_PLACEMENT_3D('',#16722,#13036,#13037);
#10554=AXIS2_PLACEMENT_3D('',#16723,#13038,#13039);
#10555=AXIS2_PLACEMENT_3D('',#16725,#13041,#13042);
#10556=AXIS2_PLACEMENT_3D('',#16727,#13044,#13045);
#10557=AXIS2_PLACEMENT_3D('',#16728,#13046,#13047);
#10558=AXIS2_PLACEMENT_3D('',#16732,#13050,#13051);
#10559=AXIS2_PLACEMENT_3D('',#16734,#13053,#13054);
#10560=AXIS2_PLACEMENT_3D('',#16738,#13057,#13058);
#10561=AXIS2_PLACEMENT_3D('',#16740,#13060,#13061);
#10562=AXIS2_PLACEMENT_3D('',#16741,#13062,#13063);
#10563=AXIS2_PLACEMENT_3D('',#16742,#13064,#13065);
#10564=AXIS2_PLACEMENT_3D('',#16744,#13067,#13068);
#10565=AXIS2_PLACEMENT_3D('',#16746,#13070,#13071);
#10566=AXIS2_PLACEMENT_3D('',#16747,#13072,#13073);
#10567=AXIS2_PLACEMENT_3D('',#16751,#13076,#13077);
#10568=AXIS2_PLACEMENT_3D('',#16753,#13079,#13080);
#10569=AXIS2_PLACEMENT_3D('',#16757,#13083,#13084);
#10570=AXIS2_PLACEMENT_3D('',#16759,#13086,#13087);
#10571=AXIS2_PLACEMENT_3D('',#16760,#13088,#13089);
#10572=AXIS2_PLACEMENT_3D('',#16761,#13090,#13091);
#10573=AXIS2_PLACEMENT_3D('',#16763,#13093,#13094);
#10574=AXIS2_PLACEMENT_3D('',#16765,#13096,#13097);
#10575=AXIS2_PLACEMENT_3D('',#16766,#13098,#13099);
#10576=AXIS2_PLACEMENT_3D('',#16770,#13102,#13103);
#10577=AXIS2_PLACEMENT_3D('',#16772,#13105,#13106);
#10578=AXIS2_PLACEMENT_3D('',#16776,#13109,#13110);
#10579=AXIS2_PLACEMENT_3D('',#16778,#13112,#13113);
#10580=AXIS2_PLACEMENT_3D('',#16779,#13114,#13115);
#10581=AXIS2_PLACEMENT_3D('',#16780,#13116,#13117);
#10582=AXIS2_PLACEMENT_3D('',#16782,#13119,#13120);
#10583=AXIS2_PLACEMENT_3D('',#16784,#13122,#13123);
#10584=AXIS2_PLACEMENT_3D('',#16785,#13124,#13125);
#10585=AXIS2_PLACEMENT_3D('',#16789,#13128,#13129);
#10586=AXIS2_PLACEMENT_3D('',#16791,#13131,#13132);
#10587=AXIS2_PLACEMENT_3D('',#16795,#13135,#13136);
#10588=AXIS2_PLACEMENT_3D('',#16797,#13138,#13139);
#10589=AXIS2_PLACEMENT_3D('',#16798,#13140,#13141);
#10590=AXIS2_PLACEMENT_3D('',#16799,#13142,#13143);
#10591=AXIS2_PLACEMENT_3D('',#16801,#13145,#13146);
#10592=AXIS2_PLACEMENT_3D('',#16803,#13148,#13149);
#10593=AXIS2_PLACEMENT_3D('',#16804,#13150,#13151);
#10594=AXIS2_PLACEMENT_3D('',#16808,#13154,#13155);
#10595=AXIS2_PLACEMENT_3D('',#16810,#13157,#13158);
#10596=AXIS2_PLACEMENT_3D('',#16814,#13161,#13162);
#10597=AXIS2_PLACEMENT_3D('',#16816,#13164,#13165);
#10598=AXIS2_PLACEMENT_3D('',#16817,#13166,#13167);
#10599=AXIS2_PLACEMENT_3D('',#16818,#13168,#13169);
#10600=AXIS2_PLACEMENT_3D('',#16820,#13171,#13172);
#10601=AXIS2_PLACEMENT_3D('',#16822,#13174,#13175);
#10602=AXIS2_PLACEMENT_3D('',#16823,#13176,#13177);
#10603=AXIS2_PLACEMENT_3D('',#16827,#13180,#13181);
#10604=AXIS2_PLACEMENT_3D('',#16829,#13183,#13184);
#10605=AXIS2_PLACEMENT_3D('',#16833,#13187,#13188);
#10606=AXIS2_PLACEMENT_3D('',#16835,#13190,#13191);
#10607=AXIS2_PLACEMENT_3D('',#16836,#13192,#13193);
#10608=AXIS2_PLACEMENT_3D('',#16837,#13194,#13195);
#10609=AXIS2_PLACEMENT_3D('',#16839,#13197,#13198);
#10610=AXIS2_PLACEMENT_3D('',#16841,#13200,#13201);
#10611=AXIS2_PLACEMENT_3D('',#16842,#13202,#13203);
#10612=AXIS2_PLACEMENT_3D('',#16846,#13206,#13207);
#10613=AXIS2_PLACEMENT_3D('',#16848,#13209,#13210);
#10614=AXIS2_PLACEMENT_3D('',#16852,#13213,#13214);
#10615=AXIS2_PLACEMENT_3D('',#16854,#13216,#13217);
#10616=AXIS2_PLACEMENT_3D('',#16855,#13218,#13219);
#10617=AXIS2_PLACEMENT_3D('',#16856,#13220,#13221);
#10618=AXIS2_PLACEMENT_3D('',#16858,#13223,#13224);
#10619=AXIS2_PLACEMENT_3D('',#16860,#13226,#13227);
#10620=AXIS2_PLACEMENT_3D('',#16861,#13228,#13229);
#10621=AXIS2_PLACEMENT_3D('',#16865,#13232,#13233);
#10622=AXIS2_PLACEMENT_3D('',#16867,#13235,#13236);
#10623=AXIS2_PLACEMENT_3D('',#16871,#13239,#13240);
#10624=AXIS2_PLACEMENT_3D('',#16873,#13242,#13243);
#10625=AXIS2_PLACEMENT_3D('',#16874,#13244,#13245);
#10626=AXIS2_PLACEMENT_3D('',#16875,#13246,#13247);
#10627=AXIS2_PLACEMENT_3D('',#16877,#13249,#13250);
#10628=AXIS2_PLACEMENT_3D('',#16879,#13252,#13253);
#10629=AXIS2_PLACEMENT_3D('',#16880,#13254,#13255);
#10630=AXIS2_PLACEMENT_3D('',#16884,#13258,#13259);
#10631=AXIS2_PLACEMENT_3D('',#16886,#13261,#13262);
#10632=AXIS2_PLACEMENT_3D('',#16890,#13265,#13266);
#10633=AXIS2_PLACEMENT_3D('',#16892,#13268,#13269);
#10634=AXIS2_PLACEMENT_3D('',#16893,#13270,#13271);
#10635=AXIS2_PLACEMENT_3D('',#16894,#13272,#13273);
#10636=AXIS2_PLACEMENT_3D('',#16896,#13275,#13276);
#10637=AXIS2_PLACEMENT_3D('',#16898,#13278,#13279);
#10638=AXIS2_PLACEMENT_3D('',#16899,#13280,#13281);
#10639=AXIS2_PLACEMENT_3D('',#16901,#13283,#13284);
#10640=AXIS2_PLACEMENT_3D('',#16907,#13288,#13289);
#10641=AXIS2_PLACEMENT_3D('',#16909,#13291,#13292);
#10642=AXIS2_PLACEMENT_3D('',#16910,#13293,#13294);
#10643=AXIS2_PLACEMENT_3D('',#16912,#13296,#13297);
#10644=AXIS2_PLACEMENT_3D('',#16913,#13298,#13299);
#10645=AXIS2_PLACEMENT_3D('',#16915,#13301,#13302);
#10646=AXIS2_PLACEMENT_3D('',#16917,#13304,#13305);
#10647=AXIS2_PLACEMENT_3D('',#16918,#13306,#13307);
#10648=AXIS2_PLACEMENT_3D('',#16919,#13308,#13309);
#10649=AXIS2_PLACEMENT_3D('',#16923,#13311,#13312);
#10650=AXIS2_PLACEMENT_3D('',#16925,#13314,#13315);
#10651=AXIS2_PLACEMENT_3D('',#16929,#13318,#13319);
#10652=AXIS2_PLACEMENT_3D('',#16933,#13321,#13322);
#10653=AXIS2_PLACEMENT_3D('',#16935,#13324,#13325);
#10654=AXIS2_PLACEMENT_3D('',#16940,#13329,#13330);
#10655=AXIS2_PLACEMENT_3D('',#16944,#13332,#13333);
#10656=AXIS2_PLACEMENT_3D('',#16946,#13335,#13336);
#10657=AXIS2_PLACEMENT_3D('',#16950,#13339,#13340);
#10658=AXIS2_PLACEMENT_3D('',#16953,#13342,#13343);
#10659=AXIS2_PLACEMENT_3D('',#16954,#13344,#13345);
#10660=AXIS2_PLACEMENT_3D('',#16958,#13348,#13349);
#10661=AXIS2_PLACEMENT_3D('',#16961,#13352,#13353);
#10662=AXIS2_PLACEMENT_3D('',#16965,#13356,#13357);
#10663=AXIS2_PLACEMENT_3D('',#16966,#13358,#13359);
#10664=AXIS2_PLACEMENT_3D('',#16968,#13361,#13362);
#10665=AXIS2_PLACEMENT_3D('',#16969,#13363,#13364);
#10666=AXIS2_PLACEMENT_3D('',#16971,#13366,#13367);
#10667=AXIS2_PLACEMENT_3D('',#16973,#13369,#13370);
#10668=AXIS2_PLACEMENT_3D('',#16975,#13372,#13373);
#10669=AXIS2_PLACEMENT_3D('',#16976,#13374,#13375);
#10670=DIRECTION('axis',(0.,0.,1.));
#10671=DIRECTION('refdir',(1.,0.,0.));
#10672=DIRECTION('center_axis',(0.34202014332567,0.,-0.939692620785908));
#10673=DIRECTION('ref_axis',(0.664463024388675,0.707106781186547,0.241844762647975));
#10674=DIRECTION('center_axis',(0.342020143325672,0.,-0.939692620785907));
#10675=DIRECTION('ref_axis',(0.,1.,0.));
#10676=DIRECTION('',(-0.34202014332567,0.,0.939692620785908));
#10677=DIRECTION('',(0.34202014332567,0.,-0.939692620785908));
#10678=DIRECTION('center_axis',(-0.939692620785908,0.,-0.34202014332567));
#10679=DIRECTION('ref_axis',(0.,1.,0.));
#10680=DIRECTION('center_axis',(0.,-1.,0.));
#10681=DIRECTION('ref_axis',(0.906307787036651,0.,-0.422618261740698));
#10682=DIRECTION('center_axis',(0.,1.,0.));
#10683=DIRECTION('ref_axis',(0.906307787036651,0.,-0.422618261740698));
#10684=DIRECTION('center_axis',(-0.939692620785907,0.,-0.342020143325673));
#10685=DIRECTION('ref_axis',(0.241844762647978,0.707106781186547,-0.664463024388675));
#10686=DIRECTION('center_axis',(-0.939692620785907,0.,-0.342020143325672));
#10687=DIRECTION('ref_axis',(0.,1.,0.));
#10688=DIRECTION('',(0.939692620785907,0.,0.342020143325673));
#10689=DIRECTION('',(-0.939692620785907,0.,-0.342020143325673));
#10690=DIRECTION('center_axis',(-0.34202014332567,0.,0.939692620785908));
#10691=DIRECTION('ref_axis',(0.,1.,0.));
#10692=DIRECTION('center_axis',(0.,-1.,0.));
#10693=DIRECTION('ref_axis',(-0.422618261740699,0.,-0.90630778703665));
#10694=DIRECTION('center_axis',(0.,1.,0.));
#10695=DIRECTION('ref_axis',(-0.422618261740699,0.,-0.90630778703665));
#10696=DIRECTION('center_axis',(-0.34202014332567,0.,0.939692620785908));
#10697=DIRECTION('ref_axis',(-0.664463024388675,0.707106781186547,-0.241844762647978));
#10698=DIRECTION('',(0.34202014332567,0.,-0.939692620785908));
#10699=DIRECTION('',(-0.34202014332567,0.,0.939692620785908));
#10700=DIRECTION('center_axis',(0.,-1.,0.));
#10701=DIRECTION('ref_axis',(0.342020143325669,0.,-0.939692620785908));
#10702=DIRECTION('center_axis',(0.,1.,0.));
#10703=DIRECTION('ref_axis',(-0.939692620785909,0.,-0.342020143325667));
#10704=DIRECTION('center_axis',(0.64278760968654,0.,-0.766044443118978));
#10705=DIRECTION('ref_axis',(0.541675220419703,0.707106781186546,0.454519477672045));
#10706=DIRECTION('center_axis',(0.642787609686541,0.,-0.766044443118977));
#10707=DIRECTION('ref_axis',(0.,1.,0.));
#10708=DIRECTION('',(-0.64278760968654,0.,0.766044443118978));
#10709=DIRECTION('',(0.64278760968654,0.,-0.766044443118978));
#10710=DIRECTION('center_axis',(-0.766044443118977,0.,-0.64278760968654));
#10711=DIRECTION('ref_axis',(0.,1.,0.));
#10712=DIRECTION('center_axis',(0.,-1.,0.));
#10713=DIRECTION('ref_axis',(0.996194698091746,0.,-0.0871557427476579));
#10714=DIRECTION('center_axis',(0.,1.,0.));
#10715=DIRECTION('ref_axis',(0.996194698091746,0.,-0.0871557427476579));
#10716=DIRECTION('center_axis',(-0.766044443118975,0.,-0.642787609686543));
#10717=DIRECTION('ref_axis',(0.454519477672045,0.707106781186547,-0.541675220419701));
#10718=DIRECTION('center_axis',(-0.766044443118975,0.,-0.642787609686543));
#10719=DIRECTION('ref_axis',(0.,1.,0.));
#10720=DIRECTION('',(0.766044443118975,0.,0.642787609686542));
#10721=DIRECTION('',(-0.766044443118975,0.,-0.642787609686543));
#10722=DIRECTION('center_axis',(-0.642787609686542,0.,0.766044443118976));
#10723=DIRECTION('ref_axis',(0.,1.,0.));
#10724=DIRECTION('center_axis',(0.,-1.,0.));
#10725=DIRECTION('ref_axis',(-0.0871557427476572,0.,-0.996194698091746));
#10726=DIRECTION('center_axis',(0.,1.,0.));
#10727=DIRECTION('ref_axis',(-0.0871557427476572,0.,-0.996194698091746));
#10728=DIRECTION('center_axis',(-0.64278760968654,0.,0.766044443118978));
#10729=DIRECTION('ref_axis',(-0.541675220419703,0.707106781186546,-0.454519477672045));
#10730=DIRECTION('',(0.64278760968654,0.,-0.766044443118978));
#10731=DIRECTION('',(-0.64278760968654,0.,0.766044443118978));
#10732=DIRECTION('center_axis',(0.,-1.,0.));
#10733=DIRECTION('ref_axis',(0.64278760968654,0.,-0.766044443118978));
#10734=DIRECTION('center_axis',(0.,1.,0.));
#10735=DIRECTION('ref_axis',(-0.766044443118979,0.,-0.642787609686538));
#10736=DIRECTION('center_axis',(0.866025403784439,0.,-0.5));
#10737=DIRECTION('ref_axis',(0.353553390593273,0.707106781186548,0.612372435695794));
#10738=DIRECTION('center_axis',(0.866025403784439,0.,-0.499999999999999));
#10739=DIRECTION('ref_axis',(0.,1.,0.));
#10740=DIRECTION('',(-0.866025403784439,0.,0.5));
#10741=DIRECTION('',(0.866025403784439,0.,-0.5));
#10742=DIRECTION('center_axis',(-0.5,0.,-0.866025403784438));
#10743=DIRECTION('ref_axis',(0.,1.,0.));
#10744=DIRECTION('center_axis',(0.,-1.,0.));
#10745=DIRECTION('ref_axis',(0.965925826289068,0.,0.258819045102521));
#10746=DIRECTION('center_axis',(0.,1.,0.));
#10747=DIRECTION('ref_axis',(0.965925826289068,0.,0.258819045102521));
#10748=DIRECTION('center_axis',(-0.499999999999997,0.,-0.86602540378444));
#10749=DIRECTION('ref_axis',(0.612372435695797,0.707106781186546,-0.353553390593272));
#10750=DIRECTION('center_axis',(-0.499999999999997,0.,-0.86602540378444));
#10751=DIRECTION('ref_axis',(0.,1.,0.));
#10752=DIRECTION('',(0.499999999999997,0.,0.86602540378444));
#10753=DIRECTION('',(-0.499999999999997,0.,-0.86602540378444));
#10754=DIRECTION('center_axis',(-0.866025403784438,0.,0.500000000000001));
#10755=DIRECTION('ref_axis',(0.,1.,0.));
#10756=DIRECTION('center_axis',(0.,-1.,0.));
#10757=DIRECTION('ref_axis',(0.258819045102521,0.,-0.965925826289068));
#10758=DIRECTION('center_axis',(0.,1.,0.));
#10759=DIRECTION('ref_axis',(0.258819045102521,0.,-0.965925826289068));
#10760=DIRECTION('center_axis',(-0.866025403784439,0.,0.5));
#10761=DIRECTION('ref_axis',(-0.353553390593276,0.707106781186547,-0.612372435695794));
#10762=DIRECTION('',(0.866025403784439,0.,-0.5));
#10763=DIRECTION('',(-0.866025403784439,0.,0.5));
#10764=DIRECTION('center_axis',(0.,-1.,0.));
#10765=DIRECTION('ref_axis',(0.866025403784439,0.,-0.5));
#10766=DIRECTION('center_axis',(0.,1.,0.));
#10767=DIRECTION('ref_axis',(-0.500000000000002,0.,-0.866025403784438));
#10768=DIRECTION('center_axis',(0.984807753012208,0.,-0.17364817766693));
#10769=DIRECTION('ref_axis',(0.122787803968971,0.707106781186547,0.69636424032002));
#10770=DIRECTION('center_axis',(0.984807753012209,0.,-0.173648177666927));
#10771=DIRECTION('ref_axis',(0.,1.,0.));
#10772=DIRECTION('',(-0.984807753012208,0.,0.17364817766693));
#10773=DIRECTION('',(0.984807753012208,0.,-0.17364817766693));
#10774=DIRECTION('center_axis',(-0.173648177666929,0.,-0.984807753012208));
#10775=DIRECTION('ref_axis',(0.,1.,0.));
#10776=DIRECTION('center_axis',(0.,-1.,0.));
#10777=DIRECTION('ref_axis',(0.819152044288992,0.,0.573576436351046));
#10778=DIRECTION('center_axis',(0.,1.,0.));
#10779=DIRECTION('ref_axis',(0.819152044288992,0.,0.573576436351046));
#10780=DIRECTION('center_axis',(-0.173648177666926,0.,-0.984807753012209));
#10781=DIRECTION('ref_axis',(0.69636424032002,0.707106781186547,-0.12278780396897));
#10782=DIRECTION('center_axis',(-0.173648177666926,0.,-0.984807753012209));
#10783=DIRECTION('ref_axis',(0.,1.,0.));
#10784=DIRECTION('',(0.173648177666926,0.,0.984807753012209));
#10785=DIRECTION('',(-0.173648177666926,0.,-0.984807753012209));
#10786=DIRECTION('center_axis',(-0.984807753012208,0.,0.173648177666931));
#10787=DIRECTION('ref_axis',(0.,1.,0.));
#10788=DIRECTION('center_axis',(0.,-1.,0.));
#10789=DIRECTION('ref_axis',(0.573576436351046,0.,-0.819152044288992));
#10790=DIRECTION('center_axis',(0.,1.,0.));
#10791=DIRECTION('ref_axis',(0.573576436351046,0.,-0.819152044288992));
#10792=DIRECTION('center_axis',(-0.984807753012208,0.,0.17364817766693));
#10793=DIRECTION('ref_axis',(-0.122787803968971,0.707106781186547,-0.69636424032002));
#10794=DIRECTION('',(0.984807753012208,0.,-0.17364817766693));
#10795=DIRECTION('',(-0.984807753012208,0.,0.17364817766693));
#10796=DIRECTION('center_axis',(0.,-1.,0.));
#10797=DIRECTION('ref_axis',(0.984807753012208,0.,-0.17364817766693));
#10798=DIRECTION('center_axis',(0.,1.,0.));
#10799=DIRECTION('ref_axis',(-0.173648177666932,0.,-0.984807753012208));
#10800=DIRECTION('center_axis',(0.984807753012208,0.,0.173648177666931));
#10801=DIRECTION('ref_axis',(-0.122787803968974,0.707106781186547,0.69636424032002));
#10802=DIRECTION('center_axis',(0.984807753012208,0.,0.173648177666932));
#10803=DIRECTION('ref_axis',(0.,1.,0.));
#10804=DIRECTION('',(-0.984807753012208,0.,-0.173648177666931));
#10805=DIRECTION('',(0.984807753012208,0.,0.173648177666931));
#10806=DIRECTION('center_axis',(0.17364817766693,0.,-0.984807753012208));
#10807=DIRECTION('ref_axis',(0.,1.,0.));
#10808=DIRECTION('center_axis',(0.,-1.,0.));
#10809=DIRECTION('ref_axis',(0.573576436351046,0.,0.819152044288992));
#10810=DIRECTION('center_axis',(0.,1.,0.));
#10811=DIRECTION('ref_axis',(0.573576436351046,0.,0.819152044288992));
#10812=DIRECTION('center_axis',(0.173648177666934,0.,-0.984807753012208));
#10813=DIRECTION('ref_axis',(0.69636424032002,0.707106781186546,0.122787803968976));
#10814=DIRECTION('center_axis',(0.173648177666934,0.,-0.984807753012207));
#10815=DIRECTION('ref_axis',(0.,1.,0.));
#10816=DIRECTION('',(-0.173648177666934,0.,0.984807753012207));
#10817=DIRECTION('',(0.173648177666934,0.,-0.984807753012207));
#10818=DIRECTION('center_axis',(-0.984807753012208,0.,-0.173648177666931));
#10819=DIRECTION('ref_axis',(0.,1.,0.));
#10820=DIRECTION('center_axis',(0.,-1.,0.));
#10821=DIRECTION('ref_axis',(0.819152044288991,0.,-0.573576436351046));
#10822=DIRECTION('center_axis',(0.,1.,0.));
#10823=DIRECTION('ref_axis',(0.819152044288992,0.,-0.573576436351046));
#10824=DIRECTION('center_axis',(-0.984807753012208,0.,-0.173648177666931));
#10825=DIRECTION('ref_axis',(0.122787803968971,0.707106781186547,-0.69636424032002));
#10826=DIRECTION('',(0.984807753012208,0.,0.173648177666931));
#10827=DIRECTION('',(-0.984807753012208,0.,-0.173648177666931));
#10828=DIRECTION('center_axis',(0.,-1.,0.));
#10829=DIRECTION('ref_axis',(0.984807753012208,0.,0.17364817766693));
#10830=DIRECTION('center_axis',(0.,1.,0.));
#10831=DIRECTION('ref_axis',(0.173648177666928,0.,-0.984807753012209));
#10832=DIRECTION('center_axis',(0.866025403784438,0.,0.500000000000001));
#10833=DIRECTION('ref_axis',(-0.353553390593275,0.707106781186546,0.612372435695795));
#10834=DIRECTION('center_axis',(0.866025403784437,0.,0.500000000000002));
#10835=DIRECTION('ref_axis',(0.,1.,0.));
#10836=DIRECTION('',(-0.866025403784438,0.,-0.500000000000001));
#10837=DIRECTION('',(0.866025403784438,0.,0.500000000000001));
#10838=DIRECTION('center_axis',(0.500000000000001,0.,-0.866025403784438));
#10839=DIRECTION('ref_axis',(0.,1.,0.));
#10840=DIRECTION('center_axis',(0.,-1.,0.));
#10841=DIRECTION('ref_axis',(0.25881904510252,0.,0.965925826289069));
#10842=DIRECTION('center_axis',(0.,1.,0.));
#10843=DIRECTION('ref_axis',(0.25881904510252,0.,0.965925826289068));
#10844=DIRECTION('center_axis',(0.500000000000004,0.,-0.866025403784437));
#10845=DIRECTION('ref_axis',(0.612372435695794,0.707106781186546,0.353553390593277));
#10846=DIRECTION('center_axis',(0.500000000000004,0.,-0.866025403784436));
#10847=DIRECTION('ref_axis',(0.,1.,0.));
#10848=DIRECTION('',(-0.500000000000004,0.,0.866025403784437));
#10849=DIRECTION('',(0.500000000000004,0.,-0.866025403784437));
#10850=DIRECTION('center_axis',(-0.866025403784437,0.,-0.500000000000002));
#10851=DIRECTION('ref_axis',(0.,1.,0.));
#10852=DIRECTION('center_axis',(0.,-1.,0.));
#10853=DIRECTION('ref_axis',(0.965925826289068,0.,-0.25881904510252));
#10854=DIRECTION('center_axis',(0.,1.,0.));
#10855=DIRECTION('ref_axis',(0.965925826289068,0.,-0.25881904510252));
#10856=DIRECTION('center_axis',(-0.866025403784438,0.,-0.500000000000001));
#10857=DIRECTION('ref_axis',(0.353553390593273,0.707106781186547,-0.612372435695796));
#10858=DIRECTION('',(0.866025403784438,0.,0.500000000000001));
#10859=DIRECTION('',(-0.866025403784438,0.,-0.500000000000001));
#10860=DIRECTION('center_axis',(0.,-1.,0.));
#10861=DIRECTION('ref_axis',(0.866025403784438,0.,0.5));
#10862=DIRECTION('center_axis',(0.,1.,0.));
#10863=DIRECTION('ref_axis',(0.499999999999999,0.,-0.866025403784439));
#10864=DIRECTION('center_axis',(0.642787609686539,0.,0.766044443118978));
#10865=DIRECTION('ref_axis',(-0.5416752204197,0.707106781186548,0.454519477672045));
#10866=DIRECTION('center_axis',(0.642787609686538,1.70096035727369E-15,
0.766044443118979));
#10867=DIRECTION('ref_axis',(0.,1.,-2.22044604925031E-15));
#10868=DIRECTION('',(-0.642787609686539,0.,-0.766044443118978));
#10869=DIRECTION('',(0.642787609686539,0.,0.766044443118978));
#10870=DIRECTION('center_axis',(0.766044443118979,0.,-0.642787609686538));
#10871=DIRECTION('ref_axis',(0.,1.,0.));
#10872=DIRECTION('center_axis',(0.,-1.,0.));
#10873=DIRECTION('ref_axis',(-0.0871557427476586,0.,0.996194698091746));
#10874=DIRECTION('center_axis',(0.,1.,0.));
#10875=DIRECTION('ref_axis',(-0.0871557427476586,0.,0.996194698091746));
#10876=DIRECTION('center_axis',(0.76604444311898,0.,-0.642787609686537));
#10877=DIRECTION('ref_axis',(0.454519477672042,0.707106781186548,0.541675220419703));
#10878=DIRECTION('center_axis',(0.76604444311898,0.,-0.642787609686537));
#10879=DIRECTION('ref_axis',(0.,1.,0.));
#10880=DIRECTION('',(-0.76604444311898,0.,0.642787609686536));
#10881=DIRECTION('',(0.76604444311898,0.,-0.642787609686537));
#10882=DIRECTION('center_axis',(-0.642787609686539,0.,-0.766044443118979));
#10883=DIRECTION('ref_axis',(0.,1.,0.));
#10884=DIRECTION('center_axis',(0.,-1.,0.));
#10885=DIRECTION('ref_axis',(0.996194698091745,0.,0.0871557427476592));
#10886=DIRECTION('center_axis',(0.,1.,0.));
#10887=DIRECTION('ref_axis',(0.996194698091745,0.,0.0871557427476592));
#10888=DIRECTION('center_axis',(-0.642787609686539,0.,-0.766044443118978));
#10889=DIRECTION('ref_axis',(0.541675220419702,0.707106781186548,-0.454519477672042));
#10890=DIRECTION('',(0.642787609686539,0.,0.766044443118978));
#10891=DIRECTION('',(-0.642787609686539,0.,-0.766044443118978));
#10892=DIRECTION('center_axis',(0.,-1.,0.));
#10893=DIRECTION('ref_axis',(0.642787609686539,0.,0.766044443118978));
#10894=DIRECTION('center_axis',(0.,1.,0.));
#10895=DIRECTION('ref_axis',(0.766044443118977,0.,-0.642787609686541));
#10896=DIRECTION('center_axis',(0.342020143325668,0.,0.939692620785909));
#10897=DIRECTION('ref_axis',(-0.664463024388676,0.707106781186547,0.241844762647974));
#10898=DIRECTION('center_axis',(0.342020143325667,0.,0.939692620785909));
#10899=DIRECTION('ref_axis',(0.,1.,0.));
#10900=DIRECTION('',(-0.342020143325668,0.,-0.939692620785909));
#10901=DIRECTION('',(0.342020143325668,0.,0.939692620785909));
#10902=DIRECTION('center_axis',(0.939692620785909,0.,-0.342020143325667));
#10903=DIRECTION('ref_axis',(0.,1.,0.));
#10904=DIRECTION('center_axis',(0.,-1.,0.));
#10905=DIRECTION('ref_axis',(-0.422618261740699,0.,0.90630778703665));
#10906=DIRECTION('center_axis',(0.,1.,0.));
#10907=DIRECTION('ref_axis',(-0.422618261740699,0.,0.90630778703665));
#10908=DIRECTION('center_axis',(0.93969262078591,0.,-0.342020143325665));
#10909=DIRECTION('ref_axis',(0.241844762647973,0.707106781186548,0.664463024388675));
#10910=DIRECTION('center_axis',(0.93969262078591,0.,-0.342020143325665));
#10911=DIRECTION('ref_axis',(0.,1.,0.));
#10912=DIRECTION('',(-0.93969262078591,0.,0.342020143325665));
#10913=DIRECTION('',(0.93969262078591,0.,-0.342020143325665));
#10914=DIRECTION('center_axis',(-0.342020143325671,0.,-0.939692620785908));
#10915=DIRECTION('ref_axis',(0.,1.,0.));
#10916=DIRECTION('center_axis',(0.,-1.,0.));
#10917=DIRECTION('ref_axis',(0.906307787036649,0.,0.4226182617407));
#10918=DIRECTION('center_axis',(0.,1.,0.));
#10919=DIRECTION('ref_axis',(0.90630778703665,0.,0.4226182617407));
#10920=DIRECTION('center_axis',(-0.342020143325668,0.,-0.939692620785909));
#10921=DIRECTION('ref_axis',(0.664463024388675,0.707106781186548,-0.241844762647975));
#10922=DIRECTION('',(0.342020143325668,0.,0.939692620785909));
#10923=DIRECTION('',(-0.342020143325668,0.,-0.939692620785909));
#10924=DIRECTION('center_axis',(0.,-1.,0.));
#10925=DIRECTION('ref_axis',(0.342020143325669,0.,0.939692620785909));
#10926=DIRECTION('center_axis',(0.,1.,0.));
#10927=DIRECTION('ref_axis',(0.939692620785908,0.,-0.342020143325671));
#10928=DIRECTION('center_axis',(-2.77555756156289E-16,0.,1.));
#10929=DIRECTION('ref_axis',(-0.707106781186548,0.707106781186547,0.));
#10930=DIRECTION('center_axis',(0.,0.,1.));
#10931=DIRECTION('ref_axis',(0.,1.,0.));
#10932=DIRECTION('',(2.77555756156289E-16,0.,-1.));
#10933=DIRECTION('',(-2.77555756156289E-16,0.,1.));
#10934=DIRECTION('center_axis',(1.,0.,6.93889390390721E-16));
#10935=DIRECTION('ref_axis',(0.,1.,0.));
#10936=DIRECTION('center_axis',(0.,-1.,0.));
#10937=DIRECTION('ref_axis',(-0.707106781186547,0.,0.707106781186548));
#10938=DIRECTION('center_axis',(0.,1.,0.));
#10939=DIRECTION('ref_axis',(-0.707106781186547,0.,0.707106781186548));
#10940=DIRECTION('center_axis',(1.,0.,3.83026943495679E-15));
#10941=DIRECTION('ref_axis',(-2.69859641336274E-15,0.707106781186548,0.707106781186548));
#10942=DIRECTION('center_axis',(1.,0.,3.81639164714898E-15));
#10943=DIRECTION('ref_axis',(0.,1.,0.));
#10944=DIRECTION('',(-1.,0.,-3.83026943495679E-15));
#10945=DIRECTION('',(1.,0.,3.83026943495679E-15));
#10946=DIRECTION('center_axis',(0.,0.,-1.));
#10947=DIRECTION('ref_axis',(0.,1.,0.));
#10948=DIRECTION('center_axis',(0.,-1.,0.));
#10949=DIRECTION('ref_axis',(0.707106781186547,0.,0.707106781186548));
#10950=DIRECTION('center_axis',(0.,1.,0.));
#10951=DIRECTION('ref_axis',(0.707106781186547,0.,0.707106781186548));
#10952=DIRECTION('center_axis',(3.33066907387547E-16,0.,-1.));
#10953=DIRECTION('ref_axis',(0.707106781186548,0.707106781186547,0.));
#10954=DIRECTION('',(-3.33066907387547E-16,0.,1.));
#10955=DIRECTION('',(3.33066907387547E-16,0.,-1.));
#10956=DIRECTION('center_axis',(0.,-1.,0.));
#10957=DIRECTION('ref_axis',(-5.55111512312578E-17,0.,1.));
#10958=DIRECTION('center_axis',(0.,1.,0.));
#10959=DIRECTION('ref_axis',(1.,0.,-1.89242561015652E-15));
#10960=DIRECTION('center_axis',(-0.342020143325669,0.,0.939692620785908));
#10961=DIRECTION('ref_axis',(-0.664463024388675,0.707106781186547,-0.241844762647978));
#10962=DIRECTION('center_axis',(-0.342020143325672,0.,0.939692620785907));
#10963=DIRECTION('ref_axis',(0.,1.,0.));
#10964=DIRECTION('',(0.342020143325669,0.,-0.939692620785908));
#10965=DIRECTION('',(-0.342020143325669,0.,0.939692620785908));
#10966=DIRECTION('center_axis',(0.939692620785908,0.,0.342020143325669));
#10967=DIRECTION('ref_axis',(0.,1.,0.));
#10968=DIRECTION('center_axis',(0.,-1.,0.));
#10969=DIRECTION('ref_axis',(-0.90630778703665,0.,0.422618261740699));
#10970=DIRECTION('center_axis',(0.,1.,0.));
#10971=DIRECTION('ref_axis',(-0.90630778703665,0.,0.422618261740699));
#10972=DIRECTION('center_axis',(0.939692620785907,0.,0.342020143325672));
#10973=DIRECTION('ref_axis',(-0.241844762647978,0.707106781186549,0.664463024388672));
#10974=DIRECTION('center_axis',(0.939692620785907,0.,0.342020143325673));
#10975=DIRECTION('ref_axis',(0.,1.,0.));
#10976=DIRECTION('',(-0.939692620785907,0.,-0.342020143325672));
#10977=DIRECTION('',(0.939692620785907,0.,0.342020143325672));
#10978=DIRECTION('center_axis',(0.342020143325668,0.,-0.939692620785909));
#10979=DIRECTION('ref_axis',(0.,1.,0.));
#10980=DIRECTION('center_axis',(0.,-1.,0.));
#10981=DIRECTION('ref_axis',(0.422618261740699,0.,0.90630778703665));
#10982=DIRECTION('center_axis',(0.,1.,0.));
#10983=DIRECTION('ref_axis',(0.422618261740699,0.,0.90630778703665));
#10984=DIRECTION('center_axis',(0.342020143325669,0.,-0.939692620785908));
#10985=DIRECTION('ref_axis',(0.664463024388675,0.707106781186547,0.241844762647978));
#10986=DIRECTION('',(-0.342020143325669,0.,0.939692620785908));
#10987=DIRECTION('',(0.342020143325669,0.,-0.939692620785908));
#10988=DIRECTION('center_axis',(0.,-1.,0.));
#10989=DIRECTION('ref_axis',(-0.342020143325669,0.,0.939692620785908));
#10990=DIRECTION('center_axis',(0.,1.,0.));
#10991=DIRECTION('ref_axis',(0.939692620785909,0.,0.342020143325667));
#10992=DIRECTION('center_axis',(-0.64278760968654,0.,0.766044443118978));
#10993=DIRECTION('ref_axis',(-0.541675220419703,0.707106781186546,-0.454519477672045));
#10994=DIRECTION('center_axis',(-0.642787609686539,0.,0.766044443118978));
#10995=DIRECTION('ref_axis',(0.,1.,0.));
#10996=DIRECTION('',(0.64278760968654,0.,-0.766044443118978));
#10997=DIRECTION('',(-0.64278760968654,0.,0.766044443118978));
#10998=DIRECTION('center_axis',(0.766044443118978,0.,0.642787609686539));
#10999=DIRECTION('ref_axis',(0.,1.,0.));
#11000=DIRECTION('center_axis',(0.,-1.,0.));
#11001=DIRECTION('ref_axis',(-0.996194698091746,0.,0.0871557427476579));
#11002=DIRECTION('center_axis',(0.,1.,0.));
#11003=DIRECTION('ref_axis',(-0.996194698091746,0.,0.0871557427476579));
#11004=DIRECTION('center_axis',(0.766044443118975,0.,0.642787609686542));
#11005=DIRECTION('ref_axis',(-0.454519477672046,0.707106781186548,0.541675220419699));
#11006=DIRECTION('center_axis',(0.766044443118976,0.,0.642787609686541));
#11007=DIRECTION('ref_axis',(0.,1.,0.));
#11008=DIRECTION('',(-0.766044443118975,0.,-0.642787609686542));
#11009=DIRECTION('',(0.766044443118975,0.,0.642787609686542));
#11010=DIRECTION('center_axis',(0.64278760968654,0.,-0.766044443118977));
#11011=DIRECTION('ref_axis',(0.,1.,0.));
#11012=DIRECTION('center_axis',(0.,-1.,0.));
#11013=DIRECTION('ref_axis',(0.0871557427476572,0.,0.996194698091746));
#11014=DIRECTION('center_axis',(0.,1.,0.));
#11015=DIRECTION('ref_axis',(0.0871557427476572,0.,0.996194698091746));
#11016=DIRECTION('center_axis',(0.64278760968654,0.,-0.766044443118978));
#11017=DIRECTION('ref_axis',(0.541675220419703,0.707106781186546,0.454519477672045));
#11018=DIRECTION('',(-0.64278760968654,0.,0.766044443118978));
#11019=DIRECTION('',(0.64278760968654,0.,-0.766044443118978));
#11020=DIRECTION('center_axis',(0.,-1.,0.));
#11021=DIRECTION('ref_axis',(-0.642787609686539,0.,0.766044443118978));
#11022=DIRECTION('center_axis',(0.,1.,0.));
#11023=DIRECTION('ref_axis',(0.766044443118979,0.,0.642787609686538));
#11024=DIRECTION('center_axis',(-0.866025403784439,0.,0.5));
#11025=DIRECTION('ref_axis',(-0.353553390593275,0.707106781186545,-0.612372435695796));
#11026=DIRECTION('center_axis',(-0.86602540378444,0.,0.499999999999998));
#11027=DIRECTION('ref_axis',(0.,1.,0.));
#11028=DIRECTION('',(0.866025403784439,0.,-0.5));
#11029=DIRECTION('',(-0.866025403784439,0.,0.5));
#11030=DIRECTION('center_axis',(0.500000000000001,0.,0.866025403784438));
#11031=DIRECTION('ref_axis',(0.,1.,0.));
#11032=DIRECTION('center_axis',(0.,-1.,0.));
#11033=DIRECTION('ref_axis',(-0.965925826289068,0.,-0.258819045102521));
#11034=DIRECTION('center_axis',(0.,1.,0.));
#11035=DIRECTION('ref_axis',(-0.965925826289068,0.,-0.258819045102521));
#11036=DIRECTION('center_axis',(0.499999999999997,0.,0.866025403784441));
#11037=DIRECTION('ref_axis',(-0.612372435695797,0.707106781186547,0.353553390593271));
#11038=DIRECTION('center_axis',(0.499999999999996,0.,0.866025403784441));
#11039=DIRECTION('ref_axis',(0.,1.,0.));
#11040=DIRECTION('',(-0.499999999999997,0.,-0.866025403784441));
#11041=DIRECTION('',(0.499999999999997,0.,0.866025403784441));
#11042=DIRECTION('center_axis',(0.866025403784439,0.,-0.499999999999999));
#11043=DIRECTION('ref_axis',(0.,1.,0.));
#11044=DIRECTION('center_axis',(0.,-1.,0.));
#11045=DIRECTION('ref_axis',(-0.258819045102521,0.,0.965925826289068));
#11046=DIRECTION('center_axis',(0.,1.,0.));
#11047=DIRECTION('ref_axis',(-0.258819045102521,0.,0.965925826289068));
#11048=DIRECTION('center_axis',(0.866025403784439,0.,-0.5));
#11049=DIRECTION('ref_axis',(0.353553390593275,0.707106781186546,0.612372435695795));
#11050=DIRECTION('',(-0.866025403784439,0.,0.5));
#11051=DIRECTION('',(0.866025403784439,0.,-0.5));
#11052=DIRECTION('center_axis',(0.,-1.,0.));
#11053=DIRECTION('ref_axis',(-0.866025403784439,0.,0.5));
#11054=DIRECTION('center_axis',(0.,1.,0.));
#11055=DIRECTION('ref_axis',(0.500000000000002,0.,0.866025403784438));
#11056=DIRECTION('center_axis',(-0.984807753012208,0.,0.17364817766693));
#11057=DIRECTION('ref_axis',(-0.122787803968971,0.707106781186547,-0.69636424032002));
#11058=DIRECTION('center_axis',(-0.984807753012208,0.,0.17364817766693));
#11059=DIRECTION('ref_axis',(0.,1.,0.));
#11060=DIRECTION('',(0.984807753012208,0.,-0.17364817766693));
#11061=DIRECTION('',(-0.984807753012208,0.,0.17364817766693));
#11062=DIRECTION('center_axis',(0.17364817766693,0.,0.984807753012208));
#11063=DIRECTION('ref_axis',(0.,1.,0.));
#11064=DIRECTION('center_axis',(0.,-1.,0.));
#11065=DIRECTION('ref_axis',(-0.819152044288992,0.,-0.573576436351046));
#11066=DIRECTION('center_axis',(0.,1.,0.));
#11067=DIRECTION('ref_axis',(-0.819152044288992,0.,-0.573576436351046));
#11068=DIRECTION('center_axis',(0.173648177666927,0.,0.984807753012209));
#11069=DIRECTION('ref_axis',(-0.69636424032002,0.707106781186547,0.122787803968971));
#11070=DIRECTION('center_axis',(0.173648177666926,0.,0.984807753012209));
#11071=DIRECTION('ref_axis',(0.,1.,0.));
#11072=DIRECTION('',(-0.173648177666927,0.,-0.984807753012209));
#11073=DIRECTION('',(0.173648177666927,0.,0.984807753012209));
#11074=DIRECTION('center_axis',(0.984807753012208,0.,-0.173648177666931));
#11075=DIRECTION('ref_axis',(0.,1.,0.));
#11076=DIRECTION('center_axis',(0.,-1.,0.));
#11077=DIRECTION('ref_axis',(-0.573576436351046,0.,0.819152044288992));
#11078=DIRECTION('center_axis',(0.,1.,0.));
#11079=DIRECTION('ref_axis',(-0.573576436351046,0.,0.819152044288992));
#11080=DIRECTION('center_axis',(0.984807753012208,0.,-0.17364817766693));
#11081=DIRECTION('ref_axis',(0.122787803968971,0.707106781186547,0.69636424032002));
#11082=DIRECTION('',(-0.984807753012208,0.,0.17364817766693));
#11083=DIRECTION('',(0.984807753012208,0.,-0.17364817766693));
#11084=DIRECTION('center_axis',(0.,-1.,0.));
#11085=DIRECTION('ref_axis',(-0.984807753012208,0.,0.17364817766693));
#11086=DIRECTION('center_axis',(0.,1.,0.));
#11087=DIRECTION('ref_axis',(0.173648177666932,0.,0.984807753012208));
#11088=DIRECTION('center_axis',(-0.984807753012208,0.,-0.173648177666931));
#11089=DIRECTION('ref_axis',(0.122787803968974,0.707106781186547,-0.69636424032002));
#11090=DIRECTION('center_axis',(-0.984807753012208,0.,-0.173648177666932));
#11091=DIRECTION('ref_axis',(0.,1.,0.));
#11092=DIRECTION('',(0.984807753012208,0.,0.173648177666931));
#11093=DIRECTION('',(-0.984807753012208,0.,-0.173648177666931));
#11094=DIRECTION('center_axis',(-0.17364817766693,0.,0.984807753012208));
#11095=DIRECTION('ref_axis',(0.,1.,0.));
#11096=DIRECTION('center_axis',(0.,-1.,0.));
#11097=DIRECTION('ref_axis',(-0.573576436351046,0.,-0.819152044288992));
#11098=DIRECTION('center_axis',(0.,1.,0.));
#11099=DIRECTION('ref_axis',(-0.573576436351046,0.,-0.819152044288992));
#11100=DIRECTION('center_axis',(-0.173648177666934,0.,0.984807753012207));
#11101=DIRECTION('ref_axis',(-0.696364240320018,0.707106781186548,-0.122787803968976));
#11102=DIRECTION('center_axis',(-0.173648177666934,0.,0.984807753012208));
#11103=DIRECTION('ref_axis',(0.,1.,0.));
#11104=DIRECTION('',(0.173648177666934,0.,-0.984807753012207));
#11105=DIRECTION('',(-0.173648177666934,0.,0.984807753012207));
#11106=DIRECTION('center_axis',(0.984807753012208,0.,0.173648177666931));
#11107=DIRECTION('ref_axis',(0.,1.,0.));
#11108=DIRECTION('center_axis',(0.,-1.,0.));
#11109=DIRECTION('ref_axis',(-0.819152044288992,0.,0.573576436351046));
#11110=DIRECTION('center_axis',(0.,1.,0.));
#11111=DIRECTION('ref_axis',(-0.819152044288992,0.,0.573576436351046));
#11112=DIRECTION('center_axis',(0.984807753012208,0.,0.173648177666931));
#11113=DIRECTION('ref_axis',(-0.122787803968974,0.707106781186547,0.696364240320019));
#11114=DIRECTION('',(-0.984807753012208,0.,-0.173648177666931));
#11115=DIRECTION('',(0.984807753012208,0.,0.173648177666931));
#11116=DIRECTION('center_axis',(0.,-1.,0.));
#11117=DIRECTION('ref_axis',(-0.984807753012208,0.,-0.17364817766693));
#11118=DIRECTION('center_axis',(0.,1.,0.));
#11119=DIRECTION('ref_axis',(-0.173648177666928,0.,0.984807753012209));
#11120=DIRECTION('center_axis',(-0.866025403784439,0.,-0.5));
#11121=DIRECTION('ref_axis',(0.353553390593273,0.707106781186547,-0.612372435695795));
#11122=DIRECTION('center_axis',(-0.866025403784437,0.,-0.500000000000002));
#11123=DIRECTION('ref_axis',(0.,1.,0.));
#11124=DIRECTION('',(0.866025403784438,0.,0.5));
#11125=DIRECTION('',(-0.866025403784438,0.,-0.5));
#11126=DIRECTION('center_axis',(-0.5,0.,0.866025403784438));
#11127=DIRECTION('ref_axis',(0.,1.,0.));
#11128=DIRECTION('center_axis',(0.,-1.,0.));
#11129=DIRECTION('ref_axis',(-0.258819045102521,0.,-0.965925826289068));
#11130=DIRECTION('center_axis',(0.,1.,0.));
#11131=DIRECTION('ref_axis',(-0.258819045102521,0.,-0.965925826289068));
#11132=DIRECTION('center_axis',(-0.500000000000003,0.,0.866025403784437));
#11133=DIRECTION('ref_axis',(-0.612372435695794,0.707106781186546,-0.353553390593277));
#11134=DIRECTION('center_axis',(-0.500000000000003,0.,0.866025403784437));
#11135=DIRECTION('ref_axis',(0.,1.,0.));
#11136=DIRECTION('',(0.500000000000003,0.,-0.866025403784437));
#11137=DIRECTION('',(-0.500000000000003,0.,0.866025403784437));
#11138=DIRECTION('center_axis',(0.866025403784438,0.,0.500000000000001));
#11139=DIRECTION('ref_axis',(0.,1.,0.));
#11140=DIRECTION('center_axis',(0.,-1.,0.));
#11141=DIRECTION('ref_axis',(-0.965925826289068,0.,0.258819045102521));
#11142=DIRECTION('center_axis',(0.,1.,0.));
#11143=DIRECTION('ref_axis',(-0.965925826289068,0.,0.258819045102521));
#11144=DIRECTION('center_axis',(0.866025403784438,0.,0.5));
#11145=DIRECTION('ref_axis',(-0.353553390593276,0.707106781186547,0.612372435695793));
#11146=DIRECTION('',(-0.866025403784438,0.,-0.5));
#11147=DIRECTION('',(0.866025403784438,0.,0.5));
#11148=DIRECTION('center_axis',(0.,-1.,0.));
#11149=DIRECTION('ref_axis',(-0.866025403784439,0.,-0.5));
#11150=DIRECTION('center_axis',(0.,1.,0.));
#11151=DIRECTION('ref_axis',(-0.499999999999998,0.,0.86602540378444));
#11152=DIRECTION('center_axis',(-0.642787609686539,0.,-0.766044443118978));
#11153=DIRECTION('ref_axis',(0.5416752204197,0.707106781186548,-0.454519477672045));
#11154=DIRECTION('center_axis',(-0.642787609686538,1.70096035727369E-15,
-0.766044443118979));
#11155=DIRECTION('ref_axis',(0.,1.,2.22044604925031E-15));
#11156=DIRECTION('',(0.642787609686539,0.,0.766044443118978));
#11157=DIRECTION('',(-0.642787609686539,0.,-0.766044443118978));
#11158=DIRECTION('center_axis',(-0.766044443118979,0.,0.642787609686538));
#11159=DIRECTION('ref_axis',(0.,1.,0.));
#11160=DIRECTION('center_axis',(0.,-1.,0.));
#11161=DIRECTION('ref_axis',(0.0871557427476586,0.,-0.996194698091746));
#11162=DIRECTION('center_axis',(0.,1.,0.));
#11163=DIRECTION('ref_axis',(0.0871557427476586,0.,-0.996194698091746));
#11164=DIRECTION('center_axis',(-0.76604444311898,0.,0.642787609686537));
#11165=DIRECTION('ref_axis',(-0.454519477672042,0.707106781186548,-0.541675220419703));
#11166=DIRECTION('center_axis',(-0.76604444311898,0.,0.642787609686537));
#11167=DIRECTION('ref_axis',(0.,1.,0.));
#11168=DIRECTION('',(0.76604444311898,0.,-0.642787609686536));
#11169=DIRECTION('',(-0.76604444311898,0.,0.642787609686537));
#11170=DIRECTION('center_axis',(0.642787609686539,0.,0.766044443118979));
#11171=DIRECTION('ref_axis',(0.,1.,0.));
#11172=DIRECTION('center_axis',(0.,-1.,0.));
#11173=DIRECTION('ref_axis',(-0.996194698091745,0.,-0.0871557427476592));
#11174=DIRECTION('center_axis',(0.,1.,0.));
#11175=DIRECTION('ref_axis',(-0.996194698091745,0.,-0.0871557427476592));
#11176=DIRECTION('center_axis',(0.642787609686539,0.,0.766044443118978));
#11177=DIRECTION('ref_axis',(-0.541675220419702,0.707106781186548,0.454519477672042));
#11178=DIRECTION('',(-0.642787609686539,0.,-0.766044443118978));
#11179=DIRECTION('',(0.642787609686539,0.,0.766044443118978));
#11180=DIRECTION('center_axis',(0.,-1.,0.));
#11181=DIRECTION('ref_axis',(-0.642787609686539,0.,-0.766044443118978));
#11182=DIRECTION('center_axis',(0.,1.,0.));
#11183=DIRECTION('ref_axis',(-0.766044443118977,0.,0.642787609686541));
#11184=DIRECTION('center_axis',(-0.342020143325669,0.,-0.939692620785909));
#11185=DIRECTION('ref_axis',(0.664463024388674,0.707106781186548,-0.241844762647975));
#11186=DIRECTION('center_axis',(-0.342020143325667,0.,-0.939692620785909));
#11187=DIRECTION('ref_axis',(0.,1.,0.));
#11188=DIRECTION('',(0.342020143325669,0.,0.939692620785909));
#11189=DIRECTION('',(-0.342020143325669,0.,-0.939692620785909));
#11190=DIRECTION('center_axis',(-0.939692620785908,0.,0.342020143325669));
#11191=DIRECTION('ref_axis',(0.,1.,0.));
#11192=DIRECTION('center_axis',(0.,-1.,0.));
#11193=DIRECTION('ref_axis',(0.422618261740699,0.,-0.90630778703665));
#11194=DIRECTION('center_axis',(0.,1.,0.));
#11195=DIRECTION('ref_axis',(0.422618261740699,0.,-0.90630778703665));
#11196=DIRECTION('center_axis',(-0.93969262078591,0.,0.342020143325665));
#11197=DIRECTION('ref_axis',(-0.241844762647973,0.707106781186548,-0.664463024388675));
#11198=DIRECTION('center_axis',(-0.93969262078591,0.,0.342020143325666));
#11199=DIRECTION('ref_axis',(0.,1.,0.));
#11200=DIRECTION('',(0.93969262078591,0.,-0.342020143325665));
#11201=DIRECTION('',(-0.93969262078591,0.,0.342020143325665));
#11202=DIRECTION('center_axis',(0.342020143325671,0.,0.939692620785908));
#11203=DIRECTION('ref_axis',(0.,1.,0.));
#11204=DIRECTION('center_axis',(0.,-1.,0.));
#11205=DIRECTION('ref_axis',(-0.906307787036649,0.,-0.4226182617407));
#11206=DIRECTION('center_axis',(0.,1.,0.));
#11207=DIRECTION('ref_axis',(-0.90630778703665,0.,-0.4226182617407));
#11208=DIRECTION('center_axis',(0.342020143325668,0.,0.939692620785909));
#11209=DIRECTION('ref_axis',(-0.664463024388675,0.707106781186547,0.241844762647975));
#11210=DIRECTION('',(-0.342020143325668,0.,-0.939692620785909));
#11211=DIRECTION('',(0.342020143325668,0.,0.939692620785909));
#11212=DIRECTION('center_axis',(0.,-1.,0.));
#11213=DIRECTION('ref_axis',(-0.342020143325669,0.,-0.939692620785908));
#11214=DIRECTION('center_axis',(0.,1.,0.));
#11215=DIRECTION('ref_axis',(-0.939692620785908,0.,0.342020143325671));
#11216=DIRECTION('center_axis',(1.98254111540206E-16,0.,-1.));
#11217=DIRECTION('ref_axis',(0.707106781186548,0.707106781186547,0.));
#11218=DIRECTION('center_axis',(0.,0.,-1.));
#11219=DIRECTION('ref_axis',(0.,1.,0.));
#11220=DIRECTION('',(-1.98254111540206E-16,0.,1.));
#11221=DIRECTION('',(1.98254111540206E-16,0.,-1.));
#11222=DIRECTION('center_axis',(-1.,0.,-2.08166817117216E-16));
#11223=DIRECTION('ref_axis',(0.,1.,0.));
#11224=DIRECTION('center_axis',(0.,-1.,0.));
#11225=DIRECTION('ref_axis',(0.707106781186547,0.,-0.707106781186548));
#11226=DIRECTION('center_axis',(0.,1.,0.));
#11227=DIRECTION('ref_axis',(0.707106781186547,0.,-0.707106781186548));
#11228=DIRECTION('center_axis',(-1.,0.,-3.7007434154172E-15));
#11229=DIRECTION('ref_axis',(2.64953102402887E-15,0.707106781186547,-0.707106781186548));
#11230=DIRECTION('center_axis',(-1.,0.,-3.74700270810991E-15));
#11231=DIRECTION('ref_axis',(0.,1.,0.));
#11232=DIRECTION('',(1.,0.,3.7007434154172E-15));
#11233=DIRECTION('',(-1.,0.,-3.7007434154172E-15));
#11234=DIRECTION('center_axis',(0.,0.,1.));
#11235=DIRECTION('ref_axis',(0.,1.,0.));
#11236=DIRECTION('center_axis',(0.,-1.,0.));
#11237=DIRECTION('ref_axis',(-0.707106781186547,0.,-0.707106781186548));
#11238=DIRECTION('center_axis',(0.,1.,0.));
#11239=DIRECTION('ref_axis',(-0.707106781186547,0.,-0.707106781186548));
#11240=DIRECTION('center_axis',(-2.64338815386942E-16,0.,1.));
#11241=DIRECTION('ref_axis',(-0.707106781186548,0.707106781186547,0.));
#11242=DIRECTION('',(2.64338815386942E-16,0.,-1.));
#11243=DIRECTION('',(-2.64338815386942E-16,0.,1.));
#11244=DIRECTION('center_axis',(0.,-1.,0.));
#11245=DIRECTION('ref_axis',(0.,0.,-1.));
#11246=DIRECTION('center_axis',(0.,1.,0.));
#11247=DIRECTION('ref_axis',(-1.,0.,2.01858731750028E-15));
#11248=DIRECTION('center_axis',(-0.965925826289068,0.,0.258819045102521));
#11249=DIRECTION('ref_axis',(-0.258819045102521,0.,-0.965925826289068));
#11250=DIRECTION('',(-0.258819045102521,0.,-0.965925826289068));
#11251=DIRECTION('',(0.,-1.,0.));
#11252=DIRECTION('',(-0.258819045102521,0.,-0.965925826289068));
#11253=DIRECTION('',(0.,-1.,0.));
#11254=DIRECTION('center_axis',(-0.258819045102521,0.,0.965925826289068));
#11255=DIRECTION('ref_axis',(-0.965925826289068,0.,-0.258819045102521));
#11256=DIRECTION('',(-0.965925826289068,0.,-0.258819045102521));
#11257=DIRECTION('',(0.,-1.,0.));
#11258=DIRECTION('',(-0.965925826289068,0.,-0.258819045102521));
#11259=DIRECTION('center_axis',(0.707106781186547,0.,0.707106781186548));
#11260=DIRECTION('ref_axis',(-0.707106781186548,0.,0.707106781186547));
#11261=DIRECTION('',(-0.707106781186548,0.,0.707106781186547));
#11262=DIRECTION('',(0.,-1.,0.));
#11263=DIRECTION('',(-0.707106781186548,0.,0.707106781186547));
#11264=DIRECTION('center_axis',(0.965925826289068,0.,-0.25881904510252));
#11265=DIRECTION('ref_axis',(0.25881904510252,0.,0.965925826289068));
#11266=DIRECTION('',(0.25881904510252,0.,0.965925826289068));
#11267=DIRECTION('',(0.,-1.,0.));
#11268=DIRECTION('',(0.25881904510252,0.,0.965925826289068));
#11269=DIRECTION('center_axis',(0.258819045102522,0.,-0.965925826289068));
#11270=DIRECTION('ref_axis',(0.965925826289068,0.,0.258819045102522));
#11271=DIRECTION('',(0.965925826289068,0.,0.258819045102522));
#11272=DIRECTION('',(0.,-1.,0.));
#11273=DIRECTION('',(0.965925826289068,0.,0.258819045102522));
#11274=DIRECTION('center_axis',(-0.707106781186546,0.,-0.707106781186549));
#11275=DIRECTION('ref_axis',(0.707106781186549,0.,-0.707106781186546));
#11276=DIRECTION('',(0.707106781186549,0.,-0.707106781186546));
#11277=DIRECTION('',(0.707106781186549,0.,-0.707106781186546));
#11278=DIRECTION('center_axis',(0.,-1.,0.));
#11279=DIRECTION('ref_axis',(0.,0.,-1.));
#11280=DIRECTION('center_axis',(0.,1.,0.));
#11281=DIRECTION('ref_axis',(0.707106781186547,0.,-0.707106781186548));
#11282=DIRECTION('center_axis',(0.258819045102521,0.,0.965925826289068));
#11283=DIRECTION('ref_axis',(-0.965925826289068,0.,0.258819045102521));
#11284=DIRECTION('',(-0.965925826289068,0.,0.258819045102521));
#11285=DIRECTION('',(0.,-1.,0.));
#11286=DIRECTION('',(-0.965925826289068,0.,0.258819045102521));
#11287=DIRECTION('',(0.,-1.,0.));
#11288=DIRECTION('center_axis',(0.965925826289068,0.,0.258819045102521));
#11289=DIRECTION('ref_axis',(-0.258819045102521,0.,0.965925826289068));
#11290=DIRECTION('',(-0.258819045102521,0.,0.965925826289068));
#11291=DIRECTION('',(0.,-1.,0.));
#11292=DIRECTION('',(-0.258819045102521,0.,0.965925826289068));
#11293=DIRECTION('center_axis',(0.707106781186548,0.,-0.707106781186547));
#11294=DIRECTION('ref_axis',(0.707106781186547,0.,0.707106781186548));
#11295=DIRECTION('',(0.707106781186547,0.,0.707106781186548));
#11296=DIRECTION('',(0.,-1.,0.));
#11297=DIRECTION('',(0.707106781186547,0.,0.707106781186548));
#11298=DIRECTION('center_axis',(-0.25881904510252,0.,-0.965925826289068));
#11299=DIRECTION('ref_axis',(0.965925826289068,0.,-0.25881904510252));
#11300=DIRECTION('',(0.965925826289068,0.,-0.25881904510252));
#11301=DIRECTION('',(0.,-1.,0.));
#11302=DIRECTION('',(0.965925826289068,0.,-0.25881904510252));
#11303=DIRECTION('center_axis',(-0.965925826289068,0.,-0.258819045102522));
#11304=DIRECTION('ref_axis',(0.258819045102522,0.,-0.965925826289068));
#11305=DIRECTION('',(0.258819045102522,0.,-0.965925826289068));
#11306=DIRECTION('',(0.,-1.,0.));
#11307=DIRECTION('',(0.258819045102522,0.,-0.965925826289068));
#11308=DIRECTION('center_axis',(-0.707106781186548,0.,0.707106781186547));
#11309=DIRECTION('ref_axis',(-0.707106781186547,0.,-0.707106781186548));
#11310=DIRECTION('',(-0.707106781186547,0.,-0.707106781186548));
#11311=DIRECTION('',(-0.707106781186547,0.,-0.707106781186548));
#11312=DIRECTION('center_axis',(0.,-1.,0.));
#11313=DIRECTION('ref_axis',(0.,0.,-1.));
#11314=DIRECTION('center_axis',(0.,1.,0.));
#11315=DIRECTION('ref_axis',(0.707106781186547,0.,-0.707106781186548));
#11316=DIRECTION('center_axis',(-0.258819045102522,0.,-0.965925826289068));
#11317=DIRECTION('ref_axis',(0.965925826289068,0.,-0.258819045102522));
#11318=DIRECTION('',(0.965925826289068,0.,-0.258819045102522));
#11319=DIRECTION('',(0.,-1.,0.));
#11320=DIRECTION('',(0.965925826289068,0.,-0.258819045102522));
#11321=DIRECTION('',(0.,-1.,0.));
#11322=DIRECTION('center_axis',(-0.965925826289068,0.,-0.258819045102521));
#11323=DIRECTION('ref_axis',(0.258819045102521,0.,-0.965925826289068));
#11324=DIRECTION('',(0.258819045102521,0.,-0.965925826289068));
#11325=DIRECTION('',(0.,-1.,0.));
#11326=DIRECTION('',(0.258819045102521,0.,-0.965925826289068));
#11327=DIRECTION('center_axis',(-0.707106781186548,0.,0.707106781186547));
#11328=DIRECTION('ref_axis',(-0.707106781186547,0.,-0.707106781186548));
#11329=DIRECTION('',(-0.707106781186547,0.,-0.707106781186548));
#11330=DIRECTION('',(0.,-1.,0.));
#11331=DIRECTION('',(-0.707106781186547,0.,-0.707106781186548));
#11332=DIRECTION('center_axis',(0.25881904510252,0.,0.965925826289068));
#11333=DIRECTION('ref_axis',(-0.965925826289068,0.,0.25881904510252));
#11334=DIRECTION('',(-0.965925826289068,0.,0.25881904510252));
#11335=DIRECTION('',(0.,-1.,0.));
#11336=DIRECTION('',(-0.965925826289068,0.,0.25881904510252));
#11337=DIRECTION('center_axis',(0.965925826289068,0.,0.258819045102522));
#11338=DIRECTION('ref_axis',(-0.258819045102522,0.,0.965925826289068));
#11339=DIRECTION('',(-0.258819045102522,0.,0.965925826289068));
#11340=DIRECTION('',(0.,-1.,0.));
#11341=DIRECTION('',(-0.258819045102522,0.,0.965925826289068));
#11342=DIRECTION('center_axis',(0.707106781186548,0.,-0.707106781186547));
#11343=DIRECTION('ref_axis',(0.707106781186547,0.,0.707106781186548));
#11344=DIRECTION('',(0.707106781186547,0.,0.707106781186548));
#11345=DIRECTION('',(0.707106781186547,0.,0.707106781186548));
#11346=DIRECTION('center_axis',(0.,-1.,0.));
#11347=DIRECTION('ref_axis',(0.,0.,-1.));
#11348=DIRECTION('center_axis',(0.,1.,0.));
#11349=DIRECTION('ref_axis',(0.707106781186547,0.,-0.707106781186548));
#11350=DIRECTION('center_axis',(0.965925826289068,0.,-0.258819045102522));
#11351=DIRECTION('ref_axis',(0.258819045102522,0.,0.965925826289068));
#11352=DIRECTION('',(0.258819045102522,0.,0.965925826289068));
#11353=DIRECTION('',(0.,-1.,0.));
#11354=DIRECTION('',(0.258819045102522,0.,0.965925826289068));
#11355=DIRECTION('',(0.,-1.,0.));
#11356=DIRECTION('center_axis',(0.258819045102521,0.,-0.965925826289068));
#11357=DIRECTION('ref_axis',(0.965925826289068,0.,0.258819045102521));
#11358=DIRECTION('',(0.965925826289068,0.,0.258819045102521));
#11359=DIRECTION('',(0.,-1.,0.));
#11360=DIRECTION('',(0.965925826289068,0.,0.258819045102521));
#11361=DIRECTION('center_axis',(-0.707106781186547,0.,-0.707106781186548));
#11362=DIRECTION('ref_axis',(0.707106781186548,0.,-0.707106781186547));
#11363=DIRECTION('',(0.707106781186548,0.,-0.707106781186547));
#11364=DIRECTION('',(0.,-1.,0.));
#11365=DIRECTION('',(0.707106781186548,0.,-0.707106781186547));
#11366=DIRECTION('center_axis',(-0.965925826289068,0.,0.25881904510252));
#11367=DIRECTION('ref_axis',(-0.25881904510252,0.,-0.965925826289068));
#11368=DIRECTION('',(-0.25881904510252,0.,-0.965925826289068));
#11369=DIRECTION('',(0.,-1.,0.));
#11370=DIRECTION('',(-0.25881904510252,0.,-0.965925826289068));
#11371=DIRECTION('center_axis',(-0.258819045102522,0.,0.965925826289068));
#11372=DIRECTION('ref_axis',(-0.965925826289068,0.,-0.258819045102522));
#11373=DIRECTION('',(-0.965925826289068,0.,-0.258819045102522));
#11374=DIRECTION('',(0.,-1.,0.));
#11375=DIRECTION('',(-0.965925826289068,0.,-0.258819045102522));
#11376=DIRECTION('center_axis',(0.707106781186547,0.,0.707106781186548));
#11377=DIRECTION('ref_axis',(-0.707106781186548,0.,0.707106781186547));
#11378=DIRECTION('',(-0.707106781186548,0.,0.707106781186547));
#11379=DIRECTION('',(-0.707106781186548,0.,0.707106781186547));
#11380=DIRECTION('center_axis',(0.,-1.,0.));
#11381=DIRECTION('ref_axis',(0.,0.,-1.));
#11382=DIRECTION('center_axis',(0.,1.,0.));
#11383=DIRECTION('ref_axis',(0.707106781186547,0.,-0.707106781186548));
#11384=DIRECTION('center_axis',(0.,-1.,0.));
#11385=DIRECTION('ref_axis',(0.707106781186547,0.,-0.707106781186548));
#11386=DIRECTION('center_axis',(0.,1.,0.));
#11387=DIRECTION('ref_axis',(0.707106781186547,0.,-0.707106781186548));
#11388=DIRECTION('',(0.,1.,0.));
#11389=DIRECTION('center_axis',(0.,-1.,0.));
#11390=DIRECTION('ref_axis',(0.707106781186547,0.,-0.707106781186548));
#11391=DIRECTION('center_axis',(0.,1.,0.));
#11392=DIRECTION('ref_axis',(0.707106781186547,0.,-0.707106781186548));
#11393=DIRECTION('',(0.,1.,0.));
#11394=DIRECTION('center_axis',(0.,-1.,0.));
#11395=DIRECTION('ref_axis',(0.707106781186547,0.,-0.707106781186548));
#11396=DIRECTION('center_axis',(0.,1.,0.));
#11397=DIRECTION('ref_axis',(0.707106781186547,0.,-0.707106781186548));
#11398=DIRECTION('',(0.,1.,0.));
#11399=DIRECTION('center_axis',(0.,-1.,0.));
#11400=DIRECTION('ref_axis',(0.707106781186547,0.,-0.707106781186548));
#11401=DIRECTION('center_axis',(0.,1.,0.));
#11402=DIRECTION('ref_axis',(0.707106781186547,0.,-0.707106781186548));
#11403=DIRECTION('',(0.,1.,0.));
#11404=DIRECTION('center_axis',(0.,1.,0.));
#11405=DIRECTION('ref_axis',(-0.939692620785909,0.,-0.342020143325667));
#11406=DIRECTION('center_axis',(0.,-1.,0.));
#11407=DIRECTION('ref_axis',(-0.939692620785909,0.,-0.342020143325667));
#11408=DIRECTION('',(0.,1.,0.));
#11409=DIRECTION('',(0.,1.,0.));
#11410=DIRECTION('center_axis',(0.,1.,0.));
#11411=DIRECTION('ref_axis',(-0.766044443118979,0.,-0.642787609686538));
#11412=DIRECTION('center_axis',(0.,-1.,0.));
#11413=DIRECTION('ref_axis',(-0.766044443118979,0.,-0.642787609686538));
#11414=DIRECTION('',(0.,1.,0.));
#11415=DIRECTION('',(0.,1.,0.));
#11416=DIRECTION('center_axis',(0.,1.,0.));
#11417=DIRECTION('ref_axis',(-0.500000000000002,0.,-0.866025403784438));
#11418=DIRECTION('center_axis',(0.,-1.,0.));
#11419=DIRECTION('ref_axis',(-0.500000000000002,0.,-0.866025403784438));
#11420=DIRECTION('',(0.,1.,0.));
#11421=DIRECTION('',(0.,1.,0.));
#11422=DIRECTION('center_axis',(0.,1.,0.));
#11423=DIRECTION('ref_axis',(-0.173648177666932,0.,-0.984807753012208));
#11424=DIRECTION('center_axis',(0.,-1.,0.));
#11425=DIRECTION('ref_axis',(-0.173648177666932,0.,-0.984807753012208));
#11426=DIRECTION('',(0.,1.,0.));
#11427=DIRECTION('',(0.,1.,0.));
#11428=DIRECTION('center_axis',(0.,1.,0.));
#11429=DIRECTION('ref_axis',(0.173648177666928,0.,-0.984807753012209));
#11430=DIRECTION('center_axis',(0.,-1.,0.));
#11431=DIRECTION('ref_axis',(0.173648177666928,0.,-0.984807753012209));
#11432=DIRECTION('',(0.,1.,0.));
#11433=DIRECTION('',(0.,1.,0.));
#11434=DIRECTION('center_axis',(0.,1.,0.));
#11435=DIRECTION('ref_axis',(0.499999999999999,0.,-0.866025403784439));
#11436=DIRECTION('center_axis',(0.,-1.,0.));
#11437=DIRECTION('ref_axis',(0.499999999999999,0.,-0.866025403784439));
#11438=DIRECTION('',(0.,1.,0.));
#11439=DIRECTION('',(0.,1.,0.));
#11440=DIRECTION('center_axis',(0.,1.,0.));
#11441=DIRECTION('ref_axis',(0.766044443118977,0.,-0.642787609686541));
#11442=DIRECTION('center_axis',(0.,-1.,0.));
#11443=DIRECTION('ref_axis',(0.766044443118977,0.,-0.642787609686541));
#11444=DIRECTION('',(0.,1.,0.));
#11445=DIRECTION('',(0.,1.,0.));
#11446=DIRECTION('center_axis',(0.,1.,0.));
#11447=DIRECTION('ref_axis',(0.939692620785908,0.,-0.342020143325671));
#11448=DIRECTION('center_axis',(0.,-1.,0.));
#11449=DIRECTION('ref_axis',(0.939692620785908,0.,-0.342020143325671));
#11450=DIRECTION('',(0.,1.,0.));
#11451=DIRECTION('',(0.,1.,0.));
#11452=DIRECTION('center_axis',(0.,1.,0.));
#11453=DIRECTION('ref_axis',(1.,0.,-1.89242561015652E-15));
#11454=DIRECTION('center_axis',(0.,-1.,0.));
#11455=DIRECTION('ref_axis',(1.,0.,-1.89242561015652E-15));
#11456=DIRECTION('',(0.,1.,0.));
#11457=DIRECTION('',(0.,1.,0.));
#11458=DIRECTION('center_axis',(0.,1.,0.));
#11459=DIRECTION('ref_axis',(0.939692620785909,0.,0.342020143325667));
#11460=DIRECTION('center_axis',(0.,-1.,0.));
#11461=DIRECTION('ref_axis',(0.939692620785909,0.,0.342020143325667));
#11462=DIRECTION('',(0.,1.,0.));
#11463=DIRECTION('',(0.,1.,0.));
#11464=DIRECTION('center_axis',(0.,1.,0.));
#11465=DIRECTION('ref_axis',(0.766044443118979,0.,0.642787609686538));
#11466=DIRECTION('center_axis',(0.,-1.,0.));
#11467=DIRECTION('ref_axis',(0.766044443118979,0.,0.642787609686538));
#11468=DIRECTION('',(0.,1.,0.));
#11469=DIRECTION('',(0.,1.,0.));
#11470=DIRECTION('center_axis',(0.,1.,0.));
#11471=DIRECTION('ref_axis',(0.500000000000002,0.,0.866025403784438));
#11472=DIRECTION('center_axis',(0.,-1.,0.));
#11473=DIRECTION('ref_axis',(0.500000000000002,0.,0.866025403784438));
#11474=DIRECTION('',(0.,1.,0.));
#11475=DIRECTION('',(0.,1.,0.));
#11476=DIRECTION('center_axis',(0.,1.,0.));
#11477=DIRECTION('ref_axis',(0.173648177666932,0.,0.984807753012208));
#11478=DIRECTION('center_axis',(0.,-1.,0.));
#11479=DIRECTION('ref_axis',(0.173648177666932,0.,0.984807753012208));
#11480=DIRECTION('',(0.,1.,0.));
#11481=DIRECTION('',(0.,1.,0.));
#11482=DIRECTION('center_axis',(0.,1.,0.));
#11483=DIRECTION('ref_axis',(-0.173648177666928,0.,0.984807753012209));
#11484=DIRECTION('center_axis',(0.,-1.,0.));
#11485=DIRECTION('ref_axis',(-0.173648177666928,0.,0.984807753012209));
#11486=DIRECTION('',(0.,1.,0.));
#11487=DIRECTION('',(0.,1.,0.));
#11488=DIRECTION('center_axis',(0.,1.,0.));
#11489=DIRECTION('ref_axis',(-0.499999999999998,0.,0.86602540378444));
#11490=DIRECTION('center_axis',(0.,-1.,0.));
#11491=DIRECTION('ref_axis',(-0.499999999999998,0.,0.86602540378444));
#11492=DIRECTION('',(0.,1.,0.));
#11493=DIRECTION('',(0.,1.,0.));
#11494=DIRECTION('center_axis',(0.,1.,0.));
#11495=DIRECTION('ref_axis',(-0.766044443118977,0.,0.642787609686541));
#11496=DIRECTION('center_axis',(0.,-1.,0.));
#11497=DIRECTION('ref_axis',(-0.766044443118977,0.,0.642787609686541));
#11498=DIRECTION('',(0.,1.,0.));
#11499=DIRECTION('',(0.,1.,0.));
#11500=DIRECTION('center_axis',(0.,1.,0.));
#11501=DIRECTION('ref_axis',(-0.939692620785908,0.,0.342020143325671));
#11502=DIRECTION('center_axis',(0.,-1.,0.));
#11503=DIRECTION('ref_axis',(-0.939692620785908,0.,0.342020143325671));
#11504=DIRECTION('',(0.,1.,0.));
#11505=DIRECTION('',(0.,1.,0.));
#11506=DIRECTION('center_axis',(0.,1.,0.));
#11507=DIRECTION('ref_axis',(0.,0.,1.));
#11508=DIRECTION('',(0.34202014332567,0.,-0.939692620785908));
#11509=DIRECTION('',(-0.34202014332567,0.,0.939692620785908));
#11510=DIRECTION('center_axis',(0.,-1.,0.));
#11511=DIRECTION('ref_axis',(-1.,0.,0.));
#11512=DIRECTION('',(0.,0.,-1.));
#11513=DIRECTION('center_axis',(0.,-1.,0.));
#11514=DIRECTION('ref_axis',(-1.,0.,2.01858731750028E-15));
#11515=DIRECTION('',(0.,0.,1.));
#11516=DIRECTION('center_axis',(0.,-1.,0.));
#11517=DIRECTION('ref_axis',(-1.,0.,0.));
#11518=DIRECTION('',(-0.342020143325668,0.,-0.939692620785909));
#11519=DIRECTION('',(0.342020143325669,0.,0.939692620785909));
#11520=DIRECTION('center_axis',(0.,-1.,0.));
#11521=DIRECTION('ref_axis',(-1.,0.,0.));
#11522=DIRECTION('',(-0.642787609686539,0.,-0.766044443118978));
#11523=DIRECTION('',(0.642787609686539,0.,0.766044443118978));
#11524=DIRECTION('center_axis',(0.,-1.,0.));
#11525=DIRECTION('ref_axis',(-1.,0.,0.));
#11526=DIRECTION('',(-0.866025403784438,0.,-0.5));
#11527=DIRECTION('',(0.866025403784438,0.,0.5));
#11528=DIRECTION('center_axis',(0.,-1.,0.));
#11529=DIRECTION('ref_axis',(-1.,0.,0.));
#11530=DIRECTION('',(-0.984807753012208,0.,-0.173648177666931));
#11531=DIRECTION('',(0.984807753012208,0.,0.173648177666931));
#11532=DIRECTION('center_axis',(0.,-1.,0.));
#11533=DIRECTION('ref_axis',(-1.,0.,0.));
#11534=DIRECTION('',(-0.984807753012208,0.,0.17364817766693));
#11535=DIRECTION('',(0.984807753012208,0.,-0.17364817766693));
#11536=DIRECTION('center_axis',(0.,-1.,0.));
#11537=DIRECTION('ref_axis',(-1.,0.,0.));
#11538=DIRECTION('',(-0.866025403784439,0.,0.5));
#11539=DIRECTION('',(0.866025403784439,0.,-0.5));
#11540=DIRECTION('center_axis',(0.,-1.,0.));
#11541=DIRECTION('ref_axis',(-1.,0.,0.));
#11542=DIRECTION('',(-0.64278760968654,0.,0.766044443118978));
#11543=DIRECTION('',(0.64278760968654,0.,-0.766044443118978));
#11544=DIRECTION('center_axis',(0.,-1.,0.));
#11545=DIRECTION('ref_axis',(-1.,0.,0.));
#11546=DIRECTION('',(-0.342020143325669,0.,0.939692620785908));
#11547=DIRECTION('',(0.342020143325669,0.,-0.939692620785908));
#11548=DIRECTION('center_axis',(0.,-1.,0.));
#11549=DIRECTION('ref_axis',(-1.,0.,0.));
#11550=DIRECTION('',(-3.33066907387547E-16,0.,1.));
#11551=DIRECTION('',(2.77555756156289E-16,0.,-1.));
#11552=DIRECTION('center_axis',(0.,-1.,0.));
#11553=DIRECTION('ref_axis',(-1.,0.,0.));
#11554=DIRECTION('',(0.342020143325668,0.,0.939692620785909));
#11555=DIRECTION('',(-0.342020143325668,0.,-0.939692620785909));
#11556=DIRECTION('center_axis',(0.,-1.,0.));
#11557=DIRECTION('ref_axis',(-1.,0.,0.));
#11558=DIRECTION('',(0.642787609686539,0.,0.766044443118978));
#11559=DIRECTION('',(-0.642787609686539,0.,-0.766044443118978));
#11560=DIRECTION('center_axis',(0.,-1.,0.));
#11561=DIRECTION('ref_axis',(-1.,0.,0.));
#11562=DIRECTION('',(0.866025403784438,0.,0.500000000000001));
#11563=DIRECTION('',(-0.866025403784438,0.,-0.500000000000001));
#11564=DIRECTION('center_axis',(0.,-1.,0.));
#11565=DIRECTION('ref_axis',(-1.,0.,0.));
#11566=DIRECTION('',(0.984807753012208,0.,0.173648177666931));
#11567=DIRECTION('',(-0.984807753012208,0.,-0.173648177666931));
#11568=DIRECTION('center_axis',(0.,-1.,0.));
#11569=DIRECTION('ref_axis',(-1.,0.,0.));
#11570=DIRECTION('',(0.984807753012208,0.,-0.17364817766693));
#11571=DIRECTION('',(-0.984807753012208,0.,0.17364817766693));
#11572=DIRECTION('center_axis',(0.,-1.,0.));
#11573=DIRECTION('ref_axis',(-1.,0.,0.));
#11574=DIRECTION('',(0.866025403784439,0.,-0.5));
#11575=DIRECTION('',(-0.866025403784439,0.,0.5));
#11576=DIRECTION('center_axis',(0.,-1.,0.));
#11577=DIRECTION('ref_axis',(-1.,0.,0.));
#11578=DIRECTION('',(0.64278760968654,0.,-0.766044443118978));
#11579=DIRECTION('',(-0.64278760968654,0.,0.766044443118978));
#11580=DIRECTION('center_axis',(0.,-1.,0.));
#11581=DIRECTION('ref_axis',(-1.,0.,0.));
#11582=DIRECTION('center_axis',(0.,1.,0.));
#11583=DIRECTION('ref_axis',(1.,0.,0.));
#11584=DIRECTION('center_axis',(0.,-1.,0.));
#11585=DIRECTION('ref_axis',(-1.,0.,0.));
#11586=DIRECTION('center_axis',(0.,1.,0.));
#11587=DIRECTION('ref_axis',(-1.,0.,0.));
#11588=DIRECTION('center_axis',(0.,-1.,0.));
#11589=DIRECTION('ref_axis',(-1.,0.,0.));
#11590=DIRECTION('center_axis',(0.,1.,0.));
#11591=DIRECTION('ref_axis',(-1.,0.,0.));
#11592=DIRECTION('center_axis',(0.,-1.,0.));
#11593=DIRECTION('ref_axis',(-1.,0.,0.));
#11594=DIRECTION('center_axis',(0.,1.,0.));
#11595=DIRECTION('ref_axis',(-1.,0.,0.));
#11596=DIRECTION('center_axis',(0.,-1.,0.));
#11597=DIRECTION('ref_axis',(-1.,0.,0.));
#11598=DIRECTION('center_axis',(0.,1.,0.));
#11599=DIRECTION('ref_axis',(-1.,0.,0.));
#11600=DIRECTION('center_axis',(0.,-1.,0.));
#11601=DIRECTION('ref_axis',(-1.,0.,0.));
#11602=DIRECTION('center_axis',(0.,1.,0.));
#11603=DIRECTION('ref_axis',(-1.,0.,0.));
#11604=DIRECTION('center_axis',(0.,-1.,0.));
#11605=DIRECTION('ref_axis',(1.,0.,-1.22464679914735E-16));
#11606=DIRECTION('center_axis',(0.,1.,0.));
#11607=DIRECTION('ref_axis',(-1.,0.,0.));
#11608=DIRECTION('center_axis',(0.,-1.,0.));
#11609=DIRECTION('ref_axis',(-1.,0.,0.));
#11610=DIRECTION('center_axis',(0.,1.,0.));
#11611=DIRECTION('ref_axis',(-1.,0.,0.));
#11612=DIRECTION('center_axis',(0.,-1.,0.));
#11613=DIRECTION('ref_axis',(-1.,0.,0.));
#11614=DIRECTION('center_axis',(0.,1.,0.));
#11615=DIRECTION('ref_axis',(-1.,0.,0.));
#11616=DIRECTION('center_axis',(0.,-1.,0.));
#11617=DIRECTION('ref_axis',(-1.,0.,0.));
#11618=DIRECTION('center_axis',(0.,1.,0.));
#11619=DIRECTION('ref_axis',(-1.,0.,0.));
#11620=DIRECTION('center_axis',(0.,-1.,0.));
#11621=DIRECTION('ref_axis',(-1.,0.,0.));
#11622=DIRECTION('center_axis',(0.,1.,0.));
#11623=DIRECTION('ref_axis',(-1.,0.,0.));
#11624=DIRECTION('center_axis',(0.,-1.,0.));
#11625=DIRECTION('ref_axis',(-1.,0.,0.));
#11626=DIRECTION('center_axis',(0.,1.,0.));
#11627=DIRECTION('ref_axis',(-1.,0.,0.));
#11628=DIRECTION('center_axis',(0.,-1.,0.));
#11629=DIRECTION('ref_axis',(-1.,0.,0.));
#11630=DIRECTION('center_axis',(0.,1.,0.));
#11631=DIRECTION('ref_axis',(-1.,0.,0.));
#11632=DIRECTION('center_axis',(0.,-1.,0.));
#11633=DIRECTION('ref_axis',(-1.,0.,0.));
#11634=DIRECTION('center_axis',(0.,1.,0.));
#11635=DIRECTION('ref_axis',(-1.,0.,0.));
#11636=DIRECTION('center_axis',(0.,-1.,0.));
#11637=DIRECTION('ref_axis',(-1.,0.,0.));
#11638=DIRECTION('center_axis',(0.,1.,0.));
#11639=DIRECTION('ref_axis',(-1.,0.,0.));
#11640=DIRECTION('center_axis',(0.,-1.,0.));
#11641=DIRECTION('ref_axis',(-1.,0.,0.));
#11642=DIRECTION('center_axis',(0.,1.,0.));
#11643=DIRECTION('ref_axis',(-1.,0.,0.));
#11644=DIRECTION('center_axis',(0.,-1.,0.));
#11645=DIRECTION('ref_axis',(-1.,0.,0.));
#11646=DIRECTION('center_axis',(0.,1.,0.));
#11647=DIRECTION('ref_axis',(-1.,0.,0.));
#11648=DIRECTION('center_axis',(0.,-1.,0.));
#11649=DIRECTION('ref_axis',(-1.,0.,0.));
#11650=DIRECTION('center_axis',(0.,1.,0.));
#11651=DIRECTION('ref_axis',(-1.,0.,0.));
#11652=DIRECTION('center_axis',(0.,1.,0.));
#11653=DIRECTION('ref_axis',(-1.,0.,2.01858731750028E-15));
#11654=DIRECTION('',(0.,1.,0.));
#11655=DIRECTION('',(0.,1.,0.));
#11656=DIRECTION('center_axis',(0.,-1.,0.));
#11657=DIRECTION('ref_axis',(-1.,0.,0.));
#11658=DIRECTION('center_axis',(0.,1.,0.));
#11659=DIRECTION('ref_axis',(-1.,0.,0.));
#11660=DIRECTION('center_axis',(0.939692620785909,0.,-0.342020143325668));
#11661=DIRECTION('ref_axis',(-0.342020143325668,0.,-0.939692620785909));
#11662=DIRECTION('',(0.,1.,0.));
#11663=DIRECTION('',(-0.342020143325668,0.,-0.939692620785909));
#11664=DIRECTION('',(0.,-1.,0.));
#11665=DIRECTION('',(-0.342020143325668,0.,-0.939692620785909));
#11666=DIRECTION('',(0.,1.,0.));
#11667=DIRECTION('',(-0.342020143325668,0.,-0.939692620785909));
#11668=DIRECTION('',(0.,1.,0.));
#11669=DIRECTION('center_axis',(-1.,0.,-2.77555756156289E-16));
#11670=DIRECTION('ref_axis',(-2.77555756156289E-16,0.,1.));
#11671=DIRECTION('',(0.,1.,0.));
#11672=DIRECTION('',(-2.77555756156289E-16,0.,1.));
#11673=DIRECTION('',(0.,-1.,0.));
#11674=DIRECTION('',(-2.77555756156289E-16,0.,1.));
#11675=DIRECTION('',(0.,1.,0.));
#11676=DIRECTION('',(-2.77555756156289E-16,0.,1.));
#11677=DIRECTION('',(0.,-1.,0.));
#11678=DIRECTION('center_axis',(1.,0.,3.33066907387547E-16));
#11679=DIRECTION('ref_axis',(3.33066907387547E-16,0.,-1.));
#11680=DIRECTION('',(0.,1.,0.));
#11681=DIRECTION('',(3.33066907387547E-16,0.,-1.));
#11682=DIRECTION('',(0.,-1.,0.));
#11683=DIRECTION('',(3.33066907387547E-16,0.,-1.));
#11684=DIRECTION('',(0.,1.,0.));
#11685=DIRECTION('',(3.33066907387547E-16,0.,-1.));
#11686=DIRECTION('',(0.,1.,0.));
#11687=DIRECTION('center_axis',(-0.939692620785908,0.,-0.342020143325669));
#11688=DIRECTION('ref_axis',(-0.342020143325669,0.,0.939692620785908));
#11689=DIRECTION('',(0.,1.,0.));
#11690=DIRECTION('',(-0.342020143325669,0.,0.939692620785908));
#11691=DIRECTION('',(0.,-1.,0.));
#11692=DIRECTION('',(-0.342020143325669,0.,0.939692620785908));
#11693=DIRECTION('',(0.,1.,0.));
#11694=DIRECTION('',(-0.342020143325669,0.,0.939692620785908));
#11695=DIRECTION('',(0.,-1.,0.));
#11696=DIRECTION('center_axis',(0.939692620785908,0.,0.342020143325669));
#11697=DIRECTION('ref_axis',(0.342020143325669,0.,-0.939692620785908));
#11698=DIRECTION('',(0.,1.,0.));
#11699=DIRECTION('',(0.342020143325669,0.,-0.939692620785908));
#11700=DIRECTION('',(0.,-1.,0.));
#11701=DIRECTION('',(0.342020143325669,0.,-0.939692620785908));
#11702=DIRECTION('',(0.,1.,0.));
#11703=DIRECTION('',(0.342020143325669,0.,-0.939692620785908));
#11704=DIRECTION('',(0.,1.,0.));
#11705=DIRECTION('center_axis',(-0.766044443118978,0.,-0.64278760968654));
#11706=DIRECTION('ref_axis',(-0.64278760968654,0.,0.766044443118978));
#11707=DIRECTION('',(0.,1.,0.));
#11708=DIRECTION('',(-0.64278760968654,0.,0.766044443118978));
#11709=DIRECTION('',(0.,-1.,0.));
#11710=DIRECTION('',(-0.64278760968654,0.,0.766044443118978));
#11711=DIRECTION('',(0.,1.,0.));
#11712=DIRECTION('',(-0.64278760968654,0.,0.766044443118978));
#11713=DIRECTION('',(0.,-1.,0.));
#11714=DIRECTION('center_axis',(0.766044443118978,0.,0.64278760968654));
#11715=DIRECTION('ref_axis',(0.64278760968654,0.,-0.766044443118978));
#11716=DIRECTION('',(0.,1.,0.));
#11717=DIRECTION('',(0.64278760968654,0.,-0.766044443118978));
#11718=DIRECTION('',(0.,-1.,0.));
#11719=DIRECTION('',(0.64278760968654,0.,-0.766044443118978));
#11720=DIRECTION('',(0.,1.,0.));
#11721=DIRECTION('',(0.64278760968654,0.,-0.766044443118978));
#11722=DIRECTION('',(0.,1.,0.));
#11723=DIRECTION('center_axis',(-0.5,0.,-0.866025403784439));
#11724=DIRECTION('ref_axis',(-0.866025403784439,0.,0.5));
#11725=DIRECTION('',(0.,1.,0.));
#11726=DIRECTION('',(-0.866025403784439,0.,0.5));
#11727=DIRECTION('',(0.,-1.,0.));
#11728=DIRECTION('',(-0.866025403784439,0.,0.5));
#11729=DIRECTION('',(0.,1.,0.));
#11730=DIRECTION('',(-0.866025403784439,0.,0.5));
#11731=DIRECTION('',(0.,-1.,0.));
#11732=DIRECTION('center_axis',(0.5,0.,0.866025403784439));
#11733=DIRECTION('ref_axis',(0.866025403784439,0.,-0.5));
#11734=DIRECTION('',(0.,1.,0.));
#11735=DIRECTION('',(0.866025403784439,0.,-0.5));
#11736=DIRECTION('',(0.,-1.,0.));
#11737=DIRECTION('',(0.866025403784439,0.,-0.5));
#11738=DIRECTION('',(0.,1.,0.));
#11739=DIRECTION('',(0.866025403784439,0.,-0.5));
#11740=DIRECTION('',(0.,1.,0.));
#11741=DIRECTION('center_axis',(-0.17364817766693,0.,-0.984807753012208));
#11742=DIRECTION('ref_axis',(-0.984807753012208,0.,0.17364817766693));
#11743=DIRECTION('',(0.,1.,0.));
#11744=DIRECTION('',(-0.984807753012208,0.,0.17364817766693));
#11745=DIRECTION('',(0.,-1.,0.));
#11746=DIRECTION('',(-0.984807753012208,0.,0.17364817766693));
#11747=DIRECTION('',(0.,1.,0.));
#11748=DIRECTION('',(-0.984807753012208,0.,0.17364817766693));
#11749=DIRECTION('',(0.,-1.,0.));
#11750=DIRECTION('center_axis',(0.17364817766693,0.,0.984807753012208));
#11751=DIRECTION('ref_axis',(0.984807753012208,0.,-0.17364817766693));
#11752=DIRECTION('',(0.,1.,0.));
#11753=DIRECTION('',(0.984807753012208,0.,-0.17364817766693));
#11754=DIRECTION('',(0.,-1.,0.));
#11755=DIRECTION('',(0.984807753012208,0.,-0.17364817766693));
#11756=DIRECTION('',(0.,1.,0.));
#11757=DIRECTION('',(0.984807753012208,0.,-0.17364817766693));
#11758=DIRECTION('',(0.,1.,0.));
#11759=DIRECTION('center_axis',(0.173648177666931,0.,-0.984807753012208));
#11760=DIRECTION('ref_axis',(-0.984807753012208,0.,-0.173648177666931));
#11761=DIRECTION('',(0.,1.,0.));
#11762=DIRECTION('',(-0.984807753012208,0.,-0.173648177666931));
#11763=DIRECTION('',(0.,-1.,0.));
#11764=DIRECTION('',(-0.984807753012208,0.,-0.173648177666931));
#11765=DIRECTION('',(0.,1.,0.));
#11766=DIRECTION('',(-0.984807753012208,0.,-0.173648177666931));
#11767=DIRECTION('',(0.,-1.,0.));
#11768=DIRECTION('center_axis',(-0.173648177666931,0.,0.984807753012208));
#11769=DIRECTION('ref_axis',(0.984807753012208,0.,0.173648177666931));
#11770=DIRECTION('',(0.,1.,0.));
#11771=DIRECTION('',(0.984807753012208,0.,0.173648177666931));
#11772=DIRECTION('',(0.,-1.,0.));
#11773=DIRECTION('',(0.984807753012208,0.,0.173648177666931));
#11774=DIRECTION('',(0.,1.,0.));
#11775=DIRECTION('',(0.984807753012208,0.,0.173648177666931));
#11776=DIRECTION('',(0.,1.,0.));
#11777=DIRECTION('center_axis',(0.5,0.,-0.866025403784439));
#11778=DIRECTION('ref_axis',(-0.866025403784438,0.,-0.5));
#11779=DIRECTION('',(0.,1.,0.));
#11780=DIRECTION('',(-0.866025403784438,0.,-0.5));
#11781=DIRECTION('',(0.,-1.,0.));
#11782=DIRECTION('',(-0.866025403784438,0.,-0.5));
#11783=DIRECTION('',(0.,1.,0.));
#11784=DIRECTION('',(-0.866025403784438,0.,-0.5));
#11785=DIRECTION('',(0.,-1.,0.));
#11786=DIRECTION('center_axis',(-0.5,0.,0.866025403784438));
#11787=DIRECTION('ref_axis',(0.866025403784438,0.,0.5));
#11788=DIRECTION('',(0.,1.,0.));
#11789=DIRECTION('',(0.866025403784438,0.,0.5));
#11790=DIRECTION('',(0.,-1.,0.));
#11791=DIRECTION('',(0.866025403784438,0.,0.5));
#11792=DIRECTION('',(0.,1.,0.));
#11793=DIRECTION('',(0.866025403784438,0.,0.5));
#11794=DIRECTION('',(0.,1.,0.));
#11795=DIRECTION('center_axis',(0.766044443118978,0.,-0.642787609686539));
#11796=DIRECTION('ref_axis',(-0.642787609686539,0.,-0.766044443118978));
#11797=DIRECTION('',(0.,1.,0.));
#11798=DIRECTION('',(-0.642787609686539,0.,-0.766044443118978));
#11799=DIRECTION('',(0.,-1.,0.));
#11800=DIRECTION('',(-0.642787609686539,0.,-0.766044443118978));
#11801=DIRECTION('',(0.,1.,0.));
#11802=DIRECTION('',(-0.642787609686539,0.,-0.766044443118978));
#11803=DIRECTION('',(0.,-1.,0.));
#11804=DIRECTION('center_axis',(-0.766044443118978,0.,0.642787609686539));
#11805=DIRECTION('ref_axis',(0.642787609686539,0.,0.766044443118978));
#11806=DIRECTION('',(0.,1.,0.));
#11807=DIRECTION('',(0.642787609686539,0.,0.766044443118978));
#11808=DIRECTION('',(0.,-1.,0.));
#11809=DIRECTION('',(0.642787609686539,0.,0.766044443118978));
#11810=DIRECTION('',(0.,1.,0.));
#11811=DIRECTION('',(0.642787609686539,0.,0.766044443118978));
#11812=DIRECTION('',(0.,1.,0.));
#11813=DIRECTION('center_axis',(0.,1.,0.));
#11814=DIRECTION('ref_axis',(1.,0.,0.));
#11815=DIRECTION('',(0.,-1.,0.));
#11816=DIRECTION('center_axis',(0.,1.,0.));
#11817=DIRECTION('ref_axis',(1.,0.,0.));
#11818=DIRECTION('center_axis',(0.,1.,0.));
#11819=DIRECTION('ref_axis',(1.,0.,0.));
#11820=DIRECTION('center_axis',(0.,1.,0.));
#11821=DIRECTION('ref_axis',(1.,0.,0.));
#11822=DIRECTION('center_axis',(0.,1.,0.));
#11823=DIRECTION('ref_axis',(1.,0.,0.));
#11824=DIRECTION('',(0.,-1.,0.));
#11825=DIRECTION('center_axis',(0.,1.,0.));
#11826=DIRECTION('ref_axis',(1.,0.,0.));
#11827=DIRECTION('',(0.,1.,0.));
#11828=DIRECTION('center_axis',(0.,1.,0.));
#11829=DIRECTION('ref_axis',(1.,0.,0.));
#11830=DIRECTION('center_axis',(0.,1.,0.));
#11831=DIRECTION('ref_axis',(1.,0.,0.));
#11832=DIRECTION('center_axis',(0.,1.,0.));
#11833=DIRECTION('ref_axis',(1.,0.,0.));
#11834=DIRECTION('',(0.,-1.,0.));
#11835=DIRECTION('center_axis',(0.,1.,0.));
#11836=DIRECTION('ref_axis',(1.,0.,0.));
#11837=DIRECTION('',(0.,1.,0.));
#11838=DIRECTION('center_axis',(0.,1.,0.));
#11839=DIRECTION('ref_axis',(1.,0.,0.));
#11840=DIRECTION('center_axis',(0.,1.,0.));
#11841=DIRECTION('ref_axis',(1.,0.,0.));
#11842=DIRECTION('center_axis',(0.,1.,0.));
#11843=DIRECTION('ref_axis',(1.,0.,0.));
#11844=DIRECTION('',(0.,-1.,0.));
#11845=DIRECTION('center_axis',(0.,1.,0.));
#11846=DIRECTION('ref_axis',(1.,0.,0.));
#11847=DIRECTION('',(0.,1.,0.));
#11848=DIRECTION('center_axis',(0.,1.,0.));
#11849=DIRECTION('ref_axis',(1.,0.,0.));
#11850=DIRECTION('center_axis',(0.,1.,0.));
#11851=DIRECTION('ref_axis',(1.,0.,0.));
#11852=DIRECTION('center_axis',(0.,1.,0.));
#11853=DIRECTION('ref_axis',(1.,0.,0.));
#11854=DIRECTION('',(0.,-1.,0.));
#11855=DIRECTION('center_axis',(0.,1.,0.));
#11856=DIRECTION('ref_axis',(1.,0.,0.));
#11857=DIRECTION('',(0.,1.,0.));
#11858=DIRECTION('center_axis',(0.,1.,0.));
#11859=DIRECTION('ref_axis',(1.,0.,0.));
#11860=DIRECTION('center_axis',(0.,1.,0.));
#11861=DIRECTION('ref_axis',(1.,0.,0.));
#11862=DIRECTION('center_axis',(0.,1.,0.));
#11863=DIRECTION('ref_axis',(1.,0.,0.));
#11864=DIRECTION('',(0.,-1.,0.));
#11865=DIRECTION('center_axis',(0.,1.,0.));
#11866=DIRECTION('ref_axis',(1.,0.,0.));
#11867=DIRECTION('',(0.,1.,0.));
#11868=DIRECTION('center_axis',(0.,1.,0.));
#11869=DIRECTION('ref_axis',(1.,0.,0.));
#11870=DIRECTION('center_axis',(0.,1.,0.));
#11871=DIRECTION('ref_axis',(1.,0.,0.));
#11872=DIRECTION('center_axis',(0.,1.,0.));
#11873=DIRECTION('ref_axis',(-1.,0.,-1.22464679914735E-16));
#11874=DIRECTION('',(0.,-1.,0.));
#11875=DIRECTION('center_axis',(0.,1.,0.));
#11876=DIRECTION('ref_axis',(1.,0.,0.));
#11877=DIRECTION('',(0.,1.,0.));
#11878=DIRECTION('center_axis',(0.,1.,0.));
#11879=DIRECTION('ref_axis',(1.,0.,0.));
#11880=DIRECTION('center_axis',(0.,1.,0.));
#11881=DIRECTION('ref_axis',(1.,0.,0.));
#11882=DIRECTION('center_axis',(0.,1.,0.));
#11883=DIRECTION('ref_axis',(1.,0.,0.));
#11884=DIRECTION('',(0.,-1.,0.));
#11885=DIRECTION('center_axis',(0.,1.,0.));
#11886=DIRECTION('ref_axis',(1.,0.,0.));
#11887=DIRECTION('',(0.,1.,0.));
#11888=DIRECTION('center_axis',(0.,1.,0.));
#11889=DIRECTION('ref_axis',(1.,0.,0.));
#11890=DIRECTION('center_axis',(0.,1.,0.));
#11891=DIRECTION('ref_axis',(1.,0.,0.));
#11892=DIRECTION('center_axis',(0.,1.,0.));
#11893=DIRECTION('ref_axis',(1.,0.,0.));
#11894=DIRECTION('',(0.,-1.,0.));
#11895=DIRECTION('center_axis',(0.,1.,0.));
#11896=DIRECTION('ref_axis',(1.,0.,0.));
#11897=DIRECTION('',(0.,1.,0.));
#11898=DIRECTION('center_axis',(0.939692620785909,0.,-0.342020143325669));
#11899=DIRECTION('ref_axis',(-0.342020143325669,0.,-0.939692620785909));
#11900=DIRECTION('',(0.,1.,0.));
#11901=DIRECTION('',(-0.342020143325669,0.,-0.939692620785909));
#11902=DIRECTION('',(0.,-1.,0.));
#11903=DIRECTION('',(-0.342020143325669,0.,-0.939692620785909));
#11904=DIRECTION('',(0.,1.,0.));
#11905=DIRECTION('',(-0.342020143325669,0.,-0.939692620785909));
#11906=DIRECTION('center_axis',(0.,-1.,0.));
#11907=DIRECTION('ref_axis',(-0.906307787036655,0.,0.422618261740688));
#11908=DIRECTION('center_axis',(0.,1.,0.));
#11909=DIRECTION('ref_axis',(-0.906307787036655,0.,0.422618261740688));
#11910=DIRECTION('',(0.,1.,0.));
#11911=DIRECTION('center_axis',(0.,1.,0.));
#11912=DIRECTION('ref_axis',(-0.906307787036655,0.,0.422618261740688));
#11913=DIRECTION('',(0.,-1.,0.));
#11914=DIRECTION('center_axis',(0.342020143325669,0.,-0.939692620785908));
#11915=DIRECTION('ref_axis',(-0.939692620785908,0.,-0.342020143325669));
#11916=DIRECTION('',(-0.939692620785908,0.,-0.342020143325669));
#11917=DIRECTION('',(0.,1.,0.));
#11918=DIRECTION('',(-0.939692620785908,0.,-0.342020143325669));
#11919=DIRECTION('center_axis',(0.,-1.,0.));
#11920=DIRECTION('ref_axis',(0.,0.,-1.));
#11921=DIRECTION('',(0.34202014332567,0.,-0.939692620785908));
#11922=DIRECTION('center_axis',(0.,1.,0.));
#11923=DIRECTION('ref_axis',(0.34202014332567,0.,-0.939692620785908));
#11924=DIRECTION('',(-0.939692620785907,0.,-0.342020143325673));
#11925=DIRECTION('center_axis',(0.,1.,0.));
#11926=DIRECTION('ref_axis',(-0.939692620785908,0.,-0.342020143325669));
#11927=DIRECTION('',(-0.34202014332567,0.,0.939692620785908));
#11928=DIRECTION('center_axis',(0.,1.,0.));
#11929=DIRECTION('ref_axis',(0.422618261740714,0.,0.906307787036643));
#11930=DIRECTION('',(-0.939692620785908,0.,-0.342020143325669));
#11931=DIRECTION('',(-0.34202014332567,0.,0.939692620785908));
#11932=DIRECTION('',(0.939692620785908,0.,0.342020143325669));
#11933=DIRECTION('center_axis',(0.,1.,0.));
#11934=DIRECTION('ref_axis',(0.906307787036646,0.,-0.422618261740708));
#11935=DIRECTION('',(-0.34202014332567,0.,0.939692620785908));
#11936=DIRECTION('',(0.64278760968654,0.,-0.766044443118978));
#11937=DIRECTION('center_axis',(0.,1.,0.));
#11938=DIRECTION('ref_axis',(-0.0871557427476576,0.,-0.996194698091746));
#11939=DIRECTION('',(0.766044443118978,0.,0.64278760968654));
#11940=DIRECTION('',(0.64278760968654,0.,-0.766044443118978));
#11941=DIRECTION('',(-0.766044443118978,0.,-0.64278760968654));
#11942=DIRECTION('center_axis',(0.,1.,0.));
#11943=DIRECTION('ref_axis',(-0.996194698091746,0.,0.0871557427476576));
#11944=DIRECTION('',(0.64278760968654,0.,-0.766044443118978));
#11945=DIRECTION('center_axis',(0.,1.,0.));
#11946=DIRECTION('ref_axis',(0.64278760968654,0.,-0.766044443118978));
#11947=DIRECTION('',(-0.766044443118975,0.,-0.642787609686543));
#11948=DIRECTION('center_axis',(0.,1.,0.));
#11949=DIRECTION('ref_axis',(-0.766044443118978,0.,-0.64278760968654));
#11950=DIRECTION('',(-0.64278760968654,0.,0.766044443118978));
#11951=DIRECTION('center_axis',(0.,1.,0.));
#11952=DIRECTION('ref_axis',(0.0871557427476576,0.,0.996194698091746));
#11953=DIRECTION('',(-0.766044443118978,0.,-0.64278760968654));
#11954=DIRECTION('',(-0.64278760968654,0.,0.766044443118977));
#11955=DIRECTION('',(0.766044443118978,0.,0.64278760968654));
#11956=DIRECTION('center_axis',(0.,1.,0.));
#11957=DIRECTION('ref_axis',(0.996194698091746,0.,-0.0871557427476549));
#11958=DIRECTION('',(-0.64278760968654,0.,0.766044443118978));
#11959=DIRECTION('',(0.866025403784439,0.,-0.5));
#11960=DIRECTION('center_axis',(0.,1.,0.));
#11961=DIRECTION('ref_axis',(0.258819045102561,0.,-0.965925826289057));
#11962=DIRECTION('',(0.5,0.,0.866025403784439));
#11963=DIRECTION('',(0.866025403784439,0.,-0.5));
#11964=DIRECTION('',(-0.5,0.,-0.866025403784439));
#11965=DIRECTION('center_axis',(0.,1.,0.));
#11966=DIRECTION('ref_axis',(-0.965925826289073,0.,-0.258819045102502));
#11967=DIRECTION('',(0.866025403784439,0.,-0.5));
#11968=DIRECTION('center_axis',(0.,1.,0.));
#11969=DIRECTION('ref_axis',(0.866025403784439,0.,-0.5));
#11970=DIRECTION('',(-0.499999999999997,0.,-0.86602540378444));
#11971=DIRECTION('center_axis',(0.,1.,0.));
#11972=DIRECTION('ref_axis',(-0.5,0.,-0.866025403784439));
#11973=DIRECTION('',(-0.866025403784439,0.,0.5));
#11974=DIRECTION('center_axis',(0.,1.,0.));
#11975=DIRECTION('ref_axis',(-0.258819045102502,0.,0.965925826289073));
#11976=DIRECTION('',(-0.5,0.,-0.866025403784439));
#11977=DIRECTION('',(-0.866025403784439,0.,0.5));
#11978=DIRECTION('',(0.5,0.,0.866025403784439));
#11979=DIRECTION('center_axis',(0.,1.,0.));
#11980=DIRECTION('ref_axis',(0.965925826289075,0.,0.258819045102495));
#11981=DIRECTION('',(-0.866025403784439,0.,0.5));
#11982=DIRECTION('',(0.984807753012208,0.,-0.17364817766693));
#11983=DIRECTION('center_axis',(0.,1.,0.));
#11984=DIRECTION('ref_axis',(0.57357643635106,0.,-0.819152044288982));
#11985=DIRECTION('',(0.17364817766693,0.,0.984807753012208));
#11986=DIRECTION('',(0.984807753012208,0.,-0.17364817766693));
#11987=DIRECTION('',(-0.17364817766693,0.,-0.984807753012208));
#11988=DIRECTION('center_axis',(0.,1.,0.));
#11989=DIRECTION('ref_axis',(-0.819152044288986,0.,-0.573576436351054));
#11990=DIRECTION('',(0.984807753012208,0.,-0.17364817766693));
#11991=DIRECTION('center_axis',(0.,1.,0.));
#11992=DIRECTION('ref_axis',(0.984807753012208,0.,-0.17364817766693));
#11993=DIRECTION('',(-0.173648177666926,0.,-0.984807753012209));
#11994=DIRECTION('center_axis',(0.,1.,0.));
#11995=DIRECTION('ref_axis',(-0.17364817766693,0.,-0.984807753012208));
#11996=DIRECTION('',(-0.984807753012208,0.,0.17364817766693));
#11997=DIRECTION('center_axis',(0.,1.,0.));
#11998=DIRECTION('ref_axis',(-0.573576436351043,0.,0.819152044288994));
#11999=DIRECTION('',(-0.17364817766693,0.,-0.984807753012208));
#12000=DIRECTION('',(-0.984807753012208,0.,0.173648177666929));
#12001=DIRECTION('',(0.17364817766693,0.,0.984807753012208));
#12002=DIRECTION('center_axis',(0.,1.,0.));
#12003=DIRECTION('ref_axis',(0.819152044289007,0.,0.573576436351024));
#12004=DIRECTION('',(-0.984807753012208,0.,0.17364817766693));
#12005=DIRECTION('',(0.984807753012208,0.,0.173648177666931));
#12006=DIRECTION('center_axis',(0.,1.,0.));
#12007=DIRECTION('ref_axis',(0.819152044289007,0.,-0.573576436351024));
#12008=DIRECTION('',(-0.17364817766693,0.,0.984807753012208));
#12009=DIRECTION('',(0.984807753012208,0.,0.173648177666931));
#12010=DIRECTION('',(0.17364817766693,0.,-0.984807753012208));
#12011=DIRECTION('center_axis',(0.,1.,0.));
#12012=DIRECTION('ref_axis',(-0.573576436351043,0.,-0.819152044288994));
#12013=DIRECTION('',(0.984807753012208,0.,0.173648177666931));
#12014=DIRECTION('center_axis',(0.,1.,0.));
#12015=DIRECTION('ref_axis',(0.984807753012208,0.,0.173648177666931));
#12016=DIRECTION('',(0.173648177666934,0.,-0.984807753012207));
#12017=DIRECTION('center_axis',(0.,1.,0.));
#12018=DIRECTION('ref_axis',(0.17364817766693,0.,-0.984807753012208));
#12019=DIRECTION('',(-0.984807753012208,0.,-0.173648177666931));
#12020=DIRECTION('center_axis',(0.,1.,0.));
#12021=DIRECTION('ref_axis',(-0.819152044288997,0.,0.573576436351039));
#12022=DIRECTION('',(0.17364817766693,0.,-0.984807753012208));
#12023=DIRECTION('',(-0.984807753012208,0.,-0.173648177666931));
#12024=DIRECTION('',(-0.17364817766693,0.,0.984807753012208));
#12025=DIRECTION('center_axis',(0.,1.,0.));
#12026=DIRECTION('ref_axis',(0.573576436351025,0.,0.819152044289006));
#12027=DIRECTION('',(-0.984807753012208,0.,-0.173648177666931));
#12028=DIRECTION('',(0.866025403784438,0.,0.500000000000001));
#12029=DIRECTION('center_axis',(0.,1.,0.));
#12030=DIRECTION('ref_axis',(0.965925826289071,0.,-0.258819045102509));
#12031=DIRECTION('',(-0.5,0.,0.866025403784438));
#12032=DIRECTION('',(0.866025403784438,0.,0.500000000000001));
#12033=DIRECTION('',(0.5,0.,-0.866025403784438));
#12034=DIRECTION('center_axis',(0.,1.,0.));
#12035=DIRECTION('ref_axis',(-0.258819045102502,0.,-0.965925826289073));
#12036=DIRECTION('',(0.866025403784438,0.,0.500000000000001));
#12037=DIRECTION('center_axis',(0.,1.,0.));
#12038=DIRECTION('ref_axis',(0.866025403784438,0.,0.500000000000001));
#12039=DIRECTION('',(0.500000000000004,0.,-0.866025403784437));
#12040=DIRECTION('center_axis',(0.,1.,0.));
#12041=DIRECTION('ref_axis',(0.5,0.,-0.866025403784438));
#12042=DIRECTION('',(-0.866025403784438,0.,-0.500000000000001));
#12043=DIRECTION('center_axis',(0.,1.,0.));
#12044=DIRECTION('ref_axis',(-0.965925826289067,0.,0.258819045102524));
#12045=DIRECTION('',(0.5,0.,-0.866025403784438));
#12046=DIRECTION('',(-0.866025403784438,0.,-0.500000000000001));
#12047=DIRECTION('',(-0.5,0.,0.866025403784438));
#12048=DIRECTION('center_axis',(0.,1.,0.));
#12049=DIRECTION('ref_axis',(0.258819045102495,0.,0.965925826289075));
#12050=DIRECTION('',(-0.866025403784438,0.,-0.500000000000001));
#12051=DIRECTION('',(0.642787609686539,0.,0.766044443118978));
#12052=DIRECTION('center_axis',(0.,1.,0.));
#12053=DIRECTION('ref_axis',(0.996194698091746,0.,0.0871557427476576));
#12054=DIRECTION('',(-0.766044443118978,0.,0.642787609686539));
#12055=DIRECTION('',(0.642787609686539,0.,0.766044443118978));
#12056=DIRECTION('',(0.766044443118978,0.,-0.642787609686539));
#12057=DIRECTION('center_axis',(0.,1.,0.));
#12058=DIRECTION('ref_axis',(0.0871557427476576,0.,-0.996194698091746));
#12059=DIRECTION('',(0.642787609686539,0.,0.766044443118978));
#12060=DIRECTION('center_axis',(0.,1.,0.));
#12061=DIRECTION('ref_axis',(0.642787609686539,0.,0.766044443118978));
#12062=DIRECTION('',(0.76604444311898,0.,-0.642787609686536));
#12063=DIRECTION('center_axis',(0.,1.,0.));
#12064=DIRECTION('ref_axis',(0.766044443118978,0.,-0.642787609686539));
#12065=DIRECTION('',(-0.642787609686539,0.,-0.766044443118978));
#12066=DIRECTION('center_axis',(0.,1.,0.));
#12067=DIRECTION('ref_axis',(-0.996194698091746,0.,-0.0871557427476576));
#12068=DIRECTION('',(0.766044443118978,0.,-0.642787609686539));
#12069=DIRECTION('',(-0.642787609686539,0.,-0.766044443118978));
#12070=DIRECTION('',(-0.766044443118978,0.,0.642787609686539));
#12071=DIRECTION('center_axis',(0.,1.,0.));
#12072=DIRECTION('ref_axis',(-0.0871557427476237,0.,0.996194698091749));
#12073=DIRECTION('',(-0.642787609686539,0.,-0.766044443118978));
#12074=DIRECTION('center_axis',(0.,1.,0.));
#12075=DIRECTION('ref_axis',(1.,0.,0.));
#12076=DIRECTION('',(0.342020143325668,0.,0.939692620785909));
#12077=DIRECTION('center_axis',(0.,1.,0.));
#12078=DIRECTION('ref_axis',(0.906307787036646,0.,0.422618261740708));
#12079=DIRECTION('',(-0.939692620785909,0.,0.342020143325669));
#12080=DIRECTION('',(0.342020143325668,0.,0.939692620785909));
#12081=DIRECTION('',(0.939692620785909,0.,-0.342020143325669));
#12082=DIRECTION('center_axis',(0.,1.,0.));
#12083=DIRECTION('ref_axis',(0.422618261740676,0.,-0.906307787036661));
#12084=DIRECTION('',(0.342020143325668,0.,0.939692620785909));
#12085=DIRECTION('center_axis',(0.,1.,0.));
#12086=DIRECTION('ref_axis',(0.342020143325668,0.,0.939692620785908));
#12087=DIRECTION('',(0.93969262078591,0.,-0.342020143325665));
#12088=DIRECTION('center_axis',(0.,1.,0.));
#12089=DIRECTION('ref_axis',(0.939692620785908,0.,-0.342020143325669));
#12090=DIRECTION('center_axis',(0.,1.,0.));
#12091=DIRECTION('ref_axis',(-0.906307787036658,0.,-0.422618261740682));
#12092=DIRECTION('',(0.939692620785909,0.,-0.342020143325669));
#12093=DIRECTION('',(-0.342020143325668,0.,-0.939692620785909));
#12094=DIRECTION('',(-0.939692620785909,0.,0.342020143325669));
#12095=DIRECTION('center_axis',(0.,1.,0.));
#12096=DIRECTION('ref_axis',(-0.422618261740701,0.,0.906307787036649));
#12097=DIRECTION('center_axis',(0.,1.,0.));
#12098=DIRECTION('ref_axis',(0.707106781186555,0.,0.70710678118654));
#12099=DIRECTION('',(-1.,0.,-5.55111512312578E-17));
#12100=DIRECTION('',(-3.33066907387547E-16,0.,1.));
#12101=DIRECTION('',(1.,0.,5.55111512312578E-17));
#12102=DIRECTION('center_axis',(0.,1.,0.));
#12103=DIRECTION('ref_axis',(0.707106781186555,0.,-0.70710678118654));
#12104=DIRECTION('center_axis',(0.,1.,0.));
#12105=DIRECTION('ref_axis',(-4.33680868994203E-16,0.,1.));
#12106=DIRECTION('',(1.,0.,3.83026943495679E-15));
#12107=DIRECTION('center_axis',(0.,1.,0.));
#12108=DIRECTION('ref_axis',(1.,0.,8.67361737988405E-17));
#12109=DIRECTION('center_axis',(0.,1.,0.));
#12110=DIRECTION('ref_axis',(-0.70710678118654,0.,-0.707106781186555));
#12111=DIRECTION('',(1.,0.,5.55111512312578E-17));
#12112=DIRECTION('',(6.66133814775094E-16,0.,-1.));
#12113=DIRECTION('',(-1.,0.,-5.55111512312578E-17));
#12114=DIRECTION('center_axis',(0.,1.,0.));
#12115=DIRECTION('ref_axis',(-0.707106781186555,0.,0.70710678118654));
#12116=DIRECTION('center_axis',(0.,1.,0.));
#12117=DIRECTION('ref_axis',(0.422618261740714,0.,0.906307787036643));
#12118=DIRECTION('',(-0.939692620785908,0.,-0.342020143325669));
#12119=DIRECTION('',(-0.342020143325669,0.,0.939692620785908));
#12120=DIRECTION('',(0.939692620785908,0.,0.342020143325669));
#12121=DIRECTION('center_axis',(0.,1.,0.));
#12122=DIRECTION('ref_axis',(0.906307787036645,0.,-0.422618261740711));
#12123=DIRECTION('center_axis',(0.,1.,0.));
#12124=DIRECTION('ref_axis',(-0.342020143325669,0.,0.939692620785908));
#12125=DIRECTION('',(0.939692620785907,0.,0.342020143325672));
#12126=DIRECTION('center_axis',(0.,1.,0.));
#12127=DIRECTION('ref_axis',(0.939692620785908,0.,0.342020143325669));
#12128=DIRECTION('center_axis',(0.,1.,0.));
#12129=DIRECTION('ref_axis',(-0.422618261740688,0.,-0.906307787036655));
#12130=DIRECTION('',(0.939692620785908,0.,0.342020143325669));
#12131=DIRECTION('',(0.342020143325669,0.,-0.939692620785908));
#12132=DIRECTION('',(-0.939692620785908,0.,-0.342020143325669));
#12133=DIRECTION('center_axis',(0.,1.,0.));
#12134=DIRECTION('ref_axis',(-0.906307787036646,0.,0.422618261740708));
#12135=DIRECTION('center_axis',(0.,1.,0.));
#12136=DIRECTION('ref_axis',(0.0871557427476576,0.,0.996194698091746));
#12137=DIRECTION('',(-0.766044443118978,0.,-0.642787609686539));
#12138=DIRECTION('',(-0.64278760968654,0.,0.766044443118978));
#12139=DIRECTION('',(0.766044443118978,0.,0.642787609686539));
#12140=DIRECTION('center_axis',(0.,1.,0.));
#12141=DIRECTION('ref_axis',(0.996194698091746,0.,-0.0871557427476576));
#12142=DIRECTION('center_axis',(0.,1.,0.));
#12143=DIRECTION('ref_axis',(-0.64278760968654,0.,0.766044443118978));
#12144=DIRECTION('',(0.766044443118975,0.,0.642787609686542));
#12145=DIRECTION('center_axis',(0.,1.,0.));
#12146=DIRECTION('ref_axis',(0.766044443118978,0.,0.64278760968654));
#12147=DIRECTION('center_axis',(0.,1.,0.));
#12148=DIRECTION('ref_axis',(-0.0871557427476576,0.,-0.996194698091746));
#12149=DIRECTION('',(0.766044443118978,0.,0.642787609686539));
#12150=DIRECTION('',(0.64278760968654,0.,-0.766044443118978));
#12151=DIRECTION('',(-0.766044443118978,0.,-0.642787609686539));
#12152=DIRECTION('center_axis',(0.,1.,0.));
#12153=DIRECTION('ref_axis',(-0.996194698091746,0.,0.0871557427476576));
#12154=DIRECTION('center_axis',(0.,1.,0.));
#12155=DIRECTION('ref_axis',(-0.258819045102524,0.,0.965925826289067));
#12156=DIRECTION('',(-0.5,0.,-0.866025403784439));
#12157=DIRECTION('',(-0.866025403784439,0.,0.5));
#12158=DIRECTION('',(0.5,0.,0.866025403784439));
#12159=DIRECTION('center_axis',(0.,1.,0.));
#12160=DIRECTION('ref_axis',(0.965925826289073,0.,0.258819045102502));
#12161=DIRECTION('center_axis',(0.,1.,0.));
#12162=DIRECTION('ref_axis',(-0.866025403784439,0.,0.5));
#12163=DIRECTION('',(0.499999999999997,0.,0.866025403784441));
#12164=DIRECTION('center_axis',(0.,1.,0.));
#12165=DIRECTION('ref_axis',(0.5,0.,0.866025403784439));
#12166=DIRECTION('center_axis',(0.,1.,0.));
#12167=DIRECTION('ref_axis',(0.258819045102502,0.,-0.965925826289073));
#12168=DIRECTION('',(0.5,0.,0.866025403784439));
#12169=DIRECTION('',(0.866025403784439,0.,-0.499999999999999));
#12170=DIRECTION('',(-0.5,0.,-0.866025403784439));
#12171=DIRECTION('center_axis',(0.,1.,0.));
#12172=DIRECTION('ref_axis',(-0.965925826289071,0.,-0.258819045102509));
#12173=DIRECTION('center_axis',(0.,1.,0.));
#12174=DIRECTION('ref_axis',(-0.573576436351018,0.,0.819152044289011));
#12175=DIRECTION('',(-0.17364817766693,0.,-0.984807753012208));
#12176=DIRECTION('',(-0.984807753012208,0.,0.17364817766693));
#12177=DIRECTION('',(0.17364817766693,0.,0.984807753012208));
#12178=DIRECTION('center_axis',(0.,1.,0.));
#12179=DIRECTION('ref_axis',(0.819152044288989,0.,0.573576436351049));
#12180=DIRECTION('center_axis',(0.,1.,0.));
#12181=DIRECTION('ref_axis',(-0.984807753012208,0.,0.17364817766693));
#12182=DIRECTION('',(0.173648177666927,0.,0.984807753012209));
#12183=DIRECTION('center_axis',(0.,1.,0.));
#12184=DIRECTION('ref_axis',(0.17364817766693,0.,0.984807753012208));
#12185=DIRECTION('center_axis',(0.,1.,0.));
#12186=DIRECTION('ref_axis',(0.573576436351046,0.,-0.819152044288992));
#12187=DIRECTION('',(0.17364817766693,0.,0.984807753012208));
#12188=DIRECTION('',(0.984807753012208,0.,-0.17364817766693));
#12189=DIRECTION('',(-0.17364817766693,0.,-0.984807753012208));
#12190=DIRECTION('center_axis',(0.,1.,0.));
#12191=DIRECTION('ref_axis',(-0.819152044288986,0.,-0.573576436351054));
#12192=DIRECTION('center_axis',(0.,1.,0.));
#12193=DIRECTION('ref_axis',(-0.819152044289007,0.,0.573576436351024));
#12194=DIRECTION('',(0.17364817766693,0.,-0.984807753012208));
#12195=DIRECTION('',(-0.984807753012208,0.,-0.173648177666931));
#12196=DIRECTION('',(-0.17364817766693,0.,0.984807753012208));
#12197=DIRECTION('center_axis',(0.,1.,0.));
#12198=DIRECTION('ref_axis',(0.573576436351043,0.,0.819152044288994));
#12199=DIRECTION('center_axis',(0.,1.,0.));
#12200=DIRECTION('ref_axis',(-0.984807753012208,0.,-0.173648177666931));
#12201=DIRECTION('',(-0.173648177666934,0.,0.984807753012207));
#12202=DIRECTION('center_axis',(0.,1.,0.));
#12203=DIRECTION('ref_axis',(-0.17364817766693,0.,0.984807753012208));
#12204=DIRECTION('center_axis',(0.,1.,0.));
#12205=DIRECTION('ref_axis',(0.819152044288997,0.,-0.573576436351039));
#12206=DIRECTION('',(-0.17364817766693,0.,0.984807753012208));
#12207=DIRECTION('',(0.984807753012208,0.,0.173648177666931));
#12208=DIRECTION('',(0.17364817766693,0.,-0.984807753012208));
#12209=DIRECTION('center_axis',(0.,1.,0.));
#12210=DIRECTION('ref_axis',(-0.573576436351025,0.,-0.819152044289006));
#12211=DIRECTION('center_axis',(0.,1.,0.));
#12212=DIRECTION('ref_axis',(-0.965925826289067,0.,0.258819045102525));
#12213=DIRECTION('',(0.5,0.,-0.866025403784439));
#12214=DIRECTION('',(-0.866025403784438,0.,-0.5));
#12215=DIRECTION('',(-0.5,0.,0.866025403784439));
#12216=DIRECTION('center_axis',(0.,1.,0.));
#12217=DIRECTION('ref_axis',(0.258819045102532,0.,0.965925826289065));
#12218=DIRECTION('center_axis',(0.,1.,0.));
#12219=DIRECTION('ref_axis',(-0.866025403784438,0.,-0.5));
#12220=DIRECTION('',(-0.500000000000003,0.,0.866025403784437));
#12221=DIRECTION('center_axis',(0.,1.,0.));
#12222=DIRECTION('ref_axis',(-0.5,0.,0.866025403784438));
#12223=DIRECTION('center_axis',(0.,1.,0.));
#12224=DIRECTION('ref_axis',(0.965925826289065,0.,-0.258819045102532));
#12225=DIRECTION('',(-0.5,0.,0.866025403784439));
#12226=DIRECTION('',(0.866025403784438,0.,0.500000000000001));
#12227=DIRECTION('',(0.5,0.,-0.866025403784439));
#12228=DIRECTION('center_axis',(0.,1.,0.));
#12229=DIRECTION('ref_axis',(-0.258819045102502,0.,-0.965925826289073));
#12230=DIRECTION('center_axis',(0.,1.,0.));
#12231=DIRECTION('ref_axis',(-0.996194698091746,0.,-0.0871557427476576));
#12232=DIRECTION('',(0.766044443118978,0.,-0.642787609686539));
#12233=DIRECTION('',(-0.642787609686539,0.,-0.766044443118978));
#12234=DIRECTION('',(-0.766044443118978,0.,0.642787609686539));
#12235=DIRECTION('center_axis',(0.,1.,0.));
#12236=DIRECTION('ref_axis',(-0.0871557427476576,0.,0.996194698091746));
#12237=DIRECTION('center_axis',(0.,1.,0.));
#12238=DIRECTION('ref_axis',(-0.642787609686539,0.,-0.766044443118978));
#12239=DIRECTION('',(-0.76604444311898,0.,0.642787609686536));
#12240=DIRECTION('center_axis',(0.,1.,0.));
#12241=DIRECTION('ref_axis',(-0.766044443118978,0.,0.642787609686539));
#12242=DIRECTION('center_axis',(0.,1.,0.));
#12243=DIRECTION('ref_axis',(0.996194698091746,0.,0.0871557427476576));
#12244=DIRECTION('',(-0.766044443118978,0.,0.642787609686539));
#12245=DIRECTION('',(0.642787609686539,0.,0.766044443118978));
#12246=DIRECTION('',(0.766044443118978,0.,-0.642787609686539));
#12247=DIRECTION('center_axis',(0.,1.,0.));
#12248=DIRECTION('ref_axis',(0.0871557427476237,0.,-0.996194698091749));
#12249=DIRECTION('center_axis',(0.,1.,0.));
#12250=DIRECTION('ref_axis',(-0.906307787036643,0.,-0.422618261740714));
#12251=DIRECTION('',(0.939692620785908,0.,-0.342020143325669));
#12252=DIRECTION('',(-0.342020143325668,0.,-0.939692620785909));
#12253=DIRECTION('',(-0.939692620785908,0.,0.342020143325669));
#12254=DIRECTION('center_axis',(0.,1.,0.));
#12255=DIRECTION('ref_axis',(-0.422618261740701,0.,0.906307787036649));
#12256=DIRECTION('center_axis',(0.,1.,0.));
#12257=DIRECTION('ref_axis',(-0.342020143325668,0.,-0.939692620785908));
#12258=DIRECTION('',(-0.93969262078591,0.,0.342020143325665));
#12259=DIRECTION('center_axis',(0.,1.,0.));
#12260=DIRECTION('ref_axis',(-0.939692620785908,0.,0.342020143325669));
#12261=DIRECTION('',(0.342020143325668,0.,0.939692620785909));
#12262=DIRECTION('center_axis',(0.,1.,0.));
#12263=DIRECTION('ref_axis',(0.906307787036659,0.,0.422618261740679));
#12264=DIRECTION('',(-0.939692620785908,0.,0.342020143325669));
#12265=DIRECTION('',(0.342020143325668,0.,0.939692620785909));
#12266=DIRECTION('',(0.939692620785908,0.,-0.342020143325669));
#12267=DIRECTION('center_axis',(0.,1.,0.));
#12268=DIRECTION('ref_axis',(0.422618261740714,0.,-0.906307787036643));
#12269=DIRECTION('',(0.342020143325668,0.,0.939692620785909));
#12270=DIRECTION('',(1.98254111540206E-16,0.,-1.));
#12271=DIRECTION('center_axis',(0.,1.,0.));
#12272=DIRECTION('ref_axis',(-0.707106781186557,0.,-0.707106781186538));
#12273=DIRECTION('',(1.,0.,0.));
#12274=DIRECTION('',(2.52323414687535E-16,0.,-1.));
#12275=DIRECTION('',(-1.,0.,0.));
#12276=DIRECTION('center_axis',(0.,1.,0.));
#12277=DIRECTION('ref_axis',(-0.707106781186538,0.,0.707106781186557));
#12278=DIRECTION('',(1.98254111540206E-16,0.,-1.));
#12279=DIRECTION('center_axis',(0.,1.,0.));
#12280=DIRECTION('ref_axis',(3.03576608295941E-16,0.,-1.));
#12281=DIRECTION('',(-1.,0.,-3.7007434154172E-15));
#12282=DIRECTION('center_axis',(0.,1.,0.));
#12283=DIRECTION('ref_axis',(-1.,0.,0.));
#12284=DIRECTION('',(-2.64338815386942E-16,0.,1.));
#12285=DIRECTION('center_axis',(0.,1.,0.));
#12286=DIRECTION('ref_axis',(0.70710678118654,0.,0.707106781186555));
#12287=DIRECTION('',(-1.,0.,0.));
#12288=DIRECTION('',(-5.0464682937507E-16,0.,1.));
#12289=DIRECTION('',(1.,0.,0.));
#12290=DIRECTION('center_axis',(0.,1.,0.));
#12291=DIRECTION('ref_axis',(0.707106781186555,0.,-0.70710678118654));
#12292=DIRECTION('',(-2.64338815386942E-16,0.,1.));
#12293=DIRECTION('',(0.34202014332567,0.,-0.939692620785908));
#12294=DIRECTION('center_axis',(0.,1.,0.));
#12295=DIRECTION('ref_axis',(-0.422618261740714,0.,-0.906307787036643));
#12296=DIRECTION('',(0.939692620785908,0.,0.342020143325669));
#12297=DIRECTION('',(0.34202014332567,0.,-0.939692620785908));
#12298=DIRECTION('center_axis',(0.,1.,0.));
#12299=DIRECTION('ref_axis',(1.,0.,0.));
#12300=DIRECTION('center_axis',(0.,1.,0.));
#12301=DIRECTION('ref_axis',(0.422618261740714,0.,0.906307787036643));
#12302=DIRECTION('',(0.,1.,0.));
#12303=DIRECTION('center_axis',(0.,1.,0.));
#12304=DIRECTION('ref_axis',(0.422618261740714,0.,0.906307787036643));
#12305=DIRECTION('',(0.,-1.,0.));
#12306=DIRECTION('center_axis',(-0.939692620785908,0.,-0.34202014332567));
#12307=DIRECTION('ref_axis',(-0.34202014332567,0.,0.939692620785908));
#12308=DIRECTION('',(0.,-1.,0.));
#12309=DIRECTION('',(-0.34202014332567,0.,0.939692620785908));
#12310=DIRECTION('',(0.,1.,0.));
#12311=DIRECTION('center_axis',(0.,1.,0.));
#12312=DIRECTION('ref_axis',(-0.422618261740714,0.,-0.906307787036643));
#12313=DIRECTION('',(0.,1.,0.));
#12314=DIRECTION('center_axis',(0.,1.,0.));
#12315=DIRECTION('ref_axis',(-0.422618261740714,0.,-0.906307787036643));
#12316=DIRECTION('',(0.,-1.,0.));
#12317=DIRECTION('center_axis',(0.939692620785908,0.,0.34202014332567));
#12318=DIRECTION('ref_axis',(0.34202014332567,0.,-0.939692620785908));
#12319=DIRECTION('',(0.,1.,0.));
#12320=DIRECTION('',(0.34202014332567,0.,-0.939692620785908));
#12321=DIRECTION('center_axis',(0.,-1.,0.));
#12322=DIRECTION('ref_axis',(0.906307787036646,0.,-0.422618261740708));
#12323=DIRECTION('',(0.,1.,0.));
#12324=DIRECTION('center_axis',(0.,1.,0.));
#12325=DIRECTION('ref_axis',(0.906307787036646,0.,-0.422618261740708));
#12326=DIRECTION('center_axis',(-0.342020143325669,0.,0.939692620785908));
#12327=DIRECTION('ref_axis',(0.939692620785908,0.,0.342020143325669));
#12328=DIRECTION('',(0.,1.,0.));
#12329=DIRECTION('',(0.939692620785908,0.,0.342020143325669));
#12330=DIRECTION('center_axis',(0.,-1.,0.));
#12331=DIRECTION('ref_axis',(-0.996194698091746,0.,0.0871557427476576));
#12332=DIRECTION('',(0.,1.,0.));
#12333=DIRECTION('center_axis',(0.,1.,0.));
#12334=DIRECTION('ref_axis',(-0.996194698091746,0.,0.0871557427476576));
#12335=DIRECTION('',(0.,-1.,0.));
#12336=DIRECTION('center_axis',(0.64278760968654,0.,-0.766044443118978));
#12337=DIRECTION('ref_axis',(-0.766044443118978,0.,-0.64278760968654));
#12338=DIRECTION('',(0.,1.,0.));
#12339=DIRECTION('',(-0.766044443118978,0.,-0.64278760968654));
#12340=DIRECTION('center_axis',(0.,1.,0.));
#12341=DIRECTION('ref_axis',(0.0871557427476576,0.,0.996194698091746));
#12342=DIRECTION('',(0.,1.,0.));
#12343=DIRECTION('center_axis',(0.,1.,0.));
#12344=DIRECTION('ref_axis',(0.0871557427476576,0.,0.996194698091746));
#12345=DIRECTION('',(0.,-1.,0.));
#12346=DIRECTION('center_axis',(-0.766044443118978,0.,-0.64278760968654));
#12347=DIRECTION('ref_axis',(-0.64278760968654,0.,0.766044443118978));
#12348=DIRECTION('',(0.,-1.,0.));
#12349=DIRECTION('',(-0.64278760968654,0.,0.766044443118978));
#12350=DIRECTION('',(0.,1.,0.));
#12351=DIRECTION('center_axis',(0.,1.,0.));
#12352=DIRECTION('ref_axis',(-0.0871557427476576,0.,-0.996194698091746));
#12353=DIRECTION('',(0.,1.,0.));
#12354=DIRECTION('center_axis',(0.,1.,0.));
#12355=DIRECTION('ref_axis',(-0.0871557427476576,0.,-0.996194698091746));
#12356=DIRECTION('',(0.,-1.,0.));
#12357=DIRECTION('center_axis',(0.766044443118978,0.,0.64278760968654));
#12358=DIRECTION('ref_axis',(0.64278760968654,0.,-0.766044443118978));
#12359=DIRECTION('',(0.,1.,0.));
#12360=DIRECTION('',(0.64278760968654,0.,-0.766044443118978));
#12361=DIRECTION('center_axis',(0.,-1.,0.));
#12362=DIRECTION('ref_axis',(0.996194698091746,0.,-0.0871557427476549));
#12363=DIRECTION('',(0.,1.,0.));
#12364=DIRECTION('center_axis',(0.,1.,0.));
#12365=DIRECTION('ref_axis',(0.996194698091746,0.,-0.0871557427476549));
#12366=DIRECTION('center_axis',(-0.64278760968654,0.,0.766044443118978));
#12367=DIRECTION('ref_axis',(0.766044443118978,0.,0.64278760968654));
#12368=DIRECTION('',(0.,1.,0.));
#12369=DIRECTION('',(0.766044443118978,0.,0.64278760968654));
#12370=DIRECTION('center_axis',(0.,-1.,0.));
#12371=DIRECTION('ref_axis',(-0.965925826289073,0.,-0.258819045102502));
#12372=DIRECTION('',(0.,1.,0.));
#12373=DIRECTION('center_axis',(0.,1.,0.));
#12374=DIRECTION('ref_axis',(-0.965925826289073,0.,-0.258819045102502));
#12375=DIRECTION('',(0.,-1.,0.));
#12376=DIRECTION('center_axis',(0.866025403784439,0.,-0.5));
#12377=DIRECTION('ref_axis',(-0.5,0.,-0.866025403784439));
#12378=DIRECTION('',(0.,1.,0.));
#12379=DIRECTION('',(-0.5,0.,-0.866025403784439));
#12380=DIRECTION('center_axis',(0.,1.,0.));
#12381=DIRECTION('ref_axis',(-0.258819045102502,0.,0.965925826289073));
#12382=DIRECTION('',(0.,1.,0.));
#12383=DIRECTION('center_axis',(0.,1.,0.));
#12384=DIRECTION('ref_axis',(-0.258819045102502,0.,0.965925826289073));
#12385=DIRECTION('',(0.,-1.,0.));
#12386=DIRECTION('center_axis',(-0.5,0.,-0.866025403784439));
#12387=DIRECTION('ref_axis',(-0.866025403784439,0.,0.5));
#12388=DIRECTION('',(0.,-1.,0.));
#12389=DIRECTION('',(-0.866025403784439,0.,0.5));
#12390=DIRECTION('',(0.,1.,0.));
#12391=DIRECTION('center_axis',(0.,1.,0.));
#12392=DIRECTION('ref_axis',(0.258819045102561,0.,-0.965925826289057));
#12393=DIRECTION('',(0.,1.,0.));
#12394=DIRECTION('center_axis',(0.,1.,0.));
#12395=DIRECTION('ref_axis',(0.258819045102561,0.,-0.965925826289057));
#12396=DIRECTION('',(0.,-1.,0.));
#12397=DIRECTION('center_axis',(0.5,0.,0.866025403784439));
#12398=DIRECTION('ref_axis',(0.866025403784439,0.,-0.5));
#12399=DIRECTION('',(0.,1.,0.));
#12400=DIRECTION('',(0.866025403784439,0.,-0.5));
#12401=DIRECTION('center_axis',(0.,-1.,0.));
#12402=DIRECTION('ref_axis',(0.965925826289075,0.,0.258819045102495));
#12403=DIRECTION('',(0.,1.,0.));
#12404=DIRECTION('center_axis',(0.,1.,0.));
#12405=DIRECTION('ref_axis',(0.965925826289075,0.,0.258819045102495));
#12406=DIRECTION('center_axis',(-0.866025403784439,0.,0.5));
#12407=DIRECTION('ref_axis',(0.5,0.,0.866025403784439));
#12408=DIRECTION('',(0.,1.,0.));
#12409=DIRECTION('',(0.5,0.,0.866025403784439));
#12410=DIRECTION('center_axis',(0.,-1.,0.));
#12411=DIRECTION('ref_axis',(-0.819152044288986,0.,-0.573576436351054));
#12412=DIRECTION('',(0.,1.,0.));
#12413=DIRECTION('center_axis',(0.,1.,0.));
#12414=DIRECTION('ref_axis',(-0.819152044288986,0.,-0.573576436351054));
#12415=DIRECTION('',(0.,-1.,0.));
#12416=DIRECTION('center_axis',(0.984807753012208,0.,-0.17364817766693));
#12417=DIRECTION('ref_axis',(-0.17364817766693,0.,-0.984807753012208));
#12418=DIRECTION('',(0.,1.,0.));
#12419=DIRECTION('',(-0.17364817766693,0.,-0.984807753012208));
#12420=DIRECTION('center_axis',(0.,1.,0.));
#12421=DIRECTION('ref_axis',(-0.573576436351043,0.,0.819152044288994));
#12422=DIRECTION('',(0.,1.,0.));
#12423=DIRECTION('center_axis',(0.,1.,0.));
#12424=DIRECTION('ref_axis',(-0.573576436351043,0.,0.819152044288994));
#12425=DIRECTION('',(0.,-1.,0.));
#12426=DIRECTION('center_axis',(-0.17364817766693,0.,-0.984807753012208));
#12427=DIRECTION('ref_axis',(-0.984807753012208,0.,0.17364817766693));
#12428=DIRECTION('',(0.,-1.,0.));
#12429=DIRECTION('',(-0.984807753012208,0.,0.17364817766693));
#12430=DIRECTION('',(0.,1.,0.));
#12431=DIRECTION('center_axis',(0.,1.,0.));
#12432=DIRECTION('ref_axis',(0.57357643635106,0.,-0.819152044288982));
#12433=DIRECTION('',(0.,1.,0.));
#12434=DIRECTION('center_axis',(0.,1.,0.));
#12435=DIRECTION('ref_axis',(0.57357643635106,0.,-0.819152044288982));
#12436=DIRECTION('',(0.,-1.,0.));
#12437=DIRECTION('center_axis',(0.17364817766693,0.,0.984807753012208));
#12438=DIRECTION('ref_axis',(0.984807753012208,0.,-0.17364817766693));
#12439=DIRECTION('',(0.,1.,0.));
#12440=DIRECTION('',(0.984807753012208,0.,-0.17364817766693));
#12441=DIRECTION('center_axis',(0.,-1.,0.));
#12442=DIRECTION('ref_axis',(0.819152044289007,0.,0.573576436351024));
#12443=DIRECTION('',(0.,1.,0.));
#12444=DIRECTION('center_axis',(0.,1.,0.));
#12445=DIRECTION('ref_axis',(0.819152044289007,0.,0.573576436351024));
#12446=DIRECTION('center_axis',(-0.984807753012208,0.,0.17364817766693));
#12447=DIRECTION('ref_axis',(0.17364817766693,0.,0.984807753012208));
#12448=DIRECTION('',(0.,1.,0.));
#12449=DIRECTION('',(0.17364817766693,0.,0.984807753012208));
#12450=DIRECTION('center_axis',(0.,-1.,0.));
#12451=DIRECTION('ref_axis',(-0.573576436351043,0.,-0.819152044288994));
#12452=DIRECTION('',(0.,1.,0.));
#12453=DIRECTION('center_axis',(0.,1.,0.));
#12454=DIRECTION('ref_axis',(-0.573576436351043,0.,-0.819152044288994));
#12455=DIRECTION('',(0.,-1.,0.));
#12456=DIRECTION('center_axis',(0.984807753012208,0.,0.17364817766693));
#12457=DIRECTION('ref_axis',(0.17364817766693,0.,-0.984807753012208));
#12458=DIRECTION('',(0.,1.,0.));
#12459=DIRECTION('',(0.17364817766693,0.,-0.984807753012208));
#12460=DIRECTION('center_axis',(0.,1.,0.));
#12461=DIRECTION('ref_axis',(-0.819152044288997,0.,0.573576436351039));
#12462=DIRECTION('',(0.,1.,0.));
#12463=DIRECTION('center_axis',(0.,1.,0.));
#12464=DIRECTION('ref_axis',(-0.819152044288997,0.,0.573576436351039));
#12465=DIRECTION('',(0.,-1.,0.));
#12466=DIRECTION('center_axis',(0.173648177666931,0.,-0.984807753012208));
#12467=DIRECTION('ref_axis',(-0.984807753012208,0.,-0.17364817766693));
#12468=DIRECTION('',(0.,-1.,0.));
#12469=DIRECTION('',(-0.984807753012208,0.,-0.17364817766693));
#12470=DIRECTION('',(0.,1.,0.));
#12471=DIRECTION('center_axis',(0.,1.,0.));
#12472=DIRECTION('ref_axis',(0.819152044289007,0.,-0.573576436351024));
#12473=DIRECTION('',(0.,1.,0.));
#12474=DIRECTION('center_axis',(0.,1.,0.));
#12475=DIRECTION('ref_axis',(0.819152044289007,0.,-0.573576436351024));
#12476=DIRECTION('',(0.,-1.,0.));
#12477=DIRECTION('center_axis',(-0.173648177666931,0.,0.984807753012208));
#12478=DIRECTION('ref_axis',(0.984807753012208,0.,0.17364817766693));
#12479=DIRECTION('',(0.,1.,0.));
#12480=DIRECTION('',(0.984807753012208,0.,0.17364817766693));
#12481=DIRECTION('center_axis',(0.,-1.,0.));
#12482=DIRECTION('ref_axis',(0.573576436351025,0.,0.819152044289006));
#12483=DIRECTION('',(0.,1.,0.));
#12484=DIRECTION('center_axis',(0.,1.,0.));
#12485=DIRECTION('ref_axis',(0.573576436351025,0.,0.819152044289006));
#12486=DIRECTION('center_axis',(-0.984807753012208,0.,-0.17364817766693));
#12487=DIRECTION('ref_axis',(-0.17364817766693,0.,0.984807753012208));
#12488=DIRECTION('',(0.,1.,0.));
#12489=DIRECTION('',(-0.17364817766693,0.,0.984807753012208));
#12490=DIRECTION('center_axis',(0.,-1.,0.));
#12491=DIRECTION('ref_axis',(-0.258819045102502,0.,-0.965925826289073));
#12492=DIRECTION('',(0.,1.,0.));
#12493=DIRECTION('center_axis',(0.,1.,0.));
#12494=DIRECTION('ref_axis',(-0.258819045102502,0.,-0.965925826289073));
#12495=DIRECTION('',(0.,-1.,0.));
#12496=DIRECTION('center_axis',(0.866025403784438,0.,0.5));
#12497=DIRECTION('ref_axis',(0.5,0.,-0.866025403784438));
#12498=DIRECTION('',(0.,1.,0.));
#12499=DIRECTION('',(0.5,0.,-0.866025403784438));
#12500=DIRECTION('center_axis',(0.,1.,0.));
#12501=DIRECTION('ref_axis',(-0.965925826289067,0.,0.258819045102524));
#12502=DIRECTION('',(0.,1.,0.));
#12503=DIRECTION('center_axis',(0.,1.,0.));
#12504=DIRECTION('ref_axis',(-0.965925826289067,0.,0.258819045102524));
#12505=DIRECTION('',(0.,-1.,0.));
#12506=DIRECTION('center_axis',(0.500000000000001,0.,-0.866025403784438));
#12507=DIRECTION('ref_axis',(-0.866025403784438,0.,-0.500000000000001));
#12508=DIRECTION('',(0.,-1.,0.));
#12509=DIRECTION('',(-0.866025403784438,0.,-0.500000000000001));
#12510=DIRECTION('',(0.,1.,0.));
#12511=DIRECTION('center_axis',(0.,1.,0.));
#12512=DIRECTION('ref_axis',(0.965925826289071,0.,-0.258819045102509));
#12513=DIRECTION('',(0.,1.,0.));
#12514=DIRECTION('center_axis',(0.,1.,0.));
#12515=DIRECTION('ref_axis',(0.965925826289071,0.,-0.258819045102509));
#12516=DIRECTION('',(0.,-1.,0.));
#12517=DIRECTION('center_axis',(-0.500000000000001,0.,0.866025403784438));
#12518=DIRECTION('ref_axis',(0.866025403784438,0.,0.500000000000001));
#12519=DIRECTION('',(0.,1.,0.));
#12520=DIRECTION('',(0.866025403784438,0.,0.500000000000001));
#12521=DIRECTION('center_axis',(0.,-1.,0.));
#12522=DIRECTION('ref_axis',(0.258819045102495,0.,0.965925826289075));
#12523=DIRECTION('',(0.,1.,0.));
#12524=DIRECTION('center_axis',(0.,1.,0.));
#12525=DIRECTION('ref_axis',(0.258819045102495,0.,0.965925826289075));
#12526=DIRECTION('center_axis',(-0.866025403784438,0.,-0.5));
#12527=DIRECTION('ref_axis',(-0.5,0.,0.866025403784438));
#12528=DIRECTION('',(0.,1.,0.));
#12529=DIRECTION('',(-0.5,0.,0.866025403784438));
#12530=DIRECTION('center_axis',(0.,-1.,0.));
#12531=DIRECTION('ref_axis',(0.0871557427476576,0.,-0.996194698091746));
#12532=DIRECTION('',(0.,1.,0.));
#12533=DIRECTION('center_axis',(0.,1.,0.));
#12534=DIRECTION('ref_axis',(0.0871557427476576,0.,-0.996194698091746));
#12535=DIRECTION('',(0.,-1.,0.));
#12536=DIRECTION('center_axis',(0.642787609686539,0.,0.766044443118978));
#12537=DIRECTION('ref_axis',(0.766044443118978,0.,-0.642787609686539));
#12538=DIRECTION('',(0.,1.,0.));
#12539=DIRECTION('',(0.766044443118978,0.,-0.642787609686539));
#12540=DIRECTION('center_axis',(0.,1.,0.));
#12541=DIRECTION('ref_axis',(-0.996194698091746,0.,-0.0871557427476576));
#12542=DIRECTION('',(0.,1.,0.));
#12543=DIRECTION('center_axis',(0.,1.,0.));
#12544=DIRECTION('ref_axis',(-0.996194698091746,0.,-0.0871557427476576));
#12545=DIRECTION('',(0.,-1.,0.));
#12546=DIRECTION('center_axis',(0.766044443118978,0.,-0.642787609686539));
#12547=DIRECTION('ref_axis',(-0.642787609686539,0.,-0.766044443118978));
#12548=DIRECTION('',(0.,1.,0.));
#12549=DIRECTION('',(0.,-1.,0.));
#12550=DIRECTION('',(-0.642787609686539,0.,-0.766044443118978));
#12551=DIRECTION('',(0.,1.,0.));
#12552=DIRECTION('center_axis',(0.,1.,0.));
#12553=DIRECTION('ref_axis',(0.996194698091746,0.,0.0871557427476576));
#12554=DIRECTION('',(0.,1.,0.));
#12555=DIRECTION('center_axis',(0.,1.,0.));
#12556=DIRECTION('ref_axis',(0.996194698091746,0.,0.0871557427476576));
#12557=DIRECTION('',(0.,-1.,0.));
#12558=DIRECTION('center_axis',(-0.766044443118978,0.,0.642787609686539));
#12559=DIRECTION('ref_axis',(0.642787609686539,0.,0.766044443118978));
#12560=DIRECTION('',(0.,1.,0.));
#12561=DIRECTION('',(0.642787609686539,0.,0.766044443118978));
#12562=DIRECTION('center_axis',(0.,-1.,0.));
#12563=DIRECTION('ref_axis',(-0.0871557427476237,0.,0.996194698091749));
#12564=DIRECTION('',(0.,1.,0.));
#12565=DIRECTION('center_axis',(0.,1.,0.));
#12566=DIRECTION('ref_axis',(-0.0871557427476237,0.,0.996194698091749));
#12567=DIRECTION('center_axis',(-0.642787609686539,0.,-0.766044443118978));
#12568=DIRECTION('ref_axis',(-0.766044443118978,0.,0.642787609686539));
#12569=DIRECTION('',(0.,1.,0.));
#12570=DIRECTION('',(-0.766044443118978,0.,0.642787609686539));
#12571=DIRECTION('center_axis',(0.,-1.,0.));
#12572=DIRECTION('ref_axis',(0.422618261740676,0.,-0.906307787036661));
#12573=DIRECTION('',(0.,1.,0.));
#12574=DIRECTION('center_axis',(0.,1.,0.));
#12575=DIRECTION('ref_axis',(0.422618261740676,0.,-0.906307787036661));
#12576=DIRECTION('',(0.,-1.,0.));
#12577=DIRECTION('center_axis',(0.342020143325669,0.,0.939692620785908));
#12578=DIRECTION('ref_axis',(0.939692620785909,0.,-0.342020143325669));
#12579=DIRECTION('',(0.,1.,0.));
#12580=DIRECTION('',(0.939692620785909,0.,-0.342020143325669));
#12581=DIRECTION('center_axis',(0.,1.,0.));
#12582=DIRECTION('ref_axis',(-0.906307787036658,0.,-0.422618261740682));
#12583=DIRECTION('center_axis',(0.,1.,0.));
#12584=DIRECTION('ref_axis',(-0.906307787036658,0.,-0.422618261740682));
#12585=DIRECTION('',(0.,-1.,0.));
#12586=DIRECTION('center_axis',(0.,1.,0.));
#12587=DIRECTION('ref_axis',(0.906307787036646,0.,0.422618261740708));
#12588=DIRECTION('',(0.,1.,0.));
#12589=DIRECTION('center_axis',(0.,1.,0.));
#12590=DIRECTION('ref_axis',(0.906307787036646,0.,0.422618261740708));
#12591=DIRECTION('',(0.,-1.,0.));
#12592=DIRECTION('center_axis',(-0.939692620785909,0.,0.342020143325668));
#12593=DIRECTION('ref_axis',(0.342020143325668,0.,0.939692620785909));
#12594=DIRECTION('',(0.,1.,0.));
#12595=DIRECTION('',(0.342020143325668,0.,0.939692620785909));
#12596=DIRECTION('',(0.,-1.,0.));
#12597=DIRECTION('center_axis',(0.,-1.,0.));
#12598=DIRECTION('ref_axis',(-0.422618261740701,0.,0.906307787036649));
#12599=DIRECTION('',(0.,1.,0.));
#12600=DIRECTION('center_axis',(0.,1.,0.));
#12601=DIRECTION('ref_axis',(-0.422618261740701,0.,0.906307787036649));
#12602=DIRECTION('center_axis',(-0.342020143325669,0.,-0.939692620785908));
#12603=DIRECTION('ref_axis',(-0.939692620785909,0.,0.342020143325669));
#12604=DIRECTION('',(0.,1.,0.));
#12605=DIRECTION('',(-0.939692620785909,0.,0.342020143325669));
#12606=DIRECTION('center_axis',(0.,-1.,0.));
#12607=DIRECTION('ref_axis',(0.707106781186555,0.,-0.70710678118654));
#12608=DIRECTION('',(0.,1.,0.));
#12609=DIRECTION('center_axis',(0.,1.,0.));
#12610=DIRECTION('ref_axis',(0.707106781186555,0.,-0.70710678118654));
#12611=DIRECTION('center_axis',(-5.55111512312578E-17,0.,1.));
#12612=DIRECTION('ref_axis',(1.,0.,5.55111512312578E-17));
#12613=DIRECTION('',(0.,1.,0.));
#12614=DIRECTION('',(1.,0.,5.55111512312578E-17));
#12615=DIRECTION('center_axis',(0.,1.,0.));
#12616=DIRECTION('ref_axis',(-0.70710678118654,0.,-0.707106781186555));
#12617=DIRECTION('center_axis',(0.,1.,0.));
#12618=DIRECTION('ref_axis',(-0.70710678118654,0.,-0.707106781186555));
#12619=DIRECTION('',(0.,-1.,0.));
#12620=DIRECTION('center_axis',(0.,1.,0.));
#12621=DIRECTION('ref_axis',(0.707106781186555,0.,0.70710678118654));
#12622=DIRECTION('center_axis',(0.,1.,0.));
#12623=DIRECTION('ref_axis',(0.707106781186555,0.,0.70710678118654));
#12624=DIRECTION('',(0.,-1.,0.));
#12625=DIRECTION('center_axis',(0.,-1.,0.));
#12626=DIRECTION('ref_axis',(-0.707106781186555,0.,0.70710678118654));
#12627=DIRECTION('',(0.,1.,0.));
#12628=DIRECTION('center_axis',(0.,1.,0.));
#12629=DIRECTION('ref_axis',(-0.707106781186555,0.,0.70710678118654));
#12630=DIRECTION('center_axis',(5.55111512312578E-17,0.,-1.));
#12631=DIRECTION('ref_axis',(-1.,0.,-5.55111512312578E-17));
#12632=DIRECTION('',(0.,1.,0.));
#12633=DIRECTION('',(-1.,0.,-5.55111512312578E-17));
#12634=DIRECTION('center_axis',(0.,-1.,0.));
#12635=DIRECTION('ref_axis',(0.906307787036645,0.,-0.422618261740711));
#12636=DIRECTION('',(0.,1.,0.));
#12637=DIRECTION('center_axis',(0.,1.,0.));
#12638=DIRECTION('ref_axis',(0.906307787036645,0.,-0.422618261740711));
#12639=DIRECTION('center_axis',(-0.342020143325669,0.,0.939692620785908));
#12640=DIRECTION('ref_axis',(0.939692620785908,0.,0.342020143325669));
#12641=DIRECTION('',(0.,1.,0.));
#12642=DIRECTION('',(0.939692620785908,0.,0.342020143325669));
#12643=DIRECTION('center_axis',(0.,1.,0.));
#12644=DIRECTION('ref_axis',(-0.422618261740688,0.,-0.906307787036655));
#12645=DIRECTION('center_axis',(0.,1.,0.));
#12646=DIRECTION('ref_axis',(-0.422618261740688,0.,-0.906307787036655));
#12647=DIRECTION('',(0.,-1.,0.));
#12648=DIRECTION('center_axis',(0.,1.,0.));
#12649=DIRECTION('ref_axis',(0.422618261740714,0.,0.906307787036643));
#12650=DIRECTION('center_axis',(0.,1.,0.));
#12651=DIRECTION('ref_axis',(0.422618261740714,0.,0.906307787036643));
#12652=DIRECTION('',(0.,-1.,0.));
#12653=DIRECTION('center_axis',(0.,-1.,0.));
#12654=DIRECTION('ref_axis',(-0.906307787036646,0.,0.422618261740708));
#12655=DIRECTION('',(0.,1.,0.));
#12656=DIRECTION('center_axis',(0.,1.,0.));
#12657=DIRECTION('ref_axis',(-0.906307787036646,0.,0.422618261740708));
#12658=DIRECTION('center_axis',(0.342020143325669,0.,-0.939692620785908));
#12659=DIRECTION('ref_axis',(-0.939692620785908,0.,-0.342020143325669));
#12660=DIRECTION('',(0.,1.,0.));
#12661=DIRECTION('',(-0.939692620785908,0.,-0.342020143325669));
#12662=DIRECTION('center_axis',(0.,-1.,0.));
#12663=DIRECTION('ref_axis',(0.996194698091746,0.,-0.0871557427476576));
#12664=DIRECTION('',(0.,1.,0.));
#12665=DIRECTION('center_axis',(0.,1.,0.));
#12666=DIRECTION('ref_axis',(0.996194698091746,0.,-0.0871557427476576));
#12667=DIRECTION('center_axis',(-0.642787609686539,0.,0.766044443118978));
#12668=DIRECTION('ref_axis',(0.766044443118978,0.,0.642787609686539));
#12669=DIRECTION('',(0.,1.,0.));
#12670=DIRECTION('',(0.766044443118978,0.,0.642787609686539));
#12671=DIRECTION('center_axis',(0.,1.,0.));
#12672=DIRECTION('ref_axis',(-0.0871557427476576,0.,-0.996194698091746));
#12673=DIRECTION('center_axis',(0.,1.,0.));
#12674=DIRECTION('ref_axis',(-0.0871557427476576,0.,-0.996194698091746));
#12675=DIRECTION('',(0.,-1.,0.));
#12676=DIRECTION('center_axis',(0.,1.,0.));
#12677=DIRECTION('ref_axis',(0.0871557427476576,0.,0.996194698091746));
#12678=DIRECTION('center_axis',(0.,1.,0.));
#12679=DIRECTION('ref_axis',(0.0871557427476576,0.,0.996194698091746));
#12680=DIRECTION('',(0.,-1.,0.));
#12681=DIRECTION('center_axis',(0.,-1.,0.));
#12682=DIRECTION('ref_axis',(-0.996194698091746,0.,0.0871557427476576));
#12683=DIRECTION('',(0.,1.,0.));
#12684=DIRECTION('center_axis',(0.,1.,0.));
#12685=DIRECTION('ref_axis',(-0.996194698091746,0.,0.0871557427476576));
#12686=DIRECTION('center_axis',(0.642787609686539,0.,-0.766044443118978));
#12687=DIRECTION('ref_axis',(-0.766044443118978,0.,-0.642787609686539));
#12688=DIRECTION('',(0.,1.,0.));
#12689=DIRECTION('',(-0.766044443118978,0.,-0.642787609686539));
#12690=DIRECTION('center_axis',(0.,-1.,0.));
#12691=DIRECTION('ref_axis',(0.965925826289073,0.,0.258819045102502));
#12692=DIRECTION('',(0.,1.,0.));
#12693=DIRECTION('center_axis',(0.,1.,0.));
#12694=DIRECTION('ref_axis',(0.965925826289073,0.,0.258819045102502));
#12695=DIRECTION('center_axis',(-0.866025403784439,0.,0.5));
#12696=DIRECTION('ref_axis',(0.5,0.,0.866025403784439));
#12697=DIRECTION('',(0.,1.,0.));
#12698=DIRECTION('',(0.5,0.,0.866025403784439));
#12699=DIRECTION('center_axis',(0.,1.,0.));
#12700=DIRECTION('ref_axis',(0.258819045102502,0.,-0.965925826289073));
#12701=DIRECTION('center_axis',(0.,1.,0.));
#12702=DIRECTION('ref_axis',(0.258819045102502,0.,-0.965925826289073));
#12703=DIRECTION('',(0.,-1.,0.));
#12704=DIRECTION('center_axis',(0.,1.,0.));
#12705=DIRECTION('ref_axis',(-0.258819045102524,0.,0.965925826289067));
#12706=DIRECTION('center_axis',(0.,1.,0.));
#12707=DIRECTION('ref_axis',(-0.258819045102524,0.,0.965925826289067));
#12708=DIRECTION('',(0.,-1.,0.));
#12709=DIRECTION('center_axis',(0.,-1.,0.));
#12710=DIRECTION('ref_axis',(-0.965925826289071,0.,-0.258819045102509));
#12711=DIRECTION('',(0.,1.,0.));
#12712=DIRECTION('center_axis',(0.,1.,0.));
#12713=DIRECTION('ref_axis',(-0.965925826289071,0.,-0.258819045102509));
#12714=DIRECTION('center_axis',(0.866025403784439,0.,-0.5));
#12715=DIRECTION('ref_axis',(-0.5,0.,-0.866025403784439));
#12716=DIRECTION('',(0.,1.,0.));
#12717=DIRECTION('',(-0.5,0.,-0.866025403784439));
#12718=DIRECTION('center_axis',(0.,-1.,0.));
#12719=DIRECTION('ref_axis',(0.819152044288989,0.,0.573576436351049));
#12720=DIRECTION('',(0.,1.,0.));
#12721=DIRECTION('center_axis',(0.,1.,0.));
#12722=DIRECTION('ref_axis',(0.819152044288989,0.,0.573576436351049));
#12723=DIRECTION('center_axis',(-0.984807753012208,0.,0.17364817766693));
#12724=DIRECTION('ref_axis',(0.17364817766693,0.,0.984807753012208));
#12725=DIRECTION('',(0.,1.,0.));
#12726=DIRECTION('',(0.17364817766693,0.,0.984807753012208));
#12727=DIRECTION('center_axis',(0.,1.,0.));
#12728=DIRECTION('ref_axis',(0.573576436351046,0.,-0.819152044288992));
#12729=DIRECTION('center_axis',(0.,1.,0.));
#12730=DIRECTION('ref_axis',(0.573576436351046,0.,-0.819152044288992));
#12731=DIRECTION('',(0.,-1.,0.));
#12732=DIRECTION('center_axis',(0.,1.,0.));
#12733=DIRECTION('ref_axis',(-0.573576436351018,0.,0.819152044289011));
#12734=DIRECTION('center_axis',(0.,1.,0.));
#12735=DIRECTION('ref_axis',(-0.573576436351018,0.,0.819152044289011));
#12736=DIRECTION('',(0.,-1.,0.));
#12737=DIRECTION('center_axis',(0.,-1.,0.));
#12738=DIRECTION('ref_axis',(-0.819152044288986,0.,-0.573576436351054));
#12739=DIRECTION('',(0.,1.,0.));
#12740=DIRECTION('center_axis',(0.,1.,0.));
#12741=DIRECTION('ref_axis',(-0.819152044288986,0.,-0.573576436351054));
#12742=DIRECTION('center_axis',(0.984807753012208,0.,-0.17364817766693));
#12743=DIRECTION('ref_axis',(-0.17364817766693,0.,-0.984807753012208));
#12744=DIRECTION('',(0.,1.,0.));
#12745=DIRECTION('',(-0.17364817766693,0.,-0.984807753012208));
#12746=DIRECTION('center_axis',(0.,-1.,0.));
#12747=DIRECTION('ref_axis',(0.573576436351043,0.,0.819152044288994));
#12748=DIRECTION('',(0.,1.,0.));
#12749=DIRECTION('center_axis',(0.,1.,0.));
#12750=DIRECTION('ref_axis',(0.573576436351043,0.,0.819152044288994));
#12751=DIRECTION('center_axis',(-0.984807753012208,0.,-0.17364817766693));
#12752=DIRECTION('ref_axis',(-0.17364817766693,0.,0.984807753012208));
#12753=DIRECTION('',(0.,1.,0.));
#12754=DIRECTION('',(-0.17364817766693,0.,0.984807753012208));
#12755=DIRECTION('center_axis',(0.,1.,0.));
#12756=DIRECTION('ref_axis',(0.819152044288997,0.,-0.573576436351039));
#12757=DIRECTION('center_axis',(0.,1.,0.));
#12758=DIRECTION('ref_axis',(0.819152044288997,0.,-0.573576436351039));
#12759=DIRECTION('',(0.,-1.,0.));
#12760=DIRECTION('center_axis',(0.,1.,0.));
#12761=DIRECTION('ref_axis',(-0.819152044289007,0.,0.573576436351024));
#12762=DIRECTION('center_axis',(0.,1.,0.));
#12763=DIRECTION('ref_axis',(-0.819152044289007,0.,0.573576436351024));
#12764=DIRECTION('',(0.,-1.,0.));
#12765=DIRECTION('center_axis',(0.,-1.,0.));
#12766=DIRECTION('ref_axis',(-0.573576436351025,0.,-0.819152044289006));
#12767=DIRECTION('',(0.,1.,0.));
#12768=DIRECTION('center_axis',(0.,1.,0.));
#12769=DIRECTION('ref_axis',(-0.573576436351025,0.,-0.819152044289006));
#12770=DIRECTION('center_axis',(0.984807753012208,0.,0.17364817766693));
#12771=DIRECTION('ref_axis',(0.17364817766693,0.,-0.984807753012208));
#12772=DIRECTION('',(0.,1.,0.));
#12773=DIRECTION('',(0.17364817766693,0.,-0.984807753012208));
#12774=DIRECTION('center_axis',(0.,-1.,0.));
#12775=DIRECTION('ref_axis',(0.258819045102532,0.,0.965925826289065));
#12776=DIRECTION('',(0.,1.,0.));
#12777=DIRECTION('center_axis',(0.,1.,0.));
#12778=DIRECTION('ref_axis',(0.258819045102532,0.,0.965925826289065));
#12779=DIRECTION('center_axis',(-0.866025403784439,0.,-0.5));
#12780=DIRECTION('ref_axis',(-0.5,0.,0.866025403784439));
#12781=DIRECTION('',(0.,1.,0.));
#12782=DIRECTION('',(-0.5,0.,0.866025403784439));
#12783=DIRECTION('center_axis',(0.,1.,0.));
#12784=DIRECTION('ref_axis',(0.965925826289065,0.,-0.258819045102532));
#12785=DIRECTION('center_axis',(0.,1.,0.));
#12786=DIRECTION('ref_axis',(0.965925826289065,0.,-0.258819045102532));
#12787=DIRECTION('',(0.,-1.,0.));
#12788=DIRECTION('center_axis',(0.,1.,0.));
#12789=DIRECTION('ref_axis',(-0.965925826289067,0.,0.258819045102525));
#12790=DIRECTION('center_axis',(0.,1.,0.));
#12791=DIRECTION('ref_axis',(-0.965925826289067,0.,0.258819045102525));
#12792=DIRECTION('',(0.,-1.,0.));
#12793=DIRECTION('center_axis',(0.,-1.,0.));
#12794=DIRECTION('ref_axis',(-0.258819045102502,0.,-0.965925826289073));
#12795=DIRECTION('',(0.,1.,0.));
#12796=DIRECTION('center_axis',(0.,1.,0.));
#12797=DIRECTION('ref_axis',(-0.258819045102502,0.,-0.965925826289073));
#12798=DIRECTION('center_axis',(0.866025403784439,0.,0.5));
#12799=DIRECTION('ref_axis',(0.5,0.,-0.866025403784439));
#12800=DIRECTION('',(0.,1.,0.));
#12801=DIRECTION('',(0.5,0.,-0.866025403784439));
#12802=DIRECTION('center_axis',(0.,-1.,0.));
#12803=DIRECTION('ref_axis',(-0.0871557427476576,0.,0.996194698091746));
#12804=DIRECTION('',(0.,1.,0.));
#12805=DIRECTION('center_axis',(0.,1.,0.));
#12806=DIRECTION('ref_axis',(-0.0871557427476576,0.,0.996194698091746));
#12807=DIRECTION('center_axis',(-0.642787609686539,0.,-0.766044443118978));
#12808=DIRECTION('ref_axis',(-0.766044443118978,0.,0.642787609686539));
#12809=DIRECTION('',(0.,1.,0.));
#12810=DIRECTION('',(-0.766044443118978,0.,0.642787609686539));
#12811=DIRECTION('center_axis',(0.,1.,0.));
#12812=DIRECTION('ref_axis',(0.996194698091746,0.,0.0871557427476576));
#12813=DIRECTION('center_axis',(0.,1.,0.));
#12814=DIRECTION('ref_axis',(0.996194698091746,0.,0.0871557427476576));
#12815=DIRECTION('',(0.,-1.,0.));
#12816=DIRECTION('center_axis',(0.,1.,0.));
#12817=DIRECTION('ref_axis',(-0.996194698091746,0.,-0.0871557427476576));
#12818=DIRECTION('center_axis',(0.,1.,0.));
#12819=DIRECTION('ref_axis',(-0.996194698091746,0.,-0.0871557427476576));
#12820=DIRECTION('',(0.,-1.,0.));
#12821=DIRECTION('center_axis',(0.,-1.,0.));
#12822=DIRECTION('ref_axis',(0.0871557427476237,0.,-0.996194698091749));
#12823=DIRECTION('',(0.,1.,0.));
#12824=DIRECTION('center_axis',(0.,1.,0.));
#12825=DIRECTION('ref_axis',(0.0871557427476237,0.,-0.996194698091749));
#12826=DIRECTION('center_axis',(0.642787609686539,0.,0.766044443118978));
#12827=DIRECTION('ref_axis',(0.766044443118978,0.,-0.642787609686539));
#12828=DIRECTION('',(0.,1.,0.));
#12829=DIRECTION('',(0.766044443118978,0.,-0.642787609686539));
#12830=DIRECTION('center_axis',(0.,-1.,0.));
#12831=DIRECTION('ref_axis',(-0.422618261740701,0.,0.906307787036649));
#12832=DIRECTION('',(0.,1.,0.));
#12833=DIRECTION('center_axis',(0.,1.,0.));
#12834=DIRECTION('ref_axis',(-0.422618261740701,0.,0.906307787036649));
#12835=DIRECTION('center_axis',(-0.342020143325669,0.,-0.939692620785908));
#12836=DIRECTION('ref_axis',(-0.939692620785908,0.,0.342020143325669));
#12837=DIRECTION('',(0.,1.,0.));
#12838=DIRECTION('',(-0.939692620785908,0.,0.342020143325669));
#12839=DIRECTION('center_axis',(0.,1.,0.));
#12840=DIRECTION('ref_axis',(0.906307787036659,0.,0.422618261740679));
#12841=DIRECTION('',(0.,1.,0.));
#12842=DIRECTION('center_axis',(0.,1.,0.));
#12843=DIRECTION('ref_axis',(0.906307787036659,0.,0.422618261740679));
#12844=DIRECTION('',(0.,-1.,0.));
#12845=DIRECTION('center_axis',(-0.939692620785909,0.,0.342020143325668));
#12846=DIRECTION('ref_axis',(0.342020143325668,0.,0.939692620785909));
#12847=DIRECTION('',(0.,-1.,0.));
#12848=DIRECTION('',(0.342020143325668,0.,0.939692620785909));
#12849=DIRECTION('',(0.,1.,0.));
#12850=DIRECTION('center_axis',(0.,1.,0.));
#12851=DIRECTION('ref_axis',(-0.906307787036643,0.,-0.422618261740714));
#12852=DIRECTION('center_axis',(0.,1.,0.));
#12853=DIRECTION('ref_axis',(-0.906307787036643,0.,-0.422618261740714));
#12854=DIRECTION('',(0.,-1.,0.));
#12855=DIRECTION('center_axis',(0.342020143325669,0.,0.939692620785908));
#12856=DIRECTION('ref_axis',(0.939692620785908,0.,-0.342020143325669));
#12857=DIRECTION('',(0.939692620785908,0.,-0.342020143325669));
#12858=DIRECTION('',(0.,1.,0.));
#12859=DIRECTION('center_axis',(0.,-1.,0.));
#12860=DIRECTION('ref_axis',(0.422618261740714,0.,-0.906307787036643));
#12861=DIRECTION('',(0.,1.,0.));
#12862=DIRECTION('center_axis',(0.,1.,0.));
#12863=DIRECTION('ref_axis',(0.422618261740714,0.,-0.906307787036643));
#12864=DIRECTION('center_axis',(-0.342020143325669,0.,0.939692620785908));
#12865=DIRECTION('ref_axis',(0.939692620785908,0.,0.342020143325669));
#12866=DIRECTION('',(0.939692620785908,0.,0.342020143325669));
#12867=DIRECTION('',(0.,1.,0.));
#12868=DIRECTION('center_axis',(0.,1.,0.));
#12869=DIRECTION('ref_axis',(-0.342020143325669,0.,0.939692620785908));
#12870=DIRECTION('',(0.34202014332567,0.,-0.939692620785908));
#12871=DIRECTION('center_axis',(0.,1.,0.));
#12872=DIRECTION('ref_axis',(-0.342020143325669,0.,0.939692620785908));
#12873=DIRECTION('',(-0.34202014332567,0.,0.939692620785908));
#12874=DIRECTION('',(-0.939692620785908,0.,-0.342020143325669));
#12875=DIRECTION('center_axis',(0.342020143325669,0.,-0.939692620785908));
#12876=DIRECTION('ref_axis',(-0.939692620785908,0.,-0.342020143325669));
#12877=DIRECTION('',(0.,1.,0.));
#12878=DIRECTION('center_axis',(0.939692620785908,0.,0.34202014332567));
#12879=DIRECTION('ref_axis',(0.34202014332567,0.,-0.939692620785908));
#12880=DIRECTION('center_axis',(-0.939692620785908,0.,-0.34202014332567));
#12881=DIRECTION('ref_axis',(-0.34202014332567,0.,0.939692620785908));
#12882=DIRECTION('center_axis',(0.,1.,0.));
#12883=DIRECTION('ref_axis',(-0.939692620785908,0.,-0.342020143325669));
#12884=DIRECTION('',(0.,1.,0.));
#12885=DIRECTION('center_axis',(0.342020143325673,0.,-0.939692620785907));
#12886=DIRECTION('ref_axis',(-0.939692620785907,0.,-0.342020143325673));
#12887=DIRECTION('',(0.,1.,0.));
#12888=DIRECTION('center_axis',(0.,1.,0.));
#12889=DIRECTION('ref_axis',(0.34202014332567,0.,-0.939692620785908));
#12890=DIRECTION('center_axis',(-0.64278760968654,0.,0.766044443118978));
#12891=DIRECTION('ref_axis',(0.766044443118978,0.,0.64278760968654));
#12892=DIRECTION('',(0.766044443118978,0.,0.64278760968654));
#12893=DIRECTION('',(0.,1.,0.));
#12894=DIRECTION('center_axis',(0.,1.,0.));
#12895=DIRECTION('ref_axis',(-0.64278760968654,0.,0.766044443118978));
#12896=DIRECTION('',(0.64278760968654,0.,-0.766044443118978));
#12897=DIRECTION('center_axis',(0.,1.,0.));
#12898=DIRECTION('ref_axis',(-0.64278760968654,0.,0.766044443118978));
#12899=DIRECTION('',(-0.64278760968654,0.,0.766044443118977));
#12900=DIRECTION('',(-0.766044443118978,0.,-0.64278760968654));
#12901=DIRECTION('center_axis',(0.64278760968654,0.,-0.766044443118978));
#12902=DIRECTION('ref_axis',(-0.766044443118978,0.,-0.64278760968654));
#12903=DIRECTION('',(0.,1.,0.));
#12904=DIRECTION('center_axis',(0.766044443118978,0.,0.64278760968654));
#12905=DIRECTION('ref_axis',(0.64278760968654,0.,-0.766044443118978));
#12906=DIRECTION('center_axis',(-0.766044443118977,0.,-0.64278760968654));
#12907=DIRECTION('ref_axis',(-0.64278760968654,0.,0.766044443118977));
#12908=DIRECTION('center_axis',(0.,1.,0.));
#12909=DIRECTION('ref_axis',(-0.766044443118978,0.,-0.64278760968654));
#12910=DIRECTION('',(0.,1.,0.));
#12911=DIRECTION('center_axis',(0.642787609686543,0.,-0.766044443118975));
#12912=DIRECTION('ref_axis',(-0.766044443118975,0.,-0.642787609686543));
#12913=DIRECTION('',(0.,1.,0.));
#12914=DIRECTION('center_axis',(0.,1.,0.));
#12915=DIRECTION('ref_axis',(0.64278760968654,0.,-0.766044443118978));
#12916=DIRECTION('center_axis',(-0.866025403784439,0.,0.5));
#12917=DIRECTION('ref_axis',(0.5,0.,0.866025403784439));
#12918=DIRECTION('',(0.5,0.,0.866025403784439));
#12919=DIRECTION('',(0.,1.,0.));
#12920=DIRECTION('center_axis',(0.,1.,0.));
#12921=DIRECTION('ref_axis',(-0.866025403784439,0.,0.5));
#12922=DIRECTION('',(0.866025403784439,0.,-0.5));
#12923=DIRECTION('center_axis',(0.,1.,0.));
#12924=DIRECTION('ref_axis',(-0.866025403784439,0.,0.5));
#12925=DIRECTION('',(-0.866025403784439,0.,0.5));
#12926=DIRECTION('',(-0.5,0.,-0.866025403784439));
#12927=DIRECTION('center_axis',(0.866025403784439,0.,-0.5));
#12928=DIRECTION('ref_axis',(-0.5,0.,-0.866025403784439));
#12929=DIRECTION('',(0.,1.,0.));
#12930=DIRECTION('center_axis',(0.5,0.,0.866025403784439));
#12931=DIRECTION('ref_axis',(0.866025403784439,0.,-0.5));
#12932=DIRECTION('center_axis',(-0.5,0.,-0.866025403784439));
#12933=DIRECTION('ref_axis',(-0.866025403784439,0.,0.5));
#12934=DIRECTION('center_axis',(0.,1.,0.));
#12935=DIRECTION('ref_axis',(-0.5,0.,-0.866025403784439));
#12936=DIRECTION('',(0.,1.,0.));
#12937=DIRECTION('center_axis',(0.86602540378444,0.,-0.499999999999997));
#12938=DIRECTION('ref_axis',(-0.499999999999997,0.,-0.86602540378444));
#12939=DIRECTION('',(0.,1.,0.));
#12940=DIRECTION('center_axis',(0.,1.,0.));
#12941=DIRECTION('ref_axis',(0.866025403784439,0.,-0.5));
#12942=DIRECTION('center_axis',(-0.984807753012208,0.,0.17364817766693));
#12943=DIRECTION('ref_axis',(0.17364817766693,0.,0.984807753012208));
#12944=DIRECTION('',(0.17364817766693,0.,0.984807753012208));
#12945=DIRECTION('',(0.,1.,0.));
#12946=DIRECTION('center_axis',(0.,1.,0.));
#12947=DIRECTION('ref_axis',(-0.984807753012208,0.,0.17364817766693));
#12948=DIRECTION('',(0.984807753012208,0.,-0.17364817766693));
#12949=DIRECTION('center_axis',(0.,1.,0.));
#12950=DIRECTION('ref_axis',(-0.984807753012208,0.,0.17364817766693));
#12951=DIRECTION('',(-0.984807753012208,0.,0.173648177666929));
#12952=DIRECTION('',(-0.17364817766693,0.,-0.984807753012208));
#12953=DIRECTION('center_axis',(0.984807753012208,0.,-0.17364817766693));
#12954=DIRECTION('ref_axis',(-0.17364817766693,0.,-0.984807753012208));
#12955=DIRECTION('',(0.,1.,0.));
#12956=DIRECTION('center_axis',(0.17364817766693,0.,0.984807753012208));
#12957=DIRECTION('ref_axis',(0.984807753012208,0.,-0.17364817766693));
#12958=DIRECTION('center_axis',(-0.173648177666929,0.,-0.984807753012208));
#12959=DIRECTION('ref_axis',(-0.984807753012208,0.,0.173648177666929));
#12960=DIRECTION('center_axis',(0.,1.,0.));
#12961=DIRECTION('ref_axis',(-0.17364817766693,0.,-0.984807753012208));
#12962=DIRECTION('',(0.,1.,0.));
#12963=DIRECTION('center_axis',(0.984807753012209,0.,-0.173648177666926));
#12964=DIRECTION('ref_axis',(-0.173648177666926,0.,-0.984807753012209));
#12965=DIRECTION('',(0.,1.,0.));
#12966=DIRECTION('center_axis',(0.,1.,0.));
#12967=DIRECTION('ref_axis',(0.984807753012208,0.,-0.17364817766693));
#12968=DIRECTION('center_axis',(-0.984807753012208,0.,-0.17364817766693));
#12969=DIRECTION('ref_axis',(-0.17364817766693,0.,0.984807753012208));
#12970=DIRECTION('',(-0.17364817766693,0.,0.984807753012208));
#12971=DIRECTION('',(0.,1.,0.));
#12972=DIRECTION('center_axis',(0.,1.,0.));
#12973=DIRECTION('ref_axis',(-0.984807753012208,0.,-0.17364817766693));
#12974=DIRECTION('',(0.984807753012208,0.,0.17364817766693));
#12975=DIRECTION('center_axis',(0.,1.,0.));
#12976=DIRECTION('ref_axis',(-0.984807753012208,0.,-0.17364817766693));
#12977=DIRECTION('',(-0.984807753012208,0.,-0.173648177666931));
#12978=DIRECTION('',(0.17364817766693,0.,-0.984807753012208));
#12979=DIRECTION('center_axis',(0.984807753012208,0.,0.17364817766693));
#12980=DIRECTION('ref_axis',(0.17364817766693,0.,-0.984807753012208));
#12981=DIRECTION('',(0.,1.,0.));
#12982=DIRECTION('center_axis',(-0.173648177666931,0.,0.984807753012208));
#12983=DIRECTION('ref_axis',(0.984807753012208,0.,0.17364817766693));
#12984=DIRECTION('center_axis',(0.173648177666931,0.,-0.984807753012208));
#12985=DIRECTION('ref_axis',(-0.984807753012208,0.,-0.173648177666931));
#12986=DIRECTION('center_axis',(0.,1.,0.));
#12987=DIRECTION('ref_axis',(0.17364817766693,0.,-0.984807753012208));
#12988=DIRECTION('',(0.,1.,0.));
#12989=DIRECTION('center_axis',(0.984807753012208,0.,0.173648177666934));
#12990=DIRECTION('ref_axis',(0.173648177666934,0.,-0.984807753012207));
#12991=DIRECTION('',(0.,1.,0.));
#12992=DIRECTION('center_axis',(0.,1.,0.));
#12993=DIRECTION('ref_axis',(0.984807753012208,0.,0.173648177666931));
#12994=DIRECTION('center_axis',(-0.866025403784438,0.,-0.5));
#12995=DIRECTION('ref_axis',(-0.5,0.,0.866025403784438));
#12996=DIRECTION('',(-0.5,0.,0.866025403784438));
#12997=DIRECTION('',(0.,1.,0.));
#12998=DIRECTION('center_axis',(0.,1.,0.));
#12999=DIRECTION('ref_axis',(-0.866025403784438,0.,-0.5));
#13000=DIRECTION('',(0.866025403784438,0.,0.500000000000001));
#13001=DIRECTION('center_axis',(0.,1.,0.));
#13002=DIRECTION('ref_axis',(-0.866025403784438,0.,-0.5));
#13003=DIRECTION('',(-0.866025403784438,0.,-0.500000000000001));
#13004=DIRECTION('',(0.5,0.,-0.866025403784438));
#13005=DIRECTION('center_axis',(0.866025403784438,0.,0.5));
#13006=DIRECTION('ref_axis',(0.5,0.,-0.866025403784438));
#13007=DIRECTION('',(0.,1.,0.));
#13008=DIRECTION('center_axis',(-0.500000000000001,0.,0.866025403784438));
#13009=DIRECTION('ref_axis',(0.866025403784438,0.,0.500000000000001));
#13010=DIRECTION('center_axis',(0.500000000000001,0.,-0.866025403784438));
#13011=DIRECTION('ref_axis',(-0.866025403784438,0.,-0.500000000000001));
#13012=DIRECTION('center_axis',(0.,1.,0.));
#13013=DIRECTION('ref_axis',(0.5,0.,-0.866025403784438));
#13014=DIRECTION('',(0.,1.,0.));
#13015=DIRECTION('center_axis',(0.866025403784437,0.,0.500000000000004));
#13016=DIRECTION('ref_axis',(0.500000000000004,0.,-0.866025403784437));
#13017=DIRECTION('',(0.,1.,0.));
#13018=DIRECTION('center_axis',(0.,1.,0.));
#13019=DIRECTION('ref_axis',(0.866025403784438,0.,0.500000000000001));
#13020=DIRECTION('center_axis',(-0.642787609686539,0.,-0.766044443118978));
#13021=DIRECTION('ref_axis',(-0.766044443118978,0.,0.642787609686539));
#13022=DIRECTION('',(-0.766044443118978,0.,0.642787609686539));
#13023=DIRECTION('',(0.,1.,0.));
#13024=DIRECTION('center_axis',(0.,1.,0.));
#13025=DIRECTION('ref_axis',(-0.642787609686539,0.,-0.766044443118978));
#13026=DIRECTION('',(0.642787609686539,0.,0.766044443118978));
#13027=DIRECTION('center_axis',(0.,1.,0.));
#13028=DIRECTION('ref_axis',(-0.642787609686539,0.,-0.766044443118978));
#13029=DIRECTION('',(-0.642787609686539,0.,-0.766044443118978));
#13030=DIRECTION('',(0.766044443118978,0.,-0.642787609686539));
#13031=DIRECTION('center_axis',(0.642787609686539,0.,0.766044443118978));
#13032=DIRECTION('ref_axis',(0.766044443118978,0.,-0.642787609686539));
#13033=DIRECTION('',(0.,1.,0.));
#13034=DIRECTION('center_axis',(-0.766044443118978,0.,0.642787609686539));
#13035=DIRECTION('ref_axis',(0.642787609686539,0.,0.766044443118978));
#13036=DIRECTION('center_axis',(0.766044443118978,0.,-0.642787609686539));
#13037=DIRECTION('ref_axis',(-0.642787609686539,0.,-0.766044443118978));
#13038=DIRECTION('center_axis',(0.,1.,0.));
#13039=DIRECTION('ref_axis',(0.766044443118978,0.,-0.642787609686539));
#13040=DIRECTION('',(0.,1.,0.));
#13041=DIRECTION('center_axis',(0.642787609686536,0.,0.76604444311898));
#13042=DIRECTION('ref_axis',(0.76604444311898,0.,-0.642787609686536));
#13043=DIRECTION('',(0.,1.,0.));
#13044=DIRECTION('center_axis',(0.,1.,0.));
#13045=DIRECTION('ref_axis',(0.642787609686539,0.,0.766044443118978));
#13046=DIRECTION('center_axis',(-0.342020143325669,0.,-0.939692620785908));
#13047=DIRECTION('ref_axis',(-0.939692620785909,0.,0.342020143325669));
#13048=DIRECTION('',(-0.939692620785909,0.,0.342020143325669));
#13049=DIRECTION('',(0.,1.,0.));
#13050=DIRECTION('center_axis',(0.,1.,0.));
#13051=DIRECTION('ref_axis',(-0.342020143325669,0.,-0.939692620785909));
#13052=DIRECTION('',(0.342020143325668,0.,0.939692620785909));
#13053=DIRECTION('center_axis',(0.,1.,0.));
#13054=DIRECTION('ref_axis',(-0.342020143325669,0.,-0.939692620785909));
#13055=DIRECTION('',(-0.342020143325668,0.,-0.939692620785909));
#13056=DIRECTION('',(0.939692620785909,0.,-0.342020143325669));
#13057=DIRECTION('center_axis',(0.342020143325669,0.,0.939692620785908));
#13058=DIRECTION('ref_axis',(0.939692620785909,0.,-0.342020143325669));
#13059=DIRECTION('',(0.,1.,0.));
#13060=DIRECTION('center_axis',(-0.939692620785909,0.,0.342020143325668));
#13061=DIRECTION('ref_axis',(0.342020143325668,0.,0.939692620785909));
#13062=DIRECTION('center_axis',(0.939692620785909,0.,-0.342020143325668));
#13063=DIRECTION('ref_axis',(-0.342020143325668,0.,-0.939692620785909));
#13064=DIRECTION('center_axis',(0.,1.,0.));
#13065=DIRECTION('ref_axis',(0.939692620785908,0.,-0.342020143325669));
#13066=DIRECTION('',(0.,1.,0.));
#13067=DIRECTION('center_axis',(0.342020143325665,0.,0.93969262078591));
#13068=DIRECTION('ref_axis',(0.93969262078591,0.,-0.342020143325665));
#13069=DIRECTION('',(0.,1.,0.));
#13070=DIRECTION('center_axis',(0.,1.,0.));
#13071=DIRECTION('ref_axis',(0.342020143325668,0.,0.939692620785908));
#13072=DIRECTION('center_axis',(5.55111512312578E-17,0.,-1.));
#13073=DIRECTION('ref_axis',(-1.,0.,-5.55111512312578E-17));
#13074=DIRECTION('',(-1.,0.,-5.55111512312578E-17));
#13075=DIRECTION('',(0.,1.,0.));
#13076=DIRECTION('center_axis',(0.,1.,0.));
#13077=DIRECTION('ref_axis',(5.55111512312578E-17,0.,-1.));
#13078=DIRECTION('',(-3.33066907387547E-16,0.,1.));
#13079=DIRECTION('center_axis',(0.,1.,0.));
#13080=DIRECTION('ref_axis',(5.55111512312578E-17,0.,-1.));
#13081=DIRECTION('',(6.66133814775094E-16,0.,-1.));
#13082=DIRECTION('',(1.,0.,5.55111512312578E-17));
#13083=DIRECTION('center_axis',(-5.55111512312578E-17,0.,1.));
#13084=DIRECTION('ref_axis',(1.,0.,5.55111512312578E-17));
#13085=DIRECTION('',(0.,1.,0.));
#13086=DIRECTION('center_axis',(-1.,0.,-3.33066907387547E-16));
#13087=DIRECTION('ref_axis',(-3.33066907387547E-16,0.,1.));
#13088=DIRECTION('center_axis',(1.,0.,6.66133814775094E-16));
#13089=DIRECTION('ref_axis',(6.66133814775094E-16,0.,-1.));
#13090=DIRECTION('center_axis',(0.,1.,0.));
#13091=DIRECTION('ref_axis',(1.,0.,8.67361737988405E-17));
#13092=DIRECTION('',(0.,1.,0.));
#13093=DIRECTION('center_axis',(-3.83026943495679E-15,0.,1.));
#13094=DIRECTION('ref_axis',(1.,0.,3.83026943495679E-15));
#13095=DIRECTION('',(0.,1.,0.));
#13096=DIRECTION('center_axis',(0.,1.,0.));
#13097=DIRECTION('ref_axis',(-4.33680868994203E-16,0.,1.));
#13098=DIRECTION('center_axis',(0.342020143325669,0.,-0.939692620785908));
#13099=DIRECTION('ref_axis',(-0.939692620785908,0.,-0.342020143325669));
#13100=DIRECTION('',(-0.939692620785908,0.,-0.342020143325669));
#13101=DIRECTION('',(0.,1.,0.));
#13102=DIRECTION('center_axis',(0.,1.,0.));
#13103=DIRECTION('ref_axis',(0.342020143325669,0.,-0.939692620785908));
#13104=DIRECTION('',(-0.342020143325669,0.,0.939692620785908));
#13105=DIRECTION('center_axis',(0.,1.,0.));
#13106=DIRECTION('ref_axis',(0.342020143325669,0.,-0.939692620785908));
#13107=DIRECTION('',(0.342020143325669,0.,-0.939692620785908));
#13108=DIRECTION('',(0.939692620785908,0.,0.342020143325669));
#13109=DIRECTION('center_axis',(-0.342020143325669,0.,0.939692620785908));
#13110=DIRECTION('ref_axis',(0.939692620785908,0.,0.342020143325669));
#13111=DIRECTION('',(0.,1.,0.));
#13112=DIRECTION('center_axis',(-0.939692620785908,0.,-0.342020143325669));
#13113=DIRECTION('ref_axis',(-0.342020143325669,0.,0.939692620785908));
#13114=DIRECTION('center_axis',(0.939692620785908,0.,0.342020143325669));
#13115=DIRECTION('ref_axis',(0.342020143325669,0.,-0.939692620785908));
#13116=DIRECTION('center_axis',(0.,1.,0.));
#13117=DIRECTION('ref_axis',(0.939692620785908,0.,0.342020143325669));
#13118=DIRECTION('',(0.,1.,0.));
#13119=DIRECTION('center_axis',(-0.342020143325672,0.,0.939692620785907));
#13120=DIRECTION('ref_axis',(0.939692620785907,0.,0.342020143325672));
#13121=DIRECTION('',(0.,1.,0.));
#13122=DIRECTION('center_axis',(0.,1.,0.));
#13123=DIRECTION('ref_axis',(-0.342020143325669,0.,0.939692620785908));
#13124=DIRECTION('center_axis',(0.642787609686539,0.,-0.766044443118978));
#13125=DIRECTION('ref_axis',(-0.766044443118978,0.,-0.642787609686539));
#13126=DIRECTION('',(-0.766044443118978,0.,-0.642787609686539));
#13127=DIRECTION('',(0.,1.,0.));
#13128=DIRECTION('center_axis',(0.,1.,0.));
#13129=DIRECTION('ref_axis',(0.642787609686539,0.,-0.766044443118978));
#13130=DIRECTION('',(-0.64278760968654,0.,0.766044443118978));
#13131=DIRECTION('center_axis',(0.,1.,0.));
#13132=DIRECTION('ref_axis',(0.642787609686539,0.,-0.766044443118978));
#13133=DIRECTION('',(0.64278760968654,0.,-0.766044443118978));
#13134=DIRECTION('',(0.766044443118978,0.,0.642787609686539));
#13135=DIRECTION('center_axis',(-0.642787609686539,0.,0.766044443118978));
#13136=DIRECTION('ref_axis',(0.766044443118978,0.,0.642787609686539));
#13137=DIRECTION('',(0.,1.,0.));
#13138=DIRECTION('center_axis',(-0.766044443118978,0.,-0.64278760968654));
#13139=DIRECTION('ref_axis',(-0.64278760968654,0.,0.766044443118978));
#13140=DIRECTION('center_axis',(0.766044443118978,0.,0.64278760968654));
#13141=DIRECTION('ref_axis',(0.64278760968654,0.,-0.766044443118978));
#13142=DIRECTION('center_axis',(0.,1.,0.));
#13143=DIRECTION('ref_axis',(0.766044443118978,0.,0.64278760968654));
#13144=DIRECTION('',(0.,1.,0.));
#13145=DIRECTION('center_axis',(-0.642787609686542,0.,0.766044443118975));
#13146=DIRECTION('ref_axis',(0.766044443118976,0.,0.642787609686542));
#13147=DIRECTION('',(0.,1.,0.));
#13148=DIRECTION('center_axis',(0.,1.,0.));
#13149=DIRECTION('ref_axis',(-0.64278760968654,0.,0.766044443118978));
#13150=DIRECTION('center_axis',(0.866025403784439,0.,-0.5));
#13151=DIRECTION('ref_axis',(-0.5,0.,-0.866025403784439));
#13152=DIRECTION('',(-0.5,0.,-0.866025403784439));
#13153=DIRECTION('',(0.,1.,0.));
#13154=DIRECTION('center_axis',(0.,1.,0.));
#13155=DIRECTION('ref_axis',(0.866025403784439,0.,-0.5));
#13156=DIRECTION('',(-0.866025403784439,0.,0.5));
#13157=DIRECTION('center_axis',(0.,1.,0.));
#13158=DIRECTION('ref_axis',(0.866025403784439,0.,-0.5));
#13159=DIRECTION('',(0.866025403784439,0.,-0.499999999999999));
#13160=DIRECTION('',(0.5,0.,0.866025403784439));
#13161=DIRECTION('center_axis',(-0.866025403784439,0.,0.5));
#13162=DIRECTION('ref_axis',(0.5,0.,0.866025403784439));
#13163=DIRECTION('',(0.,1.,0.));
#13164=DIRECTION('center_axis',(-0.5,0.,-0.866025403784439));
#13165=DIRECTION('ref_axis',(-0.866025403784439,0.,0.5));
#13166=DIRECTION('center_axis',(0.499999999999999,0.,0.866025403784439));
#13167=DIRECTION('ref_axis',(0.866025403784439,0.,-0.499999999999999));
#13168=DIRECTION('center_axis',(0.,1.,0.));
#13169=DIRECTION('ref_axis',(0.5,0.,0.866025403784439));
#13170=DIRECTION('',(0.,1.,0.));
#13171=DIRECTION('center_axis',(-0.866025403784441,0.,0.499999999999997));
#13172=DIRECTION('ref_axis',(0.499999999999997,0.,0.866025403784441));
#13173=DIRECTION('',(0.,1.,0.));
#13174=DIRECTION('center_axis',(0.,1.,0.));
#13175=DIRECTION('ref_axis',(-0.866025403784439,0.,0.5));
#13176=DIRECTION('center_axis',(0.984807753012208,0.,-0.17364817766693));
#13177=DIRECTION('ref_axis',(-0.17364817766693,0.,-0.984807753012208));
#13178=DIRECTION('',(-0.17364817766693,0.,-0.984807753012208));
#13179=DIRECTION('',(0.,1.,0.));
#13180=DIRECTION('center_axis',(0.,1.,0.));
#13181=DIRECTION('ref_axis',(0.984807753012208,0.,-0.17364817766693));
#13182=DIRECTION('',(-0.984807753012208,0.,0.17364817766693));
#13183=DIRECTION('center_axis',(0.,1.,0.));
#13184=DIRECTION('ref_axis',(0.984807753012208,0.,-0.17364817766693));
#13185=DIRECTION('',(0.984807753012208,0.,-0.17364817766693));
#13186=DIRECTION('',(0.17364817766693,0.,0.984807753012208));
#13187=DIRECTION('center_axis',(-0.984807753012208,0.,0.17364817766693));
#13188=DIRECTION('ref_axis',(0.17364817766693,0.,0.984807753012208));
#13189=DIRECTION('',(0.,1.,0.));
#13190=DIRECTION('center_axis',(-0.17364817766693,0.,-0.984807753012208));
#13191=DIRECTION('ref_axis',(-0.984807753012208,0.,0.17364817766693));
#13192=DIRECTION('center_axis',(0.17364817766693,0.,0.984807753012208));
#13193=DIRECTION('ref_axis',(0.984807753012208,0.,-0.17364817766693));
#13194=DIRECTION('center_axis',(0.,1.,0.));
#13195=DIRECTION('ref_axis',(0.17364817766693,0.,0.984807753012208));
#13196=DIRECTION('',(0.,1.,0.));
#13197=DIRECTION('center_axis',(-0.984807753012209,0.,0.173648177666927));
#13198=DIRECTION('ref_axis',(0.173648177666927,0.,0.984807753012209));
#13199=DIRECTION('',(0.,1.,0.));
#13200=DIRECTION('center_axis',(0.,1.,0.));
#13201=DIRECTION('ref_axis',(-0.984807753012208,0.,0.17364817766693));
#13202=DIRECTION('center_axis',(0.984807753012208,0.,0.17364817766693));
#13203=DIRECTION('ref_axis',(0.17364817766693,0.,-0.984807753012208));
#13204=DIRECTION('',(0.17364817766693,0.,-0.984807753012208));
#13205=DIRECTION('',(0.,1.,0.));
#13206=DIRECTION('center_axis',(0.,1.,0.));
#13207=DIRECTION('ref_axis',(0.984807753012208,0.,0.17364817766693));
#13208=DIRECTION('',(-0.984807753012208,0.,-0.173648177666931));
#13209=DIRECTION('center_axis',(0.,1.,0.));
#13210=DIRECTION('ref_axis',(0.984807753012208,0.,0.17364817766693));
#13211=DIRECTION('',(0.984807753012208,0.,0.173648177666931));
#13212=DIRECTION('',(-0.17364817766693,0.,0.984807753012208));
#13213=DIRECTION('center_axis',(-0.984807753012208,0.,-0.17364817766693));
#13214=DIRECTION('ref_axis',(-0.17364817766693,0.,0.984807753012208));
#13215=DIRECTION('',(0.,1.,0.));
#13216=DIRECTION('center_axis',(0.173648177666931,0.,-0.984807753012208));
#13217=DIRECTION('ref_axis',(-0.984807753012208,0.,-0.173648177666931));
#13218=DIRECTION('center_axis',(-0.173648177666931,0.,0.984807753012208));
#13219=DIRECTION('ref_axis',(0.984807753012208,0.,0.173648177666931));
#13220=DIRECTION('center_axis',(0.,1.,0.));
#13221=DIRECTION('ref_axis',(-0.17364817766693,0.,0.984807753012208));
#13222=DIRECTION('',(0.,1.,0.));
#13223=DIRECTION('center_axis',(-0.984807753012207,0.,-0.173648177666934));
#13224=DIRECTION('ref_axis',(-0.173648177666934,0.,0.984807753012207));
#13225=DIRECTION('',(0.,1.,0.));
#13226=DIRECTION('center_axis',(0.,1.,0.));
#13227=DIRECTION('ref_axis',(-0.984807753012208,0.,-0.173648177666931));
#13228=DIRECTION('center_axis',(0.866025403784439,0.,0.5));
#13229=DIRECTION('ref_axis',(0.5,0.,-0.866025403784439));
#13230=DIRECTION('',(0.5,0.,-0.866025403784439));
#13231=DIRECTION('',(0.,1.,0.));
#13232=DIRECTION('center_axis',(0.,1.,0.));
#13233=DIRECTION('ref_axis',(0.866025403784439,0.,0.5));
#13234=DIRECTION('',(-0.866025403784438,0.,-0.5));
#13235=DIRECTION('center_axis',(0.,1.,0.));
#13236=DIRECTION('ref_axis',(0.866025403784439,0.,0.5));
#13237=DIRECTION('',(0.866025403784438,0.,0.500000000000001));
#13238=DIRECTION('',(-0.5,0.,0.866025403784439));
#13239=DIRECTION('center_axis',(-0.866025403784439,0.,-0.5));
#13240=DIRECTION('ref_axis',(-0.5,0.,0.866025403784439));
#13241=DIRECTION('',(0.,1.,0.));
#13242=DIRECTION('center_axis',(0.5,0.,-0.866025403784438));
#13243=DIRECTION('ref_axis',(-0.866025403784438,0.,-0.5));
#13244=DIRECTION('center_axis',(-0.500000000000001,0.,0.866025403784438));
#13245=DIRECTION('ref_axis',(0.866025403784438,0.,0.500000000000001));
#13246=DIRECTION('center_axis',(0.,1.,0.));
#13247=DIRECTION('ref_axis',(-0.5,0.,0.866025403784438));
#13248=DIRECTION('',(0.,1.,0.));
#13249=DIRECTION('center_axis',(-0.866025403784437,0.,-0.500000000000003));
#13250=DIRECTION('ref_axis',(-0.500000000000003,0.,0.866025403784437));
#13251=DIRECTION('',(0.,1.,0.));
#13252=DIRECTION('center_axis',(0.,1.,0.));
#13253=DIRECTION('ref_axis',(-0.866025403784438,0.,-0.5));
#13254=DIRECTION('center_axis',(0.642787609686539,0.,0.766044443118978));
#13255=DIRECTION('ref_axis',(0.766044443118978,0.,-0.642787609686539));
#13256=DIRECTION('',(0.766044443118978,0.,-0.642787609686539));
#13257=DIRECTION('',(0.,1.,0.));
#13258=DIRECTION('center_axis',(0.,1.,0.));
#13259=DIRECTION('ref_axis',(0.642787609686539,0.,0.766044443118978));
#13260=DIRECTION('',(-0.642787609686539,0.,-0.766044443118978));
#13261=DIRECTION('center_axis',(0.,1.,0.));
#13262=DIRECTION('ref_axis',(0.642787609686539,0.,0.766044443118978));
#13263=DIRECTION('',(0.642787609686539,0.,0.766044443118978));
#13264=DIRECTION('',(-0.766044443118978,0.,0.642787609686539));
#13265=DIRECTION('center_axis',(-0.642787609686539,0.,-0.766044443118978));
#13266=DIRECTION('ref_axis',(-0.766044443118978,0.,0.642787609686539));
#13267=DIRECTION('',(0.,1.,0.));
#13268=DIRECTION('center_axis',(0.766044443118978,0.,-0.642787609686539));
#13269=DIRECTION('ref_axis',(-0.642787609686539,0.,-0.766044443118978));
#13270=DIRECTION('center_axis',(-0.766044443118978,0.,0.642787609686539));
#13271=DIRECTION('ref_axis',(0.642787609686539,0.,0.766044443118978));
#13272=DIRECTION('center_axis',(0.,1.,0.));
#13273=DIRECTION('ref_axis',(-0.766044443118978,0.,0.642787609686539));
#13274=DIRECTION('',(0.,1.,0.));
#13275=DIRECTION('center_axis',(-0.642787609686536,0.,-0.76604444311898));
#13276=DIRECTION('ref_axis',(-0.76604444311898,0.,0.642787609686536));
#13277=DIRECTION('',(0.,1.,0.));
#13278=DIRECTION('center_axis',(0.,1.,0.));
#13279=DIRECTION('ref_axis',(-0.642787609686539,0.,-0.766044443118978));
#13280=DIRECTION('center_axis',(0.,1.,0.));
#13281=DIRECTION('ref_axis',(0.342020143325669,0.,0.939692620785908));
#13282=DIRECTION('',(-0.342020143325668,0.,-0.939692620785909));
#13283=DIRECTION('center_axis',(0.,1.,0.));
#13284=DIRECTION('ref_axis',(0.342020143325669,0.,0.939692620785908));
#13285=DIRECTION('',(0.939692620785908,0.,-0.342020143325669));
#13286=DIRECTION('',(0.342020143325668,0.,0.939692620785909));
#13287=DIRECTION('',(-0.939692620785908,0.,0.342020143325669));
#13288=DIRECTION('center_axis',(-0.342020143325669,0.,-0.939692620785908));
#13289=DIRECTION('ref_axis',(-0.939692620785908,0.,0.342020143325669));
#13290=DIRECTION('',(0.,1.,0.));
#13291=DIRECTION('center_axis',(0.939692620785909,0.,-0.342020143325668));
#13292=DIRECTION('ref_axis',(-0.342020143325668,0.,-0.939692620785909));
#13293=DIRECTION('center_axis',(0.342020143325669,0.,0.939692620785908));
#13294=DIRECTION('ref_axis',(0.939692620785908,0.,-0.342020143325669));
#13295=DIRECTION('',(0.,1.,0.));
#13296=DIRECTION('center_axis',(-0.939692620785909,0.,0.342020143325668));
#13297=DIRECTION('ref_axis',(0.342020143325668,0.,0.939692620785909));
#13298=DIRECTION('center_axis',(0.,1.,0.));
#13299=DIRECTION('ref_axis',(-0.939692620785908,0.,0.342020143325669));
#13300=DIRECTION('',(0.,1.,0.));
#13301=DIRECTION('center_axis',(-0.342020143325665,0.,-0.93969262078591));
#13302=DIRECTION('ref_axis',(-0.93969262078591,0.,0.342020143325665));
#13303=DIRECTION('',(0.,1.,0.));
#13304=DIRECTION('center_axis',(0.,1.,0.));
#13305=DIRECTION('ref_axis',(-0.342020143325668,0.,-0.939692620785908));
#13306=DIRECTION('center_axis',(0.,1.,0.));
#13307=DIRECTION('ref_axis',(1.,0.,0.));
#13308=DIRECTION('center_axis',(0.,1.,0.));
#13309=DIRECTION('ref_axis',(-0.707106781186538,0.,0.707106781186557));
#13310=DIRECTION('',(0.,1.,0.));
#13311=DIRECTION('center_axis',(0.,1.,0.));
#13312=DIRECTION('ref_axis',(-0.707106781186538,0.,0.707106781186557));
#13313=DIRECTION('',(0.,-1.,0.));
#13314=DIRECTION('center_axis',(0.,0.,-1.));
#13315=DIRECTION('ref_axis',(-1.,0.,0.));
#13316=DIRECTION('',(0.,1.,0.));
#13317=DIRECTION('',(-1.,0.,0.));
#13318=DIRECTION('center_axis',(0.,-1.,0.));
#13319=DIRECTION('ref_axis',(0.70710678118654,0.,0.707106781186555));
#13320=DIRECTION('',(0.,1.,0.));
#13321=DIRECTION('center_axis',(0.,1.,0.));
#13322=DIRECTION('ref_axis',(0.70710678118654,0.,0.707106781186555));
#13323=DIRECTION('',(0.,-1.,0.));
#13324=DIRECTION('center_axis',(-1.,0.,-2.64338815386942E-16));
#13325=DIRECTION('ref_axis',(-2.64338815386942E-16,0.,1.));
#13326=DIRECTION('',(0.,-1.,0.));
#13327=DIRECTION('',(2.64338815386942E-16,0.,-1.));
#13328=DIRECTION('',(0.,1.,0.));
#13329=DIRECTION('center_axis',(0.,-1.,0.));
#13330=DIRECTION('ref_axis',(-0.707106781186557,0.,-0.707106781186538));
#13331=DIRECTION('',(0.,1.,0.));
#13332=DIRECTION('center_axis',(0.,1.,0.));
#13333=DIRECTION('ref_axis',(-0.707106781186557,0.,-0.707106781186538));
#13334=DIRECTION('',(0.,-1.,0.));
#13335=DIRECTION('center_axis',(0.,0.,1.));
#13336=DIRECTION('ref_axis',(1.,0.,0.));
#13337=DIRECTION('',(1.,0.,0.));
#13338=DIRECTION('',(0.,1.,0.));
#13339=DIRECTION('center_axis',(0.,1.,0.));
#13340=DIRECTION('ref_axis',(0.707106781186555,0.,-0.70710678118654));
#13341=DIRECTION('',(0.,1.,0.));
#13342=DIRECTION('center_axis',(0.,1.,0.));
#13343=DIRECTION('ref_axis',(0.707106781186555,0.,-0.70710678118654));
#13344=DIRECTION('center_axis',(0.,0.,1.));
#13345=DIRECTION('ref_axis',(1.,0.,0.));
#13346=DIRECTION('',(0.,1.,0.));
#13347=DIRECTION('',(1.,0.,0.));
#13348=DIRECTION('center_axis',(0.,1.,0.));
#13349=DIRECTION('ref_axis',(0.,0.,1.));
#13350=DIRECTION('',(-1.98254111540206E-16,0.,1.));
#13351=DIRECTION('',(2.52323414687535E-16,0.,-1.));
#13352=DIRECTION('center_axis',(0.,1.,0.));
#13353=DIRECTION('ref_axis',(0.,0.,1.));
#13354=DIRECTION('',(-5.0464682937507E-16,0.,1.));
#13355=DIRECTION('',(-1.,0.,0.));
#13356=DIRECTION('center_axis',(1.,0.,2.52323414687535E-16));
#13357=DIRECTION('ref_axis',(2.52323414687535E-16,0.,-1.));
#13358=DIRECTION('center_axis',(-1.,0.,-5.0464682937507E-16));
#13359=DIRECTION('ref_axis',(-5.0464682937507E-16,0.,1.));
#13360=DIRECTION('',(0.,1.,0.));
#13361=DIRECTION('center_axis',(0.,0.,-1.));
#13362=DIRECTION('ref_axis',(-1.,0.,0.));
#13363=DIRECTION('center_axis',(0.,1.,0.));
#13364=DIRECTION('ref_axis',(-1.,0.,0.));
#13365=DIRECTION('',(0.,1.,0.));
#13366=DIRECTION('center_axis',(3.7007434154172E-15,0.,-1.));
#13367=DIRECTION('ref_axis',(-1.,0.,-3.7007434154172E-15));
#13368=DIRECTION('',(0.,1.,0.));
#13369=DIRECTION('center_axis',(0.,1.,0.));
#13370=DIRECTION('ref_axis',(3.03576608295941E-16,0.,-1.));
#13371=DIRECTION('',(0.,1.,0.));
#13372=DIRECTION('center_axis',(1.,0.,1.98254111540206E-16));
#13373=DIRECTION('ref_axis',(1.98254111540206E-16,0.,-1.));
#13374=DIRECTION('center_axis',(0.,1.,0.));
#13375=DIRECTION('ref_axis',(1.,0.,0.));
#13376=DIRECTION('',(0.,-1.,0.));
#13377=CARTESIAN_POINT('',(0.,0.,0.));
#13378=CARTESIAN_POINT('Origin',(-5.86574721369912,7.,19.6245732980629));
#13379=CARTESIAN_POINT('',(-3.86586294761168,8.,14.1299364354651));
#13380=CARTESIAN_POINT('',(-2.92617032682577,7.,14.4719565787907));
#13381=CARTESIAN_POINT('Origin',(-3.86586294761168,7.,14.1299364354651));
#13382=CARTESIAN_POINT('',(-4.94408917244722,7.,20.0161430414276));
#13383=CARTESIAN_POINT('',(-4.92605459291321,7.,19.9665934413885));
#13384=CARTESIAN_POINT('',(-5.25312780989699,8.,17.9414153193968));
#13385=CARTESIAN_POINT('Ctrl Pts',(-4.94408917244722,7.,20.0161430414276));
#13386=CARTESIAN_POINT('Ctrl Pts',(-4.81422371052604,7.25599450288113,19.6593406172321));
#13387=CARTESIAN_POINT('Ctrl Pts',(-4.77356834840139,7.55661545404427,19.2011364006856));
#13388=CARTESIAN_POINT('Ctrl Pts',(-4.89181353728705,7.81764573283558,18.6575809169487));
#13389=CARTESIAN_POINT('Ctrl Pts',(-4.9397568293949,7.88163666771548,18.5057222919961));
#13390=CARTESIAN_POINT('Ctrl Pts',(-5.0732567940941,7.97304588804521,18.2102100910662));
#13391=CARTESIAN_POINT('Ctrl Pts',(-5.15904649536048,8.,18.0665184367455));
#13392=CARTESIAN_POINT('Ctrl Pts',(-5.25312780989699,8.,17.9414153193968));
#13393=CARTESIAN_POINT('',(-5.86574721369912,8.,19.6245732980629));
#13394=CARTESIAN_POINT('Ctrl Pts',(-2.92617032682578,7.,14.4719565787907));
#13395=CARTESIAN_POINT('Ctrl Pts',(-2.37893809750471,7.,12.9684483855333));
#13396=CARTESIAN_POINT('Ctrl Pts',(-3.88244629076216,7.,12.4212161562122));
#13397=CARTESIAN_POINT('Ctrl Pts',(-2.92617032682578,8.,14.4719565787907));
#13398=CARTESIAN_POINT('Ctrl Pts',(-2.37893809750471,8.,12.9684483855333));
#13399=CARTESIAN_POINT('Ctrl Pts',(-3.88244629076216,8.,12.4212161562122));
#13400=CARTESIAN_POINT('Ctrl Pts',(-3.86586294761169,8.,14.1299364354651));
#13401=CARTESIAN_POINT('Ctrl Pts',(-3.66065086161629,8.,13.5661208629935));
#13402=CARTESIAN_POINT('Ctrl Pts',(-4.22446643408783,8.,13.3609087769981));
#13403=CARTESIAN_POINT('',(-4.22446643408783,8.,13.3609087769981));
#13404=CARTESIAN_POINT('',(-3.88244629076216,7.,12.4212161562122));
#13405=CARTESIAN_POINT('Origin',(-4.22446643408783,7.,13.3609087769981));
#13406=CARTESIAN_POINT('Origin',(-4.42967852008323,7.,13.9247243494697));
#13407=CARTESIAN_POINT('Origin',(-4.42967852008323,8.,13.9247243494697));
#13408=CARTESIAN_POINT('Origin',(-4.5063742203236,7.,13.2583027340004));
#13409=CARTESIAN_POINT('',(-5.35209757903092,8.,12.9504846050073));
#13410=CARTESIAN_POINT('',(-5.01007743570525,7.,12.0107919842214));
#13411=CARTESIAN_POINT('Origin',(-5.35209757903092,7.,12.9504846050073));
#13412=CARTESIAN_POINT('',(-4.16435407699792,7.,12.3186101132145));
#13413=CARTESIAN_POINT('',(-4.5063742203236,8.,13.2583027340004));
#13414=CARTESIAN_POINT('Ctrl Pts',(-5.01007743570525,7.,12.0107919842214));
#13415=CARTESIAN_POINT('Ctrl Pts',(-6.5135856289627,7.,11.4635597549003));
#13416=CARTESIAN_POINT('Ctrl Pts',(-7.06081785828377,7.,12.9670679481578));
#13417=CARTESIAN_POINT('Ctrl Pts',(-5.01007743570525,8.,12.0107919842214));
#13418=CARTESIAN_POINT('Ctrl Pts',(-6.5135856289627,8.,11.4635597549003));
#13419=CARTESIAN_POINT('Ctrl Pts',(-7.06081785828377,8.,12.9670679481578));
#13420=CARTESIAN_POINT('Ctrl Pts',(-5.35209757903092,8.,12.9504846050073));
#13421=CARTESIAN_POINT('Ctrl Pts',(-5.91591315150246,8.,12.7452725190119));
#13422=CARTESIAN_POINT('Ctrl Pts',(-6.12112523749786,8.,13.3090880914835));
#13423=CARTESIAN_POINT('',(-6.12112523749786,8.,13.3090880914835));
#13424=CARTESIAN_POINT('',(-7.06081785828377,7.,12.9670679481578));
#13425=CARTESIAN_POINT('Origin',(-6.12112523749786,7.,13.3090880914835));
#13426=CARTESIAN_POINT('Origin',(-5.55730966502632,7.,13.5143001774789));
#13427=CARTESIAN_POINT('Origin',(-5.55730966502632,8.,13.5143001774789));
#13428=CARTESIAN_POINT('Origin',(-6.7025594811515,7.,14.9065655468195));
#13429=CARTESIAN_POINT('',(-7.50839009978318,8.,17.1205669754152));
#13430=CARTESIAN_POINT('',(-9.07873670390522,7.,18.5112544107946));
#13431=CARTESIAN_POINT('Ctrl Pts',(-7.50839009978318,8.,17.1205669754152));
#13432=CARTESIAN_POINT('Ctrl Pts',(-7.66087530175016,8.,17.15592721999));
#13433=CARTESIAN_POINT('Ctrl Pts',(-7.81895724069476,7.97304588804521,17.2108568562921));
#13434=CARTESIAN_POINT('Ctrl Pts',(-8.11117572807812,7.88163666771548,17.3514202124861));
#13435=CARTESIAN_POINT('Ctrl Pts',(-8.24551526312574,7.81764573283558,17.4369333141362));
#13436=CARTESIAN_POINT('Ctrl Pts',(-8.68548706312043,7.55661545404427,17.777314429659));
#13437=CARTESIAN_POINT('Ctrl Pts',(-8.94887124198404,7.25599450288113,18.1544519865992));
#13438=CARTESIAN_POINT('Ctrl Pts',(-9.07873670390522,7.,18.5112544107946));
#13439=CARTESIAN_POINT('',(-7.64225210193741,7.,14.5645454034938));
#13440=CARTESIAN_POINT('',(-6.7025594811515,8.,14.9065655468195));
#13441=CARTESIAN_POINT('Origin',(-6.15636257986205,8.,16.9144671741463));
#13442=CARTESIAN_POINT('Origin',(-7.01141293817622,8.,19.2636987261111));
#13443=CARTESIAN_POINT('Origin',(-12.2239987442171,7.,16.4348630115203));
#13444=CARTESIAN_POINT('',(-8.4654457696807,8.,11.9555940011609));
#13445=CARTESIAN_POINT('',(-7.69940132656173,7.,12.5983816108475));
#13446=CARTESIAN_POINT('Origin',(-8.4654457696807,7.,11.9555940011609));
#13447=CARTESIAN_POINT('',(-11.4918482237123,7.,17.1180438252494));
#13448=CARTESIAN_POINT('',(-11.4579543010981,7.,17.0776506212069));
#13449=CARTESIAN_POINT('',(-11.0726508780109,8.,15.0627400556434));
#13450=CARTESIAN_POINT('Ctrl Pts',(-11.4918482237123,7.,17.1180438252494));
#13451=CARTESIAN_POINT('Ctrl Pts',(-11.2477809911877,7.25599450288113,16.8271758240537));
#13452=CARTESIAN_POINT('Ctrl Pts',(-11.0528623755882,7.55661545404427,16.4105096557329));
#13453=CARTESIAN_POINT('Ctrl Pts',(-10.9780695825743,7.81764573283558,15.8592923422273));
#13454=CARTESIAN_POINT('Ctrl Pts',(-10.9711828317127,7.88163666771548,15.7001943413184));
#13455=CARTESIAN_POINT('Ctrl Pts',(-10.9955606380992,7.97304588804521,15.376844029692));
#13456=CARTESIAN_POINT('Ctrl Pts',(-11.0270311471132,8.,15.2124762365354));
#13457=CARTESIAN_POINT('Ctrl Pts',(-11.0726508780109,8.,15.0627400556434));
#13458=CARTESIAN_POINT('',(-12.2239987442171,8.,16.4348630115203));
#13459=CARTESIAN_POINT('Ctrl Pts',(-7.69940132656173,7.,12.5983816108475));
#13460=CARTESIAN_POINT('Ctrl Pts',(-6.67094115106327,7.,11.3727105018571));
#13461=CARTESIAN_POINT('Ctrl Pts',(-7.89661226005363,7.,10.3442503263586));
#13462=CARTESIAN_POINT('Ctrl Pts',(-7.69940132656173,8.,12.5983816108475));
#13463=CARTESIAN_POINT('Ctrl Pts',(-6.67094115106327,8.,11.3727105018571));
#13464=CARTESIAN_POINT('Ctrl Pts',(-7.89661226005363,8.,10.3442503263586));
#13465=CARTESIAN_POINT('Ctrl Pts',(-8.46544576968071,8.,11.9555940011609));
#13466=CARTESIAN_POINT('Ctrl Pts',(-8.07977320386879,8.,11.4959673352895));
#13467=CARTESIAN_POINT('Ctrl Pts',(-8.53939986974017,8.,11.1102947694776));
#13468=CARTESIAN_POINT('',(-8.53939986974017,8.,11.1102947694776));
#13469=CARTESIAN_POINT('',(-7.89661226005363,7.,10.3442503263586));
#13470=CARTESIAN_POINT('Origin',(-8.53939986974017,7.,11.1102947694776));
#13471=CARTESIAN_POINT('Origin',(-8.92507243555209,7.,11.569921435349));
#13472=CARTESIAN_POINT('Origin',(-8.92507243555209,8.,11.569921435349));
#13473=CARTESIAN_POINT('Origin',(-8.76921320267586,7.,10.9174584865717));
#13474=CARTESIAN_POINT('',(-9.45865320148294,8.,10.3389496378538));
#13475=CARTESIAN_POINT('',(-8.8158655917964,7.,9.57290519473479));
#13476=CARTESIAN_POINT('Origin',(-9.45865320148294,7.,10.3389496378538));
#13477=CARTESIAN_POINT('',(-8.12642559298932,7.,10.1514140434527));
#13478=CARTESIAN_POINT('',(-8.76921320267586,8.,10.9174584865717));
#13479=CARTESIAN_POINT('Ctrl Pts',(-8.8158655917964,7.,9.57290519473479));
#13480=CARTESIAN_POINT('Ctrl Pts',(-10.0415367007868,7.,8.54444501923632));
#13481=CARTESIAN_POINT('Ctrl Pts',(-11.0699968762852,7.,9.77011612822669));
#13482=CARTESIAN_POINT('Ctrl Pts',(-8.8158655917964,8.,9.57290519473479));
#13483=CARTESIAN_POINT('Ctrl Pts',(-10.0415367007868,8.,8.54444501923632));
#13484=CARTESIAN_POINT('Ctrl Pts',(-11.0699968762852,8.,9.77011612822669));
#13485=CARTESIAN_POINT('Ctrl Pts',(-9.45865320148294,8.,10.3389496378538));
#13486=CARTESIAN_POINT('Ctrl Pts',(-9.91827986735433,8.,9.95327707204184));
#13487=CARTESIAN_POINT('Ctrl Pts',(-10.3039524331663,8.,10.4129037379132));
#13488=CARTESIAN_POINT('',(-10.3039524331663,8.,10.4129037379132));
#13489=CARTESIAN_POINT('',(-11.0699968762852,7.,9.77011612822669));
#13490=CARTESIAN_POINT('Origin',(-10.3039524331663,7.,10.4129037379132));
#13491=CARTESIAN_POINT('Origin',(-9.84432576729487,7.,10.7985763037252));
#13492=CARTESIAN_POINT('Origin',(-9.84432576729487,8.,10.7985763037252));
#13493=CARTESIAN_POINT('Origin',(-11.3966913696334,7.,11.7151792912155));
#13494=CARTESIAN_POINT('',(-12.9111575414964,8.,13.5200497923957));
#13495=CARTESIAN_POINT('',(-14.8624437734358,7.,14.2897783426287));
#13496=CARTESIAN_POINT('Ctrl Pts',(-12.9111575414964,8.,13.5200497923957));
#13497=CARTESIAN_POINT('Ctrl Pts',(-13.0665406764813,8.,13.50112454266));
#13498=CARTESIAN_POINT('Ctrl Pts',(-13.233876150068,7.97304588804521,13.4986743091406));
#13499=CARTESIAN_POINT('Ctrl Pts',(-13.5565472055512,7.88163666771548,13.5308160487717));
#13500=CARTESIAN_POINT('Ctrl Pts',(-13.7120322785978,7.81764573283558,13.5652252523415));
#13501=CARTESIAN_POINT('Ctrl Pts',(-14.2418877303232,7.55661545404427,13.7345996567597));
#13502=CARTESIAN_POINT('Ctrl Pts',(-14.6183765409112,7.25599450288113,13.998910341433));
#13503=CARTESIAN_POINT('Ctrl Pts',(-14.8624437734358,7.,14.2897783426287));
#13504=CARTESIAN_POINT('',(-12.1627358127523,7.,11.072391681529));
#13505=CARTESIAN_POINT('',(-11.3966913696334,8.,11.7151792912155));
#13506=CARTESIAN_POINT('Origin',(-11.5701769743577,8.,13.7887999761416));
#13507=CARTESIAN_POINT('Origin',(-13.1771459985741,8.,15.703911083939));
#13508=CARTESIAN_POINT('Origin',(-17.1078556191749,7.,11.262865693043));
#13509=CARTESIAN_POINT('',(-12.0439708952528,8.,8.33923048454133));
#13510=CARTESIAN_POINT('',(-11.5439708952528,7.,9.20525588832577));
#13511=CARTESIAN_POINT('Origin',(-12.0439708952528,7.,8.33923048454133));
#13512=CARTESIAN_POINT('',(-16.653520777581,7.,12.1552558883258));
#13513=CARTESIAN_POINT('',(-16.6078556191749,7.,12.1288910968274));
#13514=CARTESIAN_POINT('',(-15.5566488353139,8.,10.367276038812));
#13515=CARTESIAN_POINT('Ctrl Pts',(-16.653520777581,7.,12.1552558883258));
#13516=CARTESIAN_POINT('Ctrl Pts',(-16.3246898847442,7.25599450288112,11.9654052838286));
#13517=CARTESIAN_POINT('Ctrl Pts',(-15.9990180774034,7.55661545404427,11.6405332529705));
#13518=CARTESIAN_POINT('Ctrl Pts',(-15.7402084171516,7.81764573283558,11.1481390528063));
#13519=CARTESIAN_POINT('Ctrl Pts',(-15.6793222671121,7.88163666771548,11.0009912428871));
#13520=CARTESIAN_POINT('Ctrl Pts',(-15.5916375919575,7.9730458880452,10.6888036402887));
#13521=CARTESIAN_POINT('Ctrl Pts',(-15.5649931008768,8.,10.523584889961));
#13522=CARTESIAN_POINT('Ctrl Pts',(-15.5566488353139,8.,10.367276038812));
#13523=CARTESIAN_POINT('',(-17.1078556191749,8.,11.262865693043));
#13524=CARTESIAN_POINT('Ctrl Pts',(-11.5439708952528,7.,9.20525588832577));
#13525=CARTESIAN_POINT('Ctrl Pts',(-10.1583302491977,7.,8.40525588832577));
#13526=CARTESIAN_POINT('Ctrl Pts',(-10.9583302491977,7.,7.01961524227067));
#13527=CARTESIAN_POINT('Ctrl Pts',(-11.5439708952528,8.,9.20525588832577));
#13528=CARTESIAN_POINT('Ctrl Pts',(-10.1583302491977,8.,8.40525588832577));
#13529=CARTESIAN_POINT('Ctrl Pts',(-10.9583302491977,8.,7.01961524227067));
#13530=CARTESIAN_POINT('Ctrl Pts',(-12.0439708952528,8.,8.33923048454133));
#13531=CARTESIAN_POINT('Ctrl Pts',(-11.5243556529821,8.,8.03923048454133));
#13532=CARTESIAN_POINT('Ctrl Pts',(-11.8243556529821,8.,7.51961524227067));
#13533=CARTESIAN_POINT('',(-11.8243556529821,8.,7.51961524227067));
#13534=CARTESIAN_POINT('',(-10.9583302491977,7.,7.01961524227067));
#13535=CARTESIAN_POINT('Origin',(-11.8243556529821,7.,7.51961524227067));
#13536=CARTESIAN_POINT('Origin',(-12.3439708952528,7.,7.81961524227067));
#13537=CARTESIAN_POINT('Origin',(-12.3439708952528,8.,7.81961524227067));
#13538=CARTESIAN_POINT('Origin',(-11.9743556529821,7.,7.25980762113534));
#13539=CARTESIAN_POINT('',(-12.4243556529821,8.,6.48038475772934));
#13540=CARTESIAN_POINT('',(-11.5583302491977,7.,5.98038475772934));
#13541=CARTESIAN_POINT('Origin',(-12.4243556529821,7.,6.48038475772934));
#13542=CARTESIAN_POINT('',(-11.1083302491977,7.,6.75980762113534));
#13543=CARTESIAN_POINT('',(-11.9743556529821,8.,7.25980762113534));
#13544=CARTESIAN_POINT('Ctrl Pts',(-11.5583302491977,7.,5.98038475772934));
#13545=CARTESIAN_POINT('Ctrl Pts',(-12.3583302491977,7.,4.59474411167424));
#13546=CARTESIAN_POINT('Ctrl Pts',(-13.7439708952528,7.,5.39474411167424));
#13547=CARTESIAN_POINT('Ctrl Pts',(-11.5583302491977,8.,5.98038475772934));
#13548=CARTESIAN_POINT('Ctrl Pts',(-12.3583302491977,8.,4.59474411167424));
#13549=CARTESIAN_POINT('Ctrl Pts',(-13.7439708952528,8.,5.39474411167424));
#13550=CARTESIAN_POINT('Ctrl Pts',(-12.4243556529821,8.,6.48038475772934));
#13551=CARTESIAN_POINT('Ctrl Pts',(-12.7243556529821,8.,5.96076951545868));
#13552=CARTESIAN_POINT('Ctrl Pts',(-13.2439708952528,8.,6.26076951545868));
#13553=CARTESIAN_POINT('',(-13.2439708952528,8.,6.26076951545868));
#13554=CARTESIAN_POINT('',(-13.7439708952528,7.,5.39474411167424));
#13555=CARTESIAN_POINT('Origin',(-13.2439708952528,7.,6.26076951545868));
#13556=CARTESIAN_POINT('Origin',(-12.9439708952528,7.,6.78038475772934));
#13557=CARTESIAN_POINT('Origin',(-12.9439708952528,8.,6.78038475772934));
#13558=CARTESIAN_POINT('Origin',(-14.7162140816863,7.,7.11076951545868));
#13559=CARTESIAN_POINT('',(-16.7566488353139,8.,8.28881506972939));
#13560=CARTESIAN_POINT('',(-18.853520777581,7.,8.34474411167424));
#13561=CARTESIAN_POINT('Ctrl Pts',(-16.7566488353139,8.,8.28881506972939));
#13562=CARTESIAN_POINT('Ctrl Pts',(-16.8961884040267,8.,8.21788699010831));
#13563=CARTESIAN_POINT('Ctrl Pts',(-17.0525942845323,7.9730458880452,8.15835242109131));
#13564=CARTESIAN_POINT('Ctrl Pts',(-17.3667990167064,7.88163666771548,8.0781957759985));
#13565=CARTESIAN_POINT('Ctrl Pts',(-17.5246758332274,7.81764573283558,8.05735082371179));
#13566=CARTESIAN_POINT('Ctrl Pts',(-18.0805065493717,7.55661545404427,8.03528946415258));
#13567=CARTESIAN_POINT('Ctrl Pts',(-18.5246898847442,7.25599450288113,8.15489350717706));
#13568=CARTESIAN_POINT('Ctrl Pts',(-18.853520777581,7.,8.34474411167424));
#13569=CARTESIAN_POINT('',(-15.2162140816863,7.,6.24474411167424));
#13570=CARTESIAN_POINT('',(-14.7162140816863,8.,7.11076951545868));
#13571=CARTESIAN_POINT('Origin',(-15.5884572681199,8.,9.));
#13572=CARTESIAN_POINT('Origin',(-17.753520777581,8.,10.25));
#13573=CARTESIAN_POINT('Origin',(-19.9282526214018,7.,4.73240054979021));
#13574=CARTESIAN_POINT('',(-14.1698153807779,8.,3.71703269755183));
#13575=CARTESIAN_POINT('',(-13.996167203111,7.,4.70184045056404));
#13576=CARTESIAN_POINT('Origin',(-14.1698153807779,7.,3.71703269755183));
#13577=CARTESIAN_POINT('',(-19.806532945883,7.,5.72636469879892));
#13578=CARTESIAN_POINT('',(-19.7546044437348,7.,5.71720830280242));
#13579=CARTESIAN_POINT('',(-18.1642853513934,8.,4.42136552700108));
#13580=CARTESIAN_POINT('Ctrl Pts',(-19.806532945883,7.,5.72636469879892));
#13581=CARTESIAN_POINT('Ctrl Pts',(-19.4326002514373,7.25599450288113,5.66043027579912));
#13582=CARTESIAN_POINT('Ctrl Pts',(-19.0154560787246,7.55661545404427,5.4665367439259));
#13583=CARTESIAN_POINT('Ctrl Pts',(-18.6038458158849,7.81764573283558,5.09235566460716));
#13584=CARTESIAN_POINT('Ctrl Pts',(-18.496304034946,7.88163666771548,4.97490624322439));
#13585=CARTESIAN_POINT('Ctrl Pts',(-18.3071329441621,7.97304588804521,4.7115357819256));
#13586=CARTESIAN_POINT('Ctrl Pts',(-18.2255871718418,8.,4.56539389408553));
#13587=CARTESIAN_POINT('Ctrl Pts',(-18.1642853513934,8.,4.42136552700108));
#13588=CARTESIAN_POINT('',(-19.9282526214018,8.,4.73240054979021));
#13589=CARTESIAN_POINT('Ctrl Pts',(-13.996167203111,7.,4.70184045056403));
#13590=CARTESIAN_POINT('Ctrl Pts',(-12.4204747982915,7.,4.42400336629695));
#13591=CARTESIAN_POINT('Ctrl Pts',(-12.6983118825586,7.,2.84831096147742));
#13592=CARTESIAN_POINT('Ctrl Pts',(-13.996167203111,8.,4.70184045056403));
#13593=CARTESIAN_POINT('Ctrl Pts',(-12.4204747982915,8.,4.42400336629695));
#13594=CARTESIAN_POINT('Ctrl Pts',(-12.6983118825586,8.,2.84831096147742));
#13595=CARTESIAN_POINT('Ctrl Pts',(-14.1698153807779,8.,3.71703269755182));
#13596=CARTESIAN_POINT('Ctrl Pts',(-13.5789307289706,8.,3.61284379095167));
#13597=CARTESIAN_POINT('Ctrl Pts',(-13.6831196355708,8.,3.02195913914435));
#13598=CARTESIAN_POINT('',(-13.6831196355708,8.,3.02195913914435));
#13599=CARTESIAN_POINT('',(-12.6983118825585,7.,2.84831096147742));
#13600=CARTESIAN_POINT('Origin',(-13.6831196355708,7.,3.02195913914435));
#13601=CARTESIAN_POINT('Origin',(-14.2740042873781,7.,3.1261480457445));
#13602=CARTESIAN_POINT('Origin',(-14.2740042873781,8.,3.1261480457445));
#13603=CARTESIAN_POINT('Origin',(-13.7352140888708,7.,2.72651681324069));
#13604=CARTESIAN_POINT('',(-13.8914974487711,8.,1.84018983552969));
#13605=CARTESIAN_POINT('',(-12.9066896957589,7.,1.66654165786277));
#13606=CARTESIAN_POINT('Origin',(-13.8914974487711,7.,1.84018983552969));
#13607=CARTESIAN_POINT('',(-12.7504063358586,7.,2.55286863557376));
#13608=CARTESIAN_POINT('',(-13.7352140888708,8.,2.72651681324069));
#13609=CARTESIAN_POINT('Ctrl Pts',(-12.9066896957589,7.,1.66654165786277));
#13610=CARTESIAN_POINT('Ctrl Pts',(-13.184526780026,7.,0.0908492530432384));
#13611=CARTESIAN_POINT('Ctrl Pts',(-14.7602191848455,7.,0.368686337310324));
#13612=CARTESIAN_POINT('Ctrl Pts',(-12.9066896957589,8.,1.66654165786277));
#13613=CARTESIAN_POINT('Ctrl Pts',(-13.184526780026,8.,0.0908492530432387));
#13614=CARTESIAN_POINT('Ctrl Pts',(-14.7602191848455,8.,0.368686337310325));
#13615=CARTESIAN_POINT('Ctrl Pts',(-13.8914974487711,8.,1.8401898355297));
#13616=CARTESIAN_POINT('Ctrl Pts',(-13.9956863553712,8.,1.24930518372238));
#13617=CARTESIAN_POINT('Ctrl Pts',(-14.5865710071786,8.,1.35349409032253));
#13618=CARTESIAN_POINT('',(-14.5865710071786,8.,1.35349409032253));
#13619=CARTESIAN_POINT('',(-14.7602191848455,7.,0.368686337310321));
#13620=CARTESIAN_POINT('Origin',(-14.5865710071786,7.,1.35349409032253));
#13621=CARTESIAN_POINT('Origin',(-14.4823821005784,7.,1.94437874212985));
#13622=CARTESIAN_POINT('Origin',(-14.4823821005784,8.,1.94437874212985));
#13623=CARTESIAN_POINT('Origin',(-16.2607441872993,7.,1.64869599235631));
#13624=CARTESIAN_POINT('',(-18.581040977794,8.,2.05782691977178));
#13625=CARTESIAN_POINT('',(-20.5705849276175,7.,1.39321058554521));
#13626=CARTESIAN_POINT('Ctrl Pts',(-18.581040977794,8.,2.05782691977179));
#13627=CARTESIAN_POINT('Ctrl Pts',(-18.6879064488633,8.,1.94345098345457));
#13628=CARTESIAN_POINT('Ctrl Pts',(-18.8145178787939,7.97304588804521,1.83401282660012));
#13629=CARTESIAN_POINT('Ctrl Pts',(-19.0823585597908,7.88163666771548,1.65122587116767));
#13630=CARTESIAN_POINT('Ctrl Pts',(-19.2235848457,7.81764573283558,1.5776409719089));
#13631=CARTESIAN_POINT('Ctrl Pts',(-19.7383494387086,7.55661545404427,1.36680477392612));
#13632=CARTESIAN_POINT('Ctrl Pts',(-20.1966522331718,7.25599450288113,1.32727616254541));
#13633=CARTESIAN_POINT('Ctrl Pts',(-20.5705849276175,7.,1.39321058554521));
#13634=CARTESIAN_POINT('',(-16.4343923649662,7.,0.663888239344102));
#13635=CARTESIAN_POINT('',(-16.2607441872993,8.,1.64869599235631));
#13636=CARTESIAN_POINT('Origin',(-17.7265395542197,8.,3.12566719800474));
#13637=CARTESIAN_POINT('Origin',(-20.1885589367503,8.,3.55978764217206));
#13638=CARTESIAN_POINT('Origin',(-20.3450082478024,7.,-2.36886194256092));
#13639=CARTESIAN_POINT('',(-14.5865710071786,8.,-1.35349409032253));
#13640=CARTESIAN_POINT('',(-14.7602191848455,7.,-0.368686337310323));
#13641=CARTESIAN_POINT('Origin',(-14.5865710071786,7.,-1.35349409032253));
#13642=CARTESIAN_POINT('',(-20.5705849276175,7.,-1.39321058554521));
#13643=CARTESIAN_POINT('',(-20.5186564254693,7.,-1.38405418954871));
#13644=CARTESIAN_POINT('',(-18.581040977794,8.,-2.05782691977179));
#13645=CARTESIAN_POINT('Ctrl Pts',(-20.5705849276175,7.,-1.39321058554521));
#13646=CARTESIAN_POINT('Ctrl Pts',(-20.1966522331718,7.25599450288113,-1.32727616254541));
#13647=CARTESIAN_POINT('Ctrl Pts',(-19.7383494387086,7.55661545404427,-1.36680477392613));
#13648=CARTESIAN_POINT('Ctrl Pts',(-19.2235848457,7.81764573283558,-1.57764097190891));
#13649=CARTESIAN_POINT('Ctrl Pts',(-19.0823585597908,7.88163666771548,-1.65122587116767));
#13650=CARTESIAN_POINT('Ctrl Pts',(-18.8145178787939,7.97304588804521,-1.83401282660013));
#13651=CARTESIAN_POINT('Ctrl Pts',(-18.6879064488633,8.,-1.94345098345458));
#13652=CARTESIAN_POINT('Ctrl Pts',(-18.581040977794,8.,-2.05782691977179));
#13653=CARTESIAN_POINT('',(-20.3450082478024,8.,-2.36886194256092));
#13654=CARTESIAN_POINT('Ctrl Pts',(-14.7602191848455,7.,-0.368686337310326));
#13655=CARTESIAN_POINT('Ctrl Pts',(-13.184526780026,7.,-0.0908492530432387));
#13656=CARTESIAN_POINT('Ctrl Pts',(-12.9066896957589,7.,-1.66654165786277));
#13657=CARTESIAN_POINT('Ctrl Pts',(-14.7602191848455,8.,-0.368686337310326));
#13658=CARTESIAN_POINT('Ctrl Pts',(-13.184526780026,8.,-0.0908492530432387));
#13659=CARTESIAN_POINT('Ctrl Pts',(-12.9066896957589,8.,-1.66654165786277));
#13660=CARTESIAN_POINT('Ctrl Pts',(-14.5865710071786,8.,-1.35349409032254));
#13661=CARTESIAN_POINT('Ctrl Pts',(-13.9956863553712,8.,-1.24930518372238));
#13662=CARTESIAN_POINT('Ctrl Pts',(-13.8914974487711,8.,-1.8401898355297));
#13663=CARTESIAN_POINT('',(-13.8914974487711,8.,-1.8401898355297));
#13664=CARTESIAN_POINT('',(-12.9066896957589,7.,-1.66654165786277));
#13665=CARTESIAN_POINT('Origin',(-13.8914974487711,7.,-1.8401898355297));
#13666=CARTESIAN_POINT('Origin',(-14.4823821005784,7.,-1.94437874212986));
#13667=CARTESIAN_POINT('Origin',(-14.4823821005784,8.,-1.94437874212986));
#13668=CARTESIAN_POINT('Origin',(-13.839402995471,7.,-2.13563216143336));
#13669=CARTESIAN_POINT('',(-13.6831196355708,8.,-3.02195913914435));
#13670=CARTESIAN_POINT('',(-12.6983118825585,7.,-2.84831096147742));
#13671=CARTESIAN_POINT('Origin',(-13.6831196355708,7.,-3.02195913914435));
#13672=CARTESIAN_POINT('',(-12.8545952424588,7.,-1.96198398376642));
#13673=CARTESIAN_POINT('',(-13.839402995471,8.,-2.13563216143336));
#13674=CARTESIAN_POINT('Ctrl Pts',(-12.6983118825586,7.,-2.84831096147742));
#13675=CARTESIAN_POINT('Ctrl Pts',(-12.4204747982915,7.,-4.42400336629695));
#13676=CARTESIAN_POINT('Ctrl Pts',(-13.996167203111,7.,-4.70184045056404));
#13677=CARTESIAN_POINT('Ctrl Pts',(-12.6983118825586,8.,-2.84831096147742));
#13678=CARTESIAN_POINT('Ctrl Pts',(-12.4204747982915,8.,-4.42400336629695));
#13679=CARTESIAN_POINT('Ctrl Pts',(-13.996167203111,8.,-4.70184045056404));
#13680=CARTESIAN_POINT('Ctrl Pts',(-13.6831196355708,8.,-3.02195913914435));
#13681=CARTESIAN_POINT('Ctrl Pts',(-13.5789307289706,8.,-3.61284379095167));
#13682=CARTESIAN_POINT('Ctrl Pts',(-14.1698153807779,8.,-3.71703269755183));
#13683=CARTESIAN_POINT('',(-14.1698153807779,8.,-3.71703269755183));
#13684=CARTESIAN_POINT('',(-13.996167203111,7.,-4.70184045056404));
#13685=CARTESIAN_POINT('Origin',(-14.1698153807779,7.,-3.71703269755183));
#13686=CARTESIAN_POINT('Origin',(-14.2740042873781,7.,-3.12614804574451));
#13687=CARTESIAN_POINT('Origin',(-14.2740042873781,8.,-3.12614804574451));
#13688=CARTESIAN_POINT('Origin',(-15.8439885608987,7.,-4.01223459958561));
#13689=CARTESIAN_POINT('',(-18.1642853513934,8.,-4.42136552700109));
#13690=CARTESIAN_POINT('',(-19.806532945883,7.,-5.72636469879893));
#13691=CARTESIAN_POINT('Ctrl Pts',(-18.1642853513934,8.,-4.42136552700109));
#13692=CARTESIAN_POINT('Ctrl Pts',(-18.2255871718418,8.,-4.56539389408553));
#13693=CARTESIAN_POINT('Ctrl Pts',(-18.3071329441621,7.97304588804521,-4.71153578192561));
#13694=CARTESIAN_POINT('Ctrl Pts',(-18.496304034946,7.88163666771548,-4.9749062432244));
#13695=CARTESIAN_POINT('Ctrl Pts',(-18.6038458158849,7.81764573283558,-5.09235566460716));
#13696=CARTESIAN_POINT('Ctrl Pts',(-19.0154560787246,7.55661545404427,-5.4665367439259));
#13697=CARTESIAN_POINT('Ctrl Pts',(-19.4326002514373,7.25599450288113,-5.66043027579913));
#13698=CARTESIAN_POINT('Ctrl Pts',(-19.806532945883,7.,-5.72636469879893));
#13699=CARTESIAN_POINT('',(-15.6703403832317,7.,-4.99704235259782));
#13700=CARTESIAN_POINT('',(-15.8439885608987,8.,-4.01223459958561));
#13701=CARTESIAN_POINT('Origin',(-17.7265395542197,8.,-3.12566719800475));
#13702=CARTESIAN_POINT('Origin',(-20.1885589367503,8.,-3.55978764217207));
#13703=CARTESIAN_POINT('Origin',(-18.3078556191749,7.,-9.18440472396036));
#13704=CARTESIAN_POINT('',(-13.2439708952528,8.,-6.26076951545868));
#13705=CARTESIAN_POINT('',(-13.7439708952528,7.,-5.39474411167424));
#13706=CARTESIAN_POINT('Origin',(-13.2439708952528,7.,-6.26076951545868));
#13707=CARTESIAN_POINT('',(-18.853520777581,7.,-8.34474411167424));
#13708=CARTESIAN_POINT('',(-18.8078556191749,7.,-8.31837932017592));
#13709=CARTESIAN_POINT('',(-16.7566488353139,8.,-8.28881506972939));
#13710=CARTESIAN_POINT('Ctrl Pts',(-18.853520777581,7.,-8.34474411167425));
#13711=CARTESIAN_POINT('Ctrl Pts',(-18.5246898847442,7.25599450288113,-8.15489350717706));
#13712=CARTESIAN_POINT('Ctrl Pts',(-18.0805065493717,7.55661545404427,-8.03528946415259));
#13713=CARTESIAN_POINT('Ctrl Pts',(-17.5246758332274,7.81764573283558,-8.0573508237118));
#13714=CARTESIAN_POINT('Ctrl Pts',(-17.3667990167064,7.88163666771548,-8.07819577599851));
#13715=CARTESIAN_POINT('Ctrl Pts',(-17.0525942845323,7.97304588804521,-8.15835242109132));
#13716=CARTESIAN_POINT('Ctrl Pts',(-16.8961884040267,8.,-8.21788699010832));
#13717=CARTESIAN_POINT('Ctrl Pts',(-16.7566488353139,8.,-8.28881506972939));
#13718=CARTESIAN_POINT('',(-18.3078556191749,8.,-9.18440472396036));
#13719=CARTESIAN_POINT('Ctrl Pts',(-13.7439708952528,7.,-5.39474411167424));
#13720=CARTESIAN_POINT('Ctrl Pts',(-12.3583302491977,7.,-4.59474411167424));
#13721=CARTESIAN_POINT('Ctrl Pts',(-11.5583302491977,7.,-5.98038475772935));
#13722=CARTESIAN_POINT('Ctrl Pts',(-13.7439708952528,8.,-5.39474411167424));
#13723=CARTESIAN_POINT('Ctrl Pts',(-12.3583302491977,8.,-4.59474411167424));
#13724=CARTESIAN_POINT('Ctrl Pts',(-11.5583302491977,8.,-5.98038475772935));
#13725=CARTESIAN_POINT('Ctrl Pts',(-13.2439708952528,8.,-6.26076951545868));
#13726=CARTESIAN_POINT('Ctrl Pts',(-12.7243556529821,8.,-5.96076951545868));
#13727=CARTESIAN_POINT('Ctrl Pts',(-12.4243556529821,8.,-6.48038475772934));
#13728=CARTESIAN_POINT('',(-12.4243556529821,8.,-6.48038475772934));
#13729=CARTESIAN_POINT('',(-11.5583302491977,7.,-5.98038475772934));
#13730=CARTESIAN_POINT('Origin',(-12.4243556529821,7.,-6.48038475772934));
#13731=CARTESIAN_POINT('Origin',(-12.9439708952528,7.,-6.78038475772934));
#13732=CARTESIAN_POINT('Origin',(-12.9439708952528,8.,-6.78038475772934));
#13733=CARTESIAN_POINT('Origin',(-12.2743556529821,7.,-6.74019237886467));
#13734=CARTESIAN_POINT('',(-11.8243556529821,8.,-7.51961524227067));
#13735=CARTESIAN_POINT('',(-10.9583302491977,7.,-7.01961524227067));
#13736=CARTESIAN_POINT('Origin',(-11.8243556529821,7.,-7.51961524227067));
#13737=CARTESIAN_POINT('',(-11.4083302491977,7.,-6.24019237886467));
#13738=CARTESIAN_POINT('',(-12.2743556529821,8.,-6.74019237886467));
#13739=CARTESIAN_POINT('Ctrl Pts',(-10.9583302491977,7.,-7.01961524227067));
#13740=CARTESIAN_POINT('Ctrl Pts',(-10.1583302491977,7.,-8.40525588832577));
#13741=CARTESIAN_POINT('Ctrl Pts',(-11.5439708952528,7.,-9.20525588832577));
#13742=CARTESIAN_POINT('Ctrl Pts',(-10.9583302491977,8.,-7.01961524227067));
#13743=CARTESIAN_POINT('Ctrl Pts',(-10.1583302491977,8.,-8.40525588832577));
#13744=CARTESIAN_POINT('Ctrl Pts',(-11.5439708952528,8.,-9.20525588832577));
#13745=CARTESIAN_POINT('Ctrl Pts',(-11.8243556529821,8.,-7.51961524227067));
#13746=CARTESIAN_POINT('Ctrl Pts',(-11.5243556529821,8.,-8.03923048454133));
#13747=CARTESIAN_POINT('Ctrl Pts',(-12.0439708952528,8.,-8.33923048454133));
#13748=CARTESIAN_POINT('',(-12.0439708952528,8.,-8.33923048454133));
#13749=CARTESIAN_POINT('',(-11.5439708952528,7.,-9.20525588832577));
#13750=CARTESIAN_POINT('Origin',(-12.0439708952528,7.,-8.33923048454133));
#13751=CARTESIAN_POINT('Origin',(-12.3439708952528,7.,-7.81961524227067));
#13752=CARTESIAN_POINT('Origin',(-12.3439708952528,8.,-7.81961524227067));
#13753=CARTESIAN_POINT('Origin',(-13.5162140816863,7.,-9.18923048454133));
#13754=CARTESIAN_POINT('',(-15.5566488353139,8.,-10.367276038812));
#13755=CARTESIAN_POINT('',(-16.653520777581,7.,-12.1552558883258));
#13756=CARTESIAN_POINT('Ctrl Pts',(-15.5566488353139,8.,-10.367276038812));
#13757=CARTESIAN_POINT('Ctrl Pts',(-15.5649931008768,8.,-10.523584889961));
#13758=CARTESIAN_POINT('Ctrl Pts',(-15.5916375919575,7.97304588804521,-10.6888036402887));
#13759=CARTESIAN_POINT('Ctrl Pts',(-15.679322267112,7.88163666771548,-11.0009912428871));
#13760=CARTESIAN_POINT('Ctrl Pts',(-15.7402084171516,7.81764573283558,-11.1481390528063));
#13761=CARTESIAN_POINT('Ctrl Pts',(-15.9990180774034,7.55661545404427,-11.6405332529705));
#13762=CARTESIAN_POINT('Ctrl Pts',(-16.3246898847442,7.25599450288113,-11.9654052838286));
#13763=CARTESIAN_POINT('Ctrl Pts',(-16.653520777581,7.,-12.1552558883258));
#13764=CARTESIAN_POINT('',(-13.0162140816863,7.,-10.0552558883258));
#13765=CARTESIAN_POINT('',(-13.5162140816863,8.,-9.18923048454133));
#13766=CARTESIAN_POINT('Origin',(-15.5884572681199,8.,-9.00000000000001));
#13767=CARTESIAN_POINT('Origin',(-17.753520777581,8.,-10.25));
#13768=CARTESIAN_POINT('Origin',(-14.0625054077026,7.,-14.8921727482726));
#13769=CARTESIAN_POINT('',(-10.3039524331662,8.,-10.4129037379132));
#13770=CARTESIAN_POINT('',(-11.0699968762852,7.,-9.7701161282267));
#13771=CARTESIAN_POINT('Origin',(-10.3039524331662,7.,-10.4129037379132));
#13772=CARTESIAN_POINT('',(-14.8624437734358,7.,-14.2897783426287));
#13773=CARTESIAN_POINT('',(-14.8285498508216,7.,-14.2493851385861));
#13774=CARTESIAN_POINT('',(-12.9111575414964,8.,-13.5200497923957));
#13775=CARTESIAN_POINT('Ctrl Pts',(-14.8624437734358,7.,-14.2897783426287));
#13776=CARTESIAN_POINT('Ctrl Pts',(-14.6183765409112,7.25599450288113,-13.998910341433));
#13777=CARTESIAN_POINT('Ctrl Pts',(-14.2418877303232,7.55661545404427,-13.7345996567597));
#13778=CARTESIAN_POINT('Ctrl Pts',(-13.7120322785978,7.81764573283557,-13.5652252523415));
#13779=CARTESIAN_POINT('Ctrl Pts',(-13.5565472055512,7.88163666771548,-13.5308160487717));
#13780=CARTESIAN_POINT('Ctrl Pts',(-13.233876150068,7.9730458880452,-13.4986743091406));
#13781=CARTESIAN_POINT('Ctrl Pts',(-13.0665406764813,8.,-13.50112454266));
#13782=CARTESIAN_POINT('Ctrl Pts',(-12.9111575414964,8.,-13.5200497923957));
#13783=CARTESIAN_POINT('',(-14.0625054077026,8.,-14.8921727482726));
#13784=CARTESIAN_POINT('Ctrl Pts',(-11.0699968762852,7.,-9.7701161282267));
#13785=CARTESIAN_POINT('Ctrl Pts',(-10.0415367007868,7.,-8.54444501923634));
#13786=CARTESIAN_POINT('Ctrl Pts',(-8.8158655917964,7.,-9.5729051947348));
#13787=CARTESIAN_POINT('Ctrl Pts',(-11.0699968762852,8.,-9.7701161282267));
#13788=CARTESIAN_POINT('Ctrl Pts',(-10.0415367007868,8.,-8.54444501923634));
#13789=CARTESIAN_POINT('Ctrl Pts',(-8.8158655917964,8.,-9.5729051947348));
#13790=CARTESIAN_POINT('Ctrl Pts',(-10.3039524331662,8.,-10.4129037379132));
#13791=CARTESIAN_POINT('Ctrl Pts',(-9.91827986735433,8.,-9.95327707204186));
#13792=CARTESIAN_POINT('Ctrl Pts',(-9.45865320148294,8.,-10.3389496378538));
#13793=CARTESIAN_POINT('',(-9.45865320148294,8.,-10.3389496378538));
#13794=CARTESIAN_POINT('',(-8.8158655917964,7.,-9.57290519473479));
#13795=CARTESIAN_POINT('Origin',(-9.45865320148294,7.,-10.3389496378538));
#13796=CARTESIAN_POINT('Origin',(-9.84432576729486,7.,-10.7985763037252));
#13797=CARTESIAN_POINT('Origin',(-9.84432576729486,8.,-10.7985763037252));
#13798=CARTESIAN_POINT('Origin',(-9.22883986854725,7.,-10.5317859207597));
#13799=CARTESIAN_POINT('',(-8.53939986974016,8.,-11.1102947694776));
#13800=CARTESIAN_POINT('',(-7.89661226005363,7.,-10.3442503263586));
#13801=CARTESIAN_POINT('Origin',(-8.53939986974016,7.,-11.1102947694776));
#13802=CARTESIAN_POINT('',(-8.58605225886071,7.,-9.76574147764075));
#13803=CARTESIAN_POINT('',(-9.22883986854725,8.,-10.5317859207597));
#13804=CARTESIAN_POINT('Ctrl Pts',(-7.89661226005363,7.,-10.3442503263586));
#13805=CARTESIAN_POINT('Ctrl Pts',(-6.67094115106327,7.,-11.3727105018571));
#13806=CARTESIAN_POINT('Ctrl Pts',(-7.69940132656173,7.,-12.5983816108475));
#13807=CARTESIAN_POINT('Ctrl Pts',(-7.89661226005363,8.,-10.3442503263586));
#13808=CARTESIAN_POINT('Ctrl Pts',(-6.67094115106327,8.,-11.3727105018571));
#13809=CARTESIAN_POINT('Ctrl Pts',(-7.69940132656173,8.,-12.5983816108475));
#13810=CARTESIAN_POINT('Ctrl Pts',(-8.53939986974017,8.,-11.1102947694776));
#13811=CARTESIAN_POINT('Ctrl Pts',(-8.07977320386879,8.,-11.4959673352895));
#13812=CARTESIAN_POINT('Ctrl Pts',(-8.46544576968071,8.,-11.9555940011609));
#13813=CARTESIAN_POINT('',(-8.46544576968071,8.,-11.9555940011609));
#13814=CARTESIAN_POINT('',(-7.69940132656173,7.,-12.5983816108475));
#13815=CARTESIAN_POINT('Origin',(-8.46544576968071,7.,-11.9555940011609));
#13816=CARTESIAN_POINT('Origin',(-8.92507243555209,7.,-11.569921435349));
#13817=CARTESIAN_POINT('Origin',(-8.92507243555209,8.,-11.569921435349));
#13818=CARTESIAN_POINT('Origin',(-9.55818470614782,7.,-13.2578695544632));
#13819=CARTESIAN_POINT('',(-11.0726508780109,8.,-15.0627400556434));
#13820=CARTESIAN_POINT('',(-11.4918482237123,7.,-17.1180438252494));
#13821=CARTESIAN_POINT('Ctrl Pts',(-11.0726508780109,8.,-15.0627400556434));
#13822=CARTESIAN_POINT('Ctrl Pts',(-11.0270311471132,8.,-15.2124762365354));
#13823=CARTESIAN_POINT('Ctrl Pts',(-10.9955606380992,7.97304588804521,-15.376844029692));
#13824=CARTESIAN_POINT('Ctrl Pts',(-10.9711828317127,7.88163666771548,-15.7001943413184));
#13825=CARTESIAN_POINT('Ctrl Pts',(-10.9780695825743,7.81764573283558,-15.8592923422273));
#13826=CARTESIAN_POINT('Ctrl Pts',(-11.0528623755882,7.55661545404427,-16.4105096557329));
#13827=CARTESIAN_POINT('Ctrl Pts',(-11.2477809911877,7.25599450288113,-16.8271758240537));
#13828=CARTESIAN_POINT('Ctrl Pts',(-11.4918482237123,7.,-17.1180438252494));
#13829=CARTESIAN_POINT('',(-8.79214026302884,7.,-13.9006571641497));
#13830=CARTESIAN_POINT('',(-9.55818470614782,8.,-13.2578695544632));
#13831=CARTESIAN_POINT('Origin',(-11.5701769743577,8.,-13.7887999761416));
#13832=CARTESIAN_POINT('Origin',(-13.1771459985741,8.,-15.7039110839391));
#13833=CARTESIAN_POINT('Origin',(-8.12100950358528,7.,-18.8037249540813));
#13834=CARTESIAN_POINT('',(-6.12112523749785,8.,-13.3090880914835));
#13835=CARTESIAN_POINT('',(-7.06081785828376,7.,-12.9670679481578));
#13836=CARTESIAN_POINT('Origin',(-6.12112523749785,7.,-13.3090880914835));
#13837=CARTESIAN_POINT('',(-9.07873670390521,7.,-18.5112544107946));
#13838=CARTESIAN_POINT('',(-9.06070212437119,7.,-18.4617048107556));
#13839=CARTESIAN_POINT('',(-7.50839009978316,8.,-17.1205669754152));
#13840=CARTESIAN_POINT('Ctrl Pts',(-9.0787367039052,7.,-18.5112544107946));
#13841=CARTESIAN_POINT('Ctrl Pts',(-8.94887124198402,7.25599450288113,-18.1544519865992));
#13842=CARTESIAN_POINT('Ctrl Pts',(-8.68548706312041,7.55661545404427,-17.777314429659));
#13843=CARTESIAN_POINT('Ctrl Pts',(-8.24551526312572,7.81764573283558,-17.4369333141362));
#13844=CARTESIAN_POINT('Ctrl Pts',(-8.11117572807809,7.88163666771548,-17.3514202124861));
#13845=CARTESIAN_POINT('Ctrl Pts',(-7.81895724069475,7.97304588804521,-17.2108568562921));
#13846=CARTESIAN_POINT('Ctrl Pts',(-7.66087530175014,8.,-17.15592721999));
#13847=CARTESIAN_POINT('Ctrl Pts',(-7.50839009978316,8.,-17.1205669754152));
#13848=CARTESIAN_POINT('',(-8.12100950358528,8.,-18.8037249540813));
#13849=CARTESIAN_POINT('Ctrl Pts',(-7.06081785828376,7.,-12.9670679481578));
#13850=CARTESIAN_POINT('Ctrl Pts',(-6.51358562896269,7.,-11.4635597549003));
#13851=CARTESIAN_POINT('Ctrl Pts',(-5.01007743570524,7.,-12.0107919842214));
#13852=CARTESIAN_POINT('Ctrl Pts',(-7.06081785828376,8.,-12.9670679481578));
#13853=CARTESIAN_POINT('Ctrl Pts',(-6.51358562896269,8.,-11.4635597549003));
#13854=CARTESIAN_POINT('Ctrl Pts',(-5.01007743570524,8.,-12.0107919842214));
#13855=CARTESIAN_POINT('Ctrl Pts',(-6.12112523749785,8.,-13.3090880914835));
#13856=CARTESIAN_POINT('Ctrl Pts',(-5.91591315150245,8.,-12.7452725190119));
#13857=CARTESIAN_POINT('Ctrl Pts',(-5.35209757903091,8.,-12.9504846050073));
#13858=CARTESIAN_POINT('',(-5.35209757903091,8.,-12.9504846050073));
#13859=CARTESIAN_POINT('',(-5.01007743570524,7.,-12.0107919842214));
#13860=CARTESIAN_POINT('Origin',(-5.35209757903091,7.,-12.9504846050073));
#13861=CARTESIAN_POINT('Origin',(-5.55730966502631,7.,-13.5143001774789));
#13862=CARTESIAN_POINT('Origin',(-5.55730966502631,8.,-13.5143001774789));
#13863=CARTESIAN_POINT('Origin',(-5.07018979279514,7.,-13.053090648005));
#13864=CARTESIAN_POINT('',(-4.22446643408781,8.,-13.3609087769981));
#13865=CARTESIAN_POINT('',(-3.88244629076215,7.,-12.4212161562122));
#13866=CARTESIAN_POINT('Origin',(-4.22446643408781,7.,-13.3609087769981));
#13867=CARTESIAN_POINT('',(-4.72816964946947,7.,-12.1133980272191));
#13868=CARTESIAN_POINT('',(-5.07018979279514,8.,-13.053090648005));
#13869=CARTESIAN_POINT('Ctrl Pts',(-3.88244629076215,7.,-12.4212161562122));
#13870=CARTESIAN_POINT('Ctrl Pts',(-2.3789380975047,7.,-12.9684483855333));
#13871=CARTESIAN_POINT('Ctrl Pts',(-2.92617032682577,7.,-14.4719565787907));
#13872=CARTESIAN_POINT('Ctrl Pts',(-3.88244629076215,8.,-12.4212161562122));
#13873=CARTESIAN_POINT('Ctrl Pts',(-2.3789380975047,8.,-12.9684483855333));
#13874=CARTESIAN_POINT('Ctrl Pts',(-2.92617032682577,8.,-14.4719565787907));
#13875=CARTESIAN_POINT('Ctrl Pts',(-4.22446643408782,8.,-13.3609087769981));
#13876=CARTESIAN_POINT('Ctrl Pts',(-3.66065086161628,8.,-13.5661208629935));
#13877=CARTESIAN_POINT('Ctrl Pts',(-3.86586294761168,8.,-14.1299364354651));
#13878=CARTESIAN_POINT('',(-3.86586294761168,8.,-14.1299364354651));
#13879=CARTESIAN_POINT('',(-2.92617032682577,7.,-14.4719565787907));
#13880=CARTESIAN_POINT('Origin',(-3.86586294761168,7.,-14.1299364354651));
#13881=CARTESIAN_POINT('Origin',(-4.42967852008322,7.,-13.9247243494697));
#13882=CARTESIAN_POINT('Origin',(-4.42967852008322,8.,-13.9247243494697));
#13883=CARTESIAN_POINT('Origin',(-4.44729719126531,7.,-15.7274138908011));
#13884=CARTESIAN_POINT('',(-5.25312780989698,8.,-17.9414153193968));
#13885=CARTESIAN_POINT('',(-4.94408917244721,7.,-20.0161430414276));
#13886=CARTESIAN_POINT('Ctrl Pts',(-5.25312780989698,8.,-17.9414153193968));
#13887=CARTESIAN_POINT('Ctrl Pts',(-5.15904649536046,8.,-18.0665184367455));
#13888=CARTESIAN_POINT('Ctrl Pts',(-5.07325679409409,7.97304588804521,-18.2102100910662));
#13889=CARTESIAN_POINT('Ctrl Pts',(-4.93975682939488,7.88163666771548,-18.5057222919961));
#13890=CARTESIAN_POINT('Ctrl Pts',(-4.89181353728703,7.81764573283558,-18.6575809169487));
#13891=CARTESIAN_POINT('Ctrl Pts',(-4.77356834840137,7.55661545404427,-19.2011364006856));
#13892=CARTESIAN_POINT('Ctrl Pts',(-4.81422371052603,7.25599450288113,-19.6593406172321));
#13893=CARTESIAN_POINT('Ctrl Pts',(-4.94408917244721,7.,-20.0161430414276));
#13894=CARTESIAN_POINT('',(-3.5076045704794,7.,-16.0694340341268));
#13895=CARTESIAN_POINT('',(-4.44729719126531,8.,-15.7274138908011));
#13896=CARTESIAN_POINT('Origin',(-6.15636257986204,8.,-16.9144671741464));
#13897=CARTESIAN_POINT('Origin',(-7.01141293817621,8.,-19.2636987261111));
#13898=CARTESIAN_POINT('Origin',(-1.2,7.,-20.4472704170034));
#13899=CARTESIAN_POINT('',(-1.2,8.,-14.6));
#13900=CARTESIAN_POINT('',(-2.2,7.,-14.6));
#13901=CARTESIAN_POINT('Origin',(-1.2,7.,-14.6));
#13902=CARTESIAN_POINT('',(-2.2,7.,-20.5));
#13903=CARTESIAN_POINT('',(-2.2,7.,-20.4472704170034));
#13904=CARTESIAN_POINT('',(-1.2,8.,-18.6560911085414));
#13905=CARTESIAN_POINT('Ctrl Pts',(-2.2,7.,-20.5));
#13906=CARTESIAN_POINT('Ctrl Pts',(-2.2,7.25599450288113,-20.1202987910056));
#13907=CARTESIAN_POINT('Ctrl Pts',(-2.08148847196827,7.55661545404427,-19.6758227171231));
#13908=CARTESIAN_POINT('Ctrl Pts',(-1.78446741607582,7.81764573283558,-19.205489876518));
#13909=CARTESIAN_POINT('Ctrl Pts',(-1.68747674959435,7.88163666771548,-19.0791870188856));
#13910=CARTESIAN_POINT('Ctrl Pts',(-1.4609566925748,7.97304588804521,-18.84715606138));
#13911=CARTESIAN_POINT('Ctrl Pts',(-1.33119530314992,8.,-18.7414718800693));
#13912=CARTESIAN_POINT('Ctrl Pts',(-1.2,8.,-18.6560911085414));
#13913=CARTESIAN_POINT('',(-1.2,8.,-20.4472704170034));
#13914=CARTESIAN_POINT('Ctrl Pts',(-2.2,7.,-14.6));
#13915=CARTESIAN_POINT('Ctrl Pts',(-2.2,7.,-13.));
#13916=CARTESIAN_POINT('Ctrl Pts',(-0.599999999999999,7.,-13.));
#13917=CARTESIAN_POINT('Ctrl Pts',(-2.2,8.,-14.6));
#13918=CARTESIAN_POINT('Ctrl Pts',(-2.2,8.,-13.));
#13919=CARTESIAN_POINT('Ctrl Pts',(-0.599999999999999,8.,-13.));
#13920=CARTESIAN_POINT('Ctrl Pts',(-1.2,8.,-14.6));
#13921=CARTESIAN_POINT('Ctrl Pts',(-1.2,8.,-14.));
#13922=CARTESIAN_POINT('Ctrl Pts',(-0.599999999999999,8.,-14.));
#13923=CARTESIAN_POINT('',(-0.6,8.,-14.));
#13924=CARTESIAN_POINT('',(-0.600000000000001,7.,-13.));
#13925=CARTESIAN_POINT('Origin',(-0.6,7.,-14.));
#13926=CARTESIAN_POINT('Origin',(-0.599999999999999,7.,-14.6));
#13927=CARTESIAN_POINT('Origin',(-0.599999999999999,8.,-14.6));
#13928=CARTESIAN_POINT('Origin',(-0.300000000000005,7.,-14.));
#13929=CARTESIAN_POINT('',(0.600000000000004,8.,-14.));
#13930=CARTESIAN_POINT('',(0.6,7.,-13.));
#13931=CARTESIAN_POINT('Origin',(0.600000000000004,7.,-14.));
#13932=CARTESIAN_POINT('',(-0.300000000000008,7.,-13.));
#13933=CARTESIAN_POINT('',(-0.300000000000005,8.,-14.));
#13934=CARTESIAN_POINT('Ctrl Pts',(0.600000000000001,7.,-13.));
#13935=CARTESIAN_POINT('Ctrl Pts',(2.2,7.,-13.));
#13936=CARTESIAN_POINT('Ctrl Pts',(2.2,7.,-14.6));
#13937=CARTESIAN_POINT('Ctrl Pts',(0.600000000000001,8.,-13.));
#13938=CARTESIAN_POINT('Ctrl Pts',(2.2,8.,-13.));
#13939=CARTESIAN_POINT('Ctrl Pts',(2.2,8.,-14.6));
#13940=CARTESIAN_POINT('Ctrl Pts',(0.600000000000001,8.,-14.));
#13941=CARTESIAN_POINT('Ctrl Pts',(1.2,8.,-14.));
#13942=CARTESIAN_POINT('Ctrl Pts',(1.2,8.,-14.6));
#13943=CARTESIAN_POINT('',(1.2,8.,-14.6));
#13944=CARTESIAN_POINT('',(2.2,7.,-14.6));
#13945=CARTESIAN_POINT('Origin',(1.2,7.,-14.6));
#13946=CARTESIAN_POINT('Origin',(0.600000000000001,7.,-14.6));
#13947=CARTESIAN_POINT('Origin',(0.600000000000001,8.,-14.6));
#13948=CARTESIAN_POINT('Origin',(1.2,7.,-16.3));
#13949=CARTESIAN_POINT('',(1.2,8.,-18.6560911085414));
#13950=CARTESIAN_POINT('',(2.2,7.,-20.5));
#13951=CARTESIAN_POINT('Ctrl Pts',(1.2,8.,-18.6560911085414));
#13952=CARTESIAN_POINT('Ctrl Pts',(1.33119530314992,8.,-18.7414718800693));
#13953=CARTESIAN_POINT('Ctrl Pts',(1.4609566925748,7.97304588804521,-18.84715606138));
#13954=CARTESIAN_POINT('Ctrl Pts',(1.68747674959436,7.88163666771548,-19.0791870188856));
#13955=CARTESIAN_POINT('Ctrl Pts',(1.78446741607582,7.81764573283558,-19.205489876518));
#13956=CARTESIAN_POINT('Ctrl Pts',(2.08148847196827,7.55661545404427,-19.6758227171231));
#13957=CARTESIAN_POINT('Ctrl Pts',(2.2,7.25599450288113,-20.1202987910056));
#13958=CARTESIAN_POINT('Ctrl Pts',(2.2,7.,-20.5));
#13959=CARTESIAN_POINT('',(2.2,7.,-16.3));
#13960=CARTESIAN_POINT('',(1.2,8.,-16.3));
#13961=CARTESIAN_POINT('Origin',(2.22044604925031E-15,8.,-18.));
#13962=CARTESIAN_POINT('Origin',(3.33066907387547E-15,8.,-20.5));
#13963=CARTESIAN_POINT('Origin',(5.86574721369911,7.,-19.6245732980629));
#13964=CARTESIAN_POINT('',(3.86586294761167,8.,-14.1299364354651));
#13965=CARTESIAN_POINT('',(2.92617032682577,7.,-14.4719565787907));
#13966=CARTESIAN_POINT('Origin',(3.86586294761167,7.,-14.1299364354651));
#13967=CARTESIAN_POINT('',(4.94408917244721,7.,-20.0161430414276));
#13968=CARTESIAN_POINT('',(4.9260545929132,7.,-19.9665934413885));
#13969=CARTESIAN_POINT('',(5.25312780989698,8.,-17.9414153193968));
#13970=CARTESIAN_POINT('Ctrl Pts',(4.94408917244721,7.,-20.0161430414276));
#13971=CARTESIAN_POINT('Ctrl Pts',(4.81422371052603,7.25599450288113,-19.6593406172321));
#13972=CARTESIAN_POINT('Ctrl Pts',(4.77356834840137,7.55661545404427,-19.2011364006856));
#13973=CARTESIAN_POINT('Ctrl Pts',(4.89181353728704,7.81764573283558,-18.6575809169487));
#13974=CARTESIAN_POINT('Ctrl Pts',(4.93975682939489,7.88163666771548,-18.5057222919961));
#13975=CARTESIAN_POINT('Ctrl Pts',(5.07325679409409,7.97304588804521,-18.2102100910662));
#13976=CARTESIAN_POINT('Ctrl Pts',(5.15904649536046,8.,-18.0665184367456));
#13977=CARTESIAN_POINT('Ctrl Pts',(5.25312780989698,8.,-17.9414153193968));
#13978=CARTESIAN_POINT('',(5.86574721369911,8.,-19.6245732980629));
#13979=CARTESIAN_POINT('Ctrl Pts',(2.92617032682577,7.,-14.4719565787907));
#13980=CARTESIAN_POINT('Ctrl Pts',(2.3789380975047,7.,-12.9684483855333));
#13981=CARTESIAN_POINT('Ctrl Pts',(3.88244629076215,7.,-12.4212161562122));
#13982=CARTESIAN_POINT('Ctrl Pts',(2.92617032682577,8.,-14.4719565787907));
#13983=CARTESIAN_POINT('Ctrl Pts',(2.3789380975047,8.,-12.9684483855333));
#13984=CARTESIAN_POINT('Ctrl Pts',(3.88244629076215,8.,-12.4212161562122));
#13985=CARTESIAN_POINT('Ctrl Pts',(3.86586294761168,8.,-14.1299364354651));
#13986=CARTESIAN_POINT('Ctrl Pts',(3.66065086161628,8.,-13.5661208629935));
#13987=CARTESIAN_POINT('Ctrl Pts',(4.22446643408782,8.,-13.3609087769981));
#13988=CARTESIAN_POINT('',(4.22446643408782,8.,-13.3609087769981));
#13989=CARTESIAN_POINT('',(3.88244629076215,7.,-12.4212161562122));
#13990=CARTESIAN_POINT('Origin',(4.22446643408782,7.,-13.3609087769981));
#13991=CARTESIAN_POINT('Origin',(4.42967852008322,7.,-13.9247243494697));
#13992=CARTESIAN_POINT('Origin',(4.42967852008322,8.,-13.9247243494697));
#13993=CARTESIAN_POINT('Origin',(4.50637422032359,7.,-13.2583027340004));
#13994=CARTESIAN_POINT('',(5.35209757903091,8.,-12.9504846050073));
#13995=CARTESIAN_POINT('',(5.01007743570524,7.,-12.0107919842214));
#13996=CARTESIAN_POINT('Origin',(5.35209757903091,7.,-12.9504846050073));
#13997=CARTESIAN_POINT('',(4.16435407699791,7.,-12.3186101132145));
#13998=CARTESIAN_POINT('',(4.50637422032359,8.,-13.2583027340004));
#13999=CARTESIAN_POINT('Ctrl Pts',(5.01007743570524,7.,-12.0107919842214));
#14000=CARTESIAN_POINT('Ctrl Pts',(6.5135856289627,7.,-11.4635597549003));
#14001=CARTESIAN_POINT('Ctrl Pts',(7.06081785828376,7.,-12.9670679481578));
#14002=CARTESIAN_POINT('Ctrl Pts',(5.01007743570524,8.,-12.0107919842214));
#14003=CARTESIAN_POINT('Ctrl Pts',(6.5135856289627,8.,-11.4635597549003));
#14004=CARTESIAN_POINT('Ctrl Pts',(7.06081785828376,8.,-12.9670679481578));
#14005=CARTESIAN_POINT('Ctrl Pts',(5.35209757903091,8.,-12.9504846050073));
#14006=CARTESIAN_POINT('Ctrl Pts',(5.91591315150245,8.,-12.7452725190119));
#14007=CARTESIAN_POINT('Ctrl Pts',(6.12112523749785,8.,-13.3090880914835));
#14008=CARTESIAN_POINT('',(6.12112523749785,8.,-13.3090880914835));
#14009=CARTESIAN_POINT('',(7.06081785828376,7.,-12.9670679481578));
#14010=CARTESIAN_POINT('Origin',(6.12112523749785,7.,-13.3090880914835));
#14011=CARTESIAN_POINT('Origin',(5.55730966502631,7.,-13.5143001774789));
#14012=CARTESIAN_POINT('Origin',(5.55730966502631,8.,-13.5143001774789));
#14013=CARTESIAN_POINT('Origin',(6.70255948115149,7.,-14.9065655468195));
#14014=CARTESIAN_POINT('',(7.50839009978316,8.,-17.1205669754152));
#14015=CARTESIAN_POINT('',(9.07873670390521,7.,-18.5112544107946));
#14016=CARTESIAN_POINT('Ctrl Pts',(7.50839009978316,8.,-17.1205669754152));
#14017=CARTESIAN_POINT('Ctrl Pts',(7.66087530175015,8.,-17.15592721999));
#14018=CARTESIAN_POINT('Ctrl Pts',(7.81895724069475,7.97304588804521,-17.2108568562921));
#14019=CARTESIAN_POINT('Ctrl Pts',(8.1111757280781,7.88163666771548,-17.3514202124861));
#14020=CARTESIAN_POINT('Ctrl Pts',(8.24551526312573,7.81764573283558,-17.4369333141362));
#14021=CARTESIAN_POINT('Ctrl Pts',(8.68548706312042,7.55661545404427,-17.777314429659));
#14022=CARTESIAN_POINT('Ctrl Pts',(8.94887124198403,7.25599450288113,-18.1544519865992));
#14023=CARTESIAN_POINT('Ctrl Pts',(9.07873670390521,7.,-18.5112544107946));
#14024=CARTESIAN_POINT('',(7.6422521019374,7.,-14.5645454034938));
#14025=CARTESIAN_POINT('',(6.70255948115149,8.,-14.9065655468195));
#14026=CARTESIAN_POINT('Origin',(6.15636257986204,8.,-16.9144671741464));
#14027=CARTESIAN_POINT('Origin',(7.01141293817621,8.,-19.2636987261111));
#14028=CARTESIAN_POINT('Origin',(12.2239987442171,7.,-16.4348630115203));
#14029=CARTESIAN_POINT('',(8.4654457696807,8.,-11.9555940011609));
#14030=CARTESIAN_POINT('',(7.69940132656173,7.,-12.5983816108475));
#14031=CARTESIAN_POINT('Origin',(8.4654457696807,7.,-11.9555940011609));
#14032=CARTESIAN_POINT('',(11.4918482237123,7.,-17.1180438252494));
#14033=CARTESIAN_POINT('',(11.4579543010981,7.,-17.0776506212069));
#14034=CARTESIAN_POINT('',(11.0726508780109,8.,-15.0627400556434));
#14035=CARTESIAN_POINT('Ctrl Pts',(11.4918482237123,7.,-17.1180438252494));
#14036=CARTESIAN_POINT('Ctrl Pts',(11.2477809911877,7.25599450288113,-16.8271758240537));
#14037=CARTESIAN_POINT('Ctrl Pts',(11.0528623755882,7.55661545404427,-16.4105096557329));
#14038=CARTESIAN_POINT('Ctrl Pts',(10.9780695825743,7.81764573283558,-15.8592923422273));
#14039=CARTESIAN_POINT('Ctrl Pts',(10.9711828317127,7.88163666771548,-15.7001943413184));
#14040=CARTESIAN_POINT('Ctrl Pts',(10.9955606380992,7.97304588804521,-15.376844029692));
#14041=CARTESIAN_POINT('Ctrl Pts',(11.0270311471132,8.,-15.2124762365354));
#14042=CARTESIAN_POINT('Ctrl Pts',(11.0726508780109,8.,-15.0627400556434));
#14043=CARTESIAN_POINT('',(12.2239987442171,8.,-16.4348630115203));
#14044=CARTESIAN_POINT('Ctrl Pts',(7.69940132656173,7.,-12.5983816108475));
#14045=CARTESIAN_POINT('Ctrl Pts',(6.67094115106327,7.,-11.3727105018571));
#14046=CARTESIAN_POINT('Ctrl Pts',(7.89661226005363,7.,-10.3442503263586));
#14047=CARTESIAN_POINT('Ctrl Pts',(7.69940132656173,8.,-12.5983816108475));
#14048=CARTESIAN_POINT('Ctrl Pts',(6.67094115106327,8.,-11.3727105018571));
#14049=CARTESIAN_POINT('Ctrl Pts',(7.89661226005363,8.,-10.3442503263586));
#14050=CARTESIAN_POINT('Ctrl Pts',(8.46544576968071,8.,-11.9555940011609));
#14051=CARTESIAN_POINT('Ctrl Pts',(8.07977320386879,8.,-11.4959673352895));
#14052=CARTESIAN_POINT('Ctrl Pts',(8.53939986974017,8.,-11.1102947694776));
#14053=CARTESIAN_POINT('',(8.53939986974017,8.,-11.1102947694776));
#14054=CARTESIAN_POINT('',(7.89661226005363,7.,-10.3442503263586));
#14055=CARTESIAN_POINT('Origin',(8.53939986974017,7.,-11.1102947694776));
#14056=CARTESIAN_POINT('Origin',(8.92507243555209,7.,-11.569921435349));
#14057=CARTESIAN_POINT('Origin',(8.92507243555209,8.,-11.569921435349));
#14058=CARTESIAN_POINT('Origin',(8.76921320267586,7.,-10.9174584865717));
#14059=CARTESIAN_POINT('',(9.45865320148294,8.,-10.3389496378538));
#14060=CARTESIAN_POINT('',(8.8158655917964,7.,-9.57290519473479));
#14061=CARTESIAN_POINT('Origin',(9.45865320148294,7.,-10.3389496378538));
#14062=CARTESIAN_POINT('',(8.12642559298932,7.,-10.1514140434527));
#14063=CARTESIAN_POINT('',(8.76921320267586,8.,-10.9174584865717));
#14064=CARTESIAN_POINT('Ctrl Pts',(8.8158655917964,7.,-9.5729051947348));
#14065=CARTESIAN_POINT('Ctrl Pts',(10.0415367007868,7.,-8.54444501923633));
#14066=CARTESIAN_POINT('Ctrl Pts',(11.0699968762852,7.,-9.7701161282267));
#14067=CARTESIAN_POINT('Ctrl Pts',(8.8158655917964,8.,-9.5729051947348));
#14068=CARTESIAN_POINT('Ctrl Pts',(10.0415367007868,8.,-8.54444501923633));
#14069=CARTESIAN_POINT('Ctrl Pts',(11.0699968762852,8.,-9.7701161282267));
#14070=CARTESIAN_POINT('Ctrl Pts',(9.45865320148294,8.,-10.3389496378538));
#14071=CARTESIAN_POINT('Ctrl Pts',(9.91827986735433,8.,-9.95327707204185));
#14072=CARTESIAN_POINT('Ctrl Pts',(10.3039524331662,8.,-10.4129037379132));
#14073=CARTESIAN_POINT('',(10.3039524331662,8.,-10.4129037379132));
#14074=CARTESIAN_POINT('',(11.0699968762852,7.,-9.77011612822669));
#14075=CARTESIAN_POINT('Origin',(10.3039524331662,7.,-10.4129037379132));
#14076=CARTESIAN_POINT('Origin',(9.84432576729486,7.,-10.7985763037252));
#14077=CARTESIAN_POINT('Origin',(9.84432576729486,8.,-10.7985763037252));
#14078=CARTESIAN_POINT('Origin',(11.3966913696334,7.,-11.7151792912155));
#14079=CARTESIAN_POINT('',(12.9111575414964,8.,-13.5200497923957));
#14080=CARTESIAN_POINT('',(14.8624437734358,7.,-14.2897783426287));
#14081=CARTESIAN_POINT('Ctrl Pts',(12.9111575414964,8.,-13.5200497923957));
#14082=CARTESIAN_POINT('Ctrl Pts',(13.0665406764813,8.,-13.50112454266));
#14083=CARTESIAN_POINT('Ctrl Pts',(13.233876150068,7.97304588804521,-13.4986743091406));
#14084=CARTESIAN_POINT('Ctrl Pts',(13.5565472055512,7.88163666771548,-13.5308160487717));
#14085=CARTESIAN_POINT('Ctrl Pts',(13.7120322785978,7.81764573283558,-13.5652252523415));
#14086=CARTESIAN_POINT('Ctrl Pts',(14.2418877303232,7.55661545404427,-13.7345996567597));
#14087=CARTESIAN_POINT('Ctrl Pts',(14.6183765409112,7.25599450288113,-13.998910341433));
#14088=CARTESIAN_POINT('Ctrl Pts',(14.8624437734358,7.,-14.2897783426287));
#14089=CARTESIAN_POINT('',(12.1627358127523,7.,-11.072391681529));
#14090=CARTESIAN_POINT('',(11.3966913696334,8.,-11.7151792912155));
#14091=CARTESIAN_POINT('Origin',(11.5701769743577,8.,-13.7887999761416));
#14092=CARTESIAN_POINT('Origin',(13.1771459985741,8.,-15.703911083939));
#14093=CARTESIAN_POINT('Origin',(17.1078556191749,7.,-11.262865693043));
#14094=CARTESIAN_POINT('',(12.0439708952528,8.,-8.33923048454132));
#14095=CARTESIAN_POINT('',(11.5439708952528,7.,-9.20525588832576));
#14096=CARTESIAN_POINT('Origin',(12.0439708952528,7.,-8.33923048454132));
#14097=CARTESIAN_POINT('',(16.653520777581,7.,-12.1552558883258));
#14098=CARTESIAN_POINT('',(16.6078556191749,7.,-12.1288910968274));
#14099=CARTESIAN_POINT('',(15.5566488353139,8.,-10.367276038812));
#14100=CARTESIAN_POINT('Ctrl Pts',(16.653520777581,7.,-12.1552558883258));
#14101=CARTESIAN_POINT('Ctrl Pts',(16.3246898847442,7.25599450288113,-11.9654052838286));
#14102=CARTESIAN_POINT('Ctrl Pts',(15.9990180774034,7.55661545404427,-11.6405332529705));
#14103=CARTESIAN_POINT('Ctrl Pts',(15.7402084171516,7.81764573283558,-11.1481390528063));
#14104=CARTESIAN_POINT('Ctrl Pts',(15.6793222671121,7.88163666771548,-11.0009912428871));
#14105=CARTESIAN_POINT('Ctrl Pts',(15.5916375919575,7.97304588804521,-10.6888036402887));
#14106=CARTESIAN_POINT('Ctrl Pts',(15.5649931008768,8.,-10.523584889961));
#14107=CARTESIAN_POINT('Ctrl Pts',(15.5566488353139,8.,-10.367276038812));
#14108=CARTESIAN_POINT('',(17.1078556191749,8.,-11.262865693043));
#14109=CARTESIAN_POINT('Ctrl Pts',(11.5439708952528,7.,-9.20525588832576));
#14110=CARTESIAN_POINT('Ctrl Pts',(10.1583302491977,7.,-8.40525588832576));
#14111=CARTESIAN_POINT('Ctrl Pts',(10.9583302491977,7.,-7.01961524227066));
#14112=CARTESIAN_POINT('Ctrl Pts',(11.5439708952528,8.,-9.20525588832576));
#14113=CARTESIAN_POINT('Ctrl Pts',(10.1583302491977,8.,-8.40525588832576));
#14114=CARTESIAN_POINT('Ctrl Pts',(10.9583302491977,8.,-7.01961524227066));
#14115=CARTESIAN_POINT('Ctrl Pts',(12.0439708952528,8.,-8.33923048454132));
#14116=CARTESIAN_POINT('Ctrl Pts',(11.5243556529822,8.,-8.03923048454132));
#14117=CARTESIAN_POINT('Ctrl Pts',(11.8243556529821,8.,-7.51961524227066));
#14118=CARTESIAN_POINT('',(11.8243556529821,8.,-7.51961524227066));
#14119=CARTESIAN_POINT('',(10.9583302491977,7.,-7.01961524227066));
#14120=CARTESIAN_POINT('Origin',(11.8243556529821,7.,-7.51961524227066));
#14121=CARTESIAN_POINT('Origin',(12.3439708952528,7.,-7.81961524227066));
#14122=CARTESIAN_POINT('Origin',(12.3439708952528,8.,-7.81961524227066));
#14123=CARTESIAN_POINT('Origin',(11.9743556529821,7.,-7.25980762113534));
#14124=CARTESIAN_POINT('',(12.4243556529821,8.,-6.48038475772933));
#14125=CARTESIAN_POINT('',(11.5583302491977,7.,-5.98038475772934));
#14126=CARTESIAN_POINT('Origin',(12.4243556529821,7.,-6.48038475772933));
#14127=CARTESIAN_POINT('',(11.1083302491977,7.,-6.75980762113534));
#14128=CARTESIAN_POINT('',(11.9743556529821,8.,-7.25980762113534));
#14129=CARTESIAN_POINT('Ctrl Pts',(11.5583302491977,7.,-5.98038475772934));
#14130=CARTESIAN_POINT('Ctrl Pts',(12.3583302491977,7.,-4.59474411167424));
#14131=CARTESIAN_POINT('Ctrl Pts',(13.7439708952528,7.,-5.39474411167424));
#14132=CARTESIAN_POINT('Ctrl Pts',(11.5583302491977,8.,-5.98038475772934));
#14133=CARTESIAN_POINT('Ctrl Pts',(12.3583302491977,8.,-4.59474411167424));
#14134=CARTESIAN_POINT('Ctrl Pts',(13.7439708952528,8.,-5.39474411167424));
#14135=CARTESIAN_POINT('Ctrl Pts',(12.4243556529821,8.,-6.48038475772934));
#14136=CARTESIAN_POINT('Ctrl Pts',(12.7243556529821,8.,-5.96076951545868));
#14137=CARTESIAN_POINT('Ctrl Pts',(13.2439708952528,8.,-6.26076951545867));
#14138=CARTESIAN_POINT('',(13.2439708952528,8.,-6.26076951545867));
#14139=CARTESIAN_POINT('',(13.7439708952528,7.,-5.39474411167423));
#14140=CARTESIAN_POINT('Origin',(13.2439708952528,7.,-6.26076951545867));
#14141=CARTESIAN_POINT('Origin',(12.9439708952528,7.,-6.78038475772934));
#14142=CARTESIAN_POINT('Origin',(12.9439708952528,8.,-6.78038475772934));
#14143=CARTESIAN_POINT('Origin',(14.7162140816864,7.,-7.11076951545867));
#14144=CARTESIAN_POINT('',(16.7566488353139,8.,-8.28881506972938));
#14145=CARTESIAN_POINT('',(18.853520777581,7.,-8.34474411167423));
#14146=CARTESIAN_POINT('Ctrl Pts',(16.7566488353139,8.,-8.28881506972938));
#14147=CARTESIAN_POINT('Ctrl Pts',(16.8961884040267,8.,-8.2178869901083));
#14148=CARTESIAN_POINT('Ctrl Pts',(17.0525942845323,7.9730458880452,-8.1583524210913));
#14149=CARTESIAN_POINT('Ctrl Pts',(17.3667990167064,7.88163666771548,-8.07819577599849));
#14150=CARTESIAN_POINT('Ctrl Pts',(17.5246758332274,7.81764573283558,-8.05735082371178));
#14151=CARTESIAN_POINT('Ctrl Pts',(18.0805065493717,7.55661545404427,-8.03528946415257));
#14152=CARTESIAN_POINT('Ctrl Pts',(18.5246898847442,7.25599450288113,-8.15489350717705));
#14153=CARTESIAN_POINT('Ctrl Pts',(18.853520777581,7.,-8.34474411167423));
#14154=CARTESIAN_POINT('',(15.2162140816864,7.,-6.24474411167423));
#14155=CARTESIAN_POINT('',(14.7162140816864,8.,-7.11076951545867));
#14156=CARTESIAN_POINT('Origin',(15.5884572681199,8.,-9.));
#14157=CARTESIAN_POINT('Origin',(17.753520777581,8.,-10.25));
#14158=CARTESIAN_POINT('Origin',(19.9282526214018,7.,-4.73240054979022));
#14159=CARTESIAN_POINT('',(14.1698153807779,8.,-3.71703269755183));
#14160=CARTESIAN_POINT('',(13.996167203111,7.,-4.70184045056404));
#14161=CARTESIAN_POINT('Origin',(14.1698153807779,7.,-3.71703269755183));
#14162=CARTESIAN_POINT('',(19.806532945883,7.,-5.72636469879893));
#14163=CARTESIAN_POINT('',(19.7546044437348,7.,-5.71720830280243));
#14164=CARTESIAN_POINT('',(18.1642853513934,8.,-4.42136552700109));
#14165=CARTESIAN_POINT('Ctrl Pts',(19.806532945883,7.,-5.72636469879893));
#14166=CARTESIAN_POINT('Ctrl Pts',(19.4326002514373,7.25599450288113,-5.66043027579913));
#14167=CARTESIAN_POINT('Ctrl Pts',(19.0154560787246,7.55661545404427,-5.46653674392591));
#14168=CARTESIAN_POINT('Ctrl Pts',(18.6038458158849,7.81764573283558,-5.09235566460717));
#14169=CARTESIAN_POINT('Ctrl Pts',(18.496304034946,7.88163666771548,-4.9749062432244));
#14170=CARTESIAN_POINT('Ctrl Pts',(18.3071329441621,7.97304588804521,-4.71153578192561));
#14171=CARTESIAN_POINT('Ctrl Pts',(18.2255871718418,8.,-4.56539389408554));
#14172=CARTESIAN_POINT('Ctrl Pts',(18.1642853513934,8.,-4.42136552700109));
#14173=CARTESIAN_POINT('',(19.9282526214018,8.,-4.73240054979022));
#14174=CARTESIAN_POINT('Ctrl Pts',(13.996167203111,7.,-4.70184045056404));
#14175=CARTESIAN_POINT('Ctrl Pts',(12.4204747982915,7.,-4.42400336629696));
#14176=CARTESIAN_POINT('Ctrl Pts',(12.6983118825586,7.,-2.84831096147742));
#14177=CARTESIAN_POINT('Ctrl Pts',(13.996167203111,8.,-4.70184045056404));
#14178=CARTESIAN_POINT('Ctrl Pts',(12.4204747982915,8.,-4.42400336629696));
#14179=CARTESIAN_POINT('Ctrl Pts',(12.6983118825586,8.,-2.84831096147742));
#14180=CARTESIAN_POINT('Ctrl Pts',(14.1698153807779,8.,-3.71703269755183));
#14181=CARTESIAN_POINT('Ctrl Pts',(13.5789307289706,8.,-3.61284379095167));
#14182=CARTESIAN_POINT('Ctrl Pts',(13.6831196355708,8.,-3.02195913914435));
#14183=CARTESIAN_POINT('',(13.6831196355708,8.,-3.02195913914435));
#14184=CARTESIAN_POINT('',(12.6983118825585,7.,-2.84831096147742));
#14185=CARTESIAN_POINT('Origin',(13.6831196355708,7.,-3.02195913914435));
#14186=CARTESIAN_POINT('Origin',(14.2740042873781,7.,-3.12614804574451));
#14187=CARTESIAN_POINT('Origin',(14.2740042873781,8.,-3.12614804574451));
#14188=CARTESIAN_POINT('Origin',(13.7352140888708,7.,-2.72651681324069));
#14189=CARTESIAN_POINT('',(13.8914974487711,8.,-1.8401898355297));
#14190=CARTESIAN_POINT('',(12.9066896957589,7.,-1.66654165786277));
#14191=CARTESIAN_POINT('Origin',(13.8914974487711,7.,-1.8401898355297));
#14192=CARTESIAN_POINT('',(12.7504063358586,7.,-2.55286863557377));
#14193=CARTESIAN_POINT('',(13.7352140888708,8.,-2.72651681324069));
#14194=CARTESIAN_POINT('Ctrl Pts',(12.9066896957589,7.,-1.66654165786277));
#14195=CARTESIAN_POINT('Ctrl Pts',(13.184526780026,7.,-0.090849253043242));
#14196=CARTESIAN_POINT('Ctrl Pts',(14.7602191848455,7.,-0.36868633731033));
#14197=CARTESIAN_POINT('Ctrl Pts',(12.9066896957589,8.,-1.66654165786277));
#14198=CARTESIAN_POINT('Ctrl Pts',(13.184526780026,8.,-0.090849253043242));
#14199=CARTESIAN_POINT('Ctrl Pts',(14.7602191848455,8.,-0.36868633731033));
#14200=CARTESIAN_POINT('Ctrl Pts',(13.8914974487711,8.,-1.8401898355297));
#14201=CARTESIAN_POINT('Ctrl Pts',(13.9956863553712,8.,-1.24930518372238));
#14202=CARTESIAN_POINT('Ctrl Pts',(14.5865710071786,8.,-1.35349409032254));
#14203=CARTESIAN_POINT('',(14.5865710071786,8.,-1.35349409032254));
#14204=CARTESIAN_POINT('',(14.7602191848455,7.,-0.368686337310327));
#14205=CARTESIAN_POINT('Origin',(14.5865710071786,7.,-1.35349409032254));
#14206=CARTESIAN_POINT('Origin',(14.4823821005784,7.,-1.94437874212986));
#14207=CARTESIAN_POINT('Origin',(14.4823821005784,8.,-1.94437874212986));
#14208=CARTESIAN_POINT('Origin',(16.2607441872993,7.,-1.64869599235632));
#14209=CARTESIAN_POINT('',(18.581040977794,8.,-2.05782691977179));
#14210=CARTESIAN_POINT('',(20.5705849276175,7.,-1.39321058554521));
#14211=CARTESIAN_POINT('Ctrl Pts',(18.581040977794,8.,-2.05782691977179));
#14212=CARTESIAN_POINT('Ctrl Pts',(18.6879064488633,8.,-1.94345098345458));
#14213=CARTESIAN_POINT('Ctrl Pts',(18.8145178787939,7.97304588804521,-1.83401282660013));
#14214=CARTESIAN_POINT('Ctrl Pts',(19.0823585597908,7.88163666771548,-1.65122587116768));
#14215=CARTESIAN_POINT('Ctrl Pts',(19.2235848457,7.81764573283558,-1.57764097190891));
#14216=CARTESIAN_POINT('Ctrl Pts',(19.7383494387086,7.55661545404427,-1.36680477392613));
#14217=CARTESIAN_POINT('Ctrl Pts',(20.1966522331718,7.25599450288113,-1.32727616254541));
#14218=CARTESIAN_POINT('Ctrl Pts',(20.5705849276175,7.,-1.39321058554521));
#14219=CARTESIAN_POINT('',(16.4343923649662,7.,-0.663888239344108));
#14220=CARTESIAN_POINT('',(16.2607441872993,8.,-1.64869599235632));
#14221=CARTESIAN_POINT('Origin',(17.7265395542197,8.,-3.12566719800475));
#14222=CARTESIAN_POINT('Origin',(20.1885589367503,8.,-3.55978764217207));
#14223=CARTESIAN_POINT('Origin',(20.3450082478024,7.,2.36886194256092));
#14224=CARTESIAN_POINT('',(14.5865710071786,8.,1.35349409032253));
#14225=CARTESIAN_POINT('',(14.7602191848455,7.,0.368686337310325));
#14226=CARTESIAN_POINT('Origin',(14.5865710071786,7.,1.35349409032253));
#14227=CARTESIAN_POINT('',(20.5705849276175,7.,1.39321058554522));
#14228=CARTESIAN_POINT('',(20.5186564254693,7.,1.38405418954871));
#14229=CARTESIAN_POINT('',(18.581040977794,8.,2.05782691977179));
#14230=CARTESIAN_POINT('Ctrl Pts',(20.5705849276175,7.,1.39321058554521));
#14231=CARTESIAN_POINT('Ctrl Pts',(20.1966522331718,7.25599450288113,1.32727616254541));
#14232=CARTESIAN_POINT('Ctrl Pts',(19.7383494387086,7.55661545404427,1.36680477392613));
#14233=CARTESIAN_POINT('Ctrl Pts',(19.2235848457,7.81764573283558,1.57764097190891));
#14234=CARTESIAN_POINT('Ctrl Pts',(19.0823585597908,7.88163666771548,1.65122587116768));
#14235=CARTESIAN_POINT('Ctrl Pts',(18.8145178787939,7.97304588804521,1.83401282660013));
#14236=CARTESIAN_POINT('Ctrl Pts',(18.6879064488633,8.,1.94345098345458));
#14237=CARTESIAN_POINT('Ctrl Pts',(18.581040977794,8.,2.05782691977179));
#14238=CARTESIAN_POINT('',(20.3450082478024,8.,2.36886194256092));
#14239=CARTESIAN_POINT('Ctrl Pts',(14.7602191848455,7.,0.368686337310329));
#14240=CARTESIAN_POINT('Ctrl Pts',(13.184526780026,7.,0.0908492530432395));
#14241=CARTESIAN_POINT('Ctrl Pts',(12.9066896957589,7.,1.66654165786277));
#14242=CARTESIAN_POINT('Ctrl Pts',(14.7602191848455,8.,0.368686337310329));
#14243=CARTESIAN_POINT('Ctrl Pts',(13.184526780026,8.,0.0908492530432395));
#14244=CARTESIAN_POINT('Ctrl Pts',(12.9066896957589,8.,1.66654165786277));
#14245=CARTESIAN_POINT('Ctrl Pts',(14.5865710071786,8.,1.35349409032254));
#14246=CARTESIAN_POINT('Ctrl Pts',(13.9956863553712,8.,1.24930518372238));
#14247=CARTESIAN_POINT('Ctrl Pts',(13.8914974487711,8.,1.8401898355297));
#14248=CARTESIAN_POINT('',(13.8914974487711,8.,1.8401898355297));
#14249=CARTESIAN_POINT('',(12.9066896957589,7.,1.66654165786277));
#14250=CARTESIAN_POINT('Origin',(13.8914974487711,7.,1.8401898355297));
#14251=CARTESIAN_POINT('Origin',(14.4823821005784,7.,1.94437874212986));
#14252=CARTESIAN_POINT('Origin',(14.4823821005784,8.,1.94437874212986));
#14253=CARTESIAN_POINT('Origin',(13.839402995471,7.,2.13563216143336));
#14254=CARTESIAN_POINT('',(13.6831196355708,8.,3.02195913914435));
#14255=CARTESIAN_POINT('',(12.6983118825585,7.,2.84831096147742));
#14256=CARTESIAN_POINT('Origin',(13.6831196355708,7.,3.02195913914435));
#14257=CARTESIAN_POINT('',(12.8545952424588,7.,1.96198398376642));
#14258=CARTESIAN_POINT('',(13.839402995471,8.,2.13563216143336));
#14259=CARTESIAN_POINT('Ctrl Pts',(12.6983118825586,7.,2.84831096147742));
#14260=CARTESIAN_POINT('Ctrl Pts',(12.4204747982915,7.,4.42400336629696));
#14261=CARTESIAN_POINT('Ctrl Pts',(13.996167203111,7.,4.70184045056404));
#14262=CARTESIAN_POINT('Ctrl Pts',(12.6983118825586,8.,2.84831096147742));
#14263=CARTESIAN_POINT('Ctrl Pts',(12.4204747982915,8.,4.42400336629696));
#14264=CARTESIAN_POINT('Ctrl Pts',(13.996167203111,8.,4.70184045056404));
#14265=CARTESIAN_POINT('Ctrl Pts',(13.6831196355708,8.,3.02195913914435));
#14266=CARTESIAN_POINT('Ctrl Pts',(13.5789307289706,8.,3.61284379095167));
#14267=CARTESIAN_POINT('Ctrl Pts',(14.1698153807779,8.,3.71703269755183));
#14268=CARTESIAN_POINT('',(14.1698153807779,8.,3.71703269755183));
#14269=CARTESIAN_POINT('',(13.996167203111,7.,4.70184045056404));
#14270=CARTESIAN_POINT('Origin',(14.1698153807779,7.,3.71703269755183));
#14271=CARTESIAN_POINT('Origin',(14.2740042873781,7.,3.12614804574451));
#14272=CARTESIAN_POINT('Origin',(14.2740042873781,8.,3.12614804574451));
#14273=CARTESIAN_POINT('Origin',(15.8439885608987,7.,4.01223459958562));
#14274=CARTESIAN_POINT('',(18.1642853513934,8.,4.42136552700109));
#14275=CARTESIAN_POINT('',(19.806532945883,7.,5.72636469879893));
#14276=CARTESIAN_POINT('Ctrl Pts',(18.1642853513934,8.,4.42136552700109));
#14277=CARTESIAN_POINT('Ctrl Pts',(18.2255871718418,8.,4.56539389408554));
#14278=CARTESIAN_POINT('Ctrl Pts',(18.3071329441621,7.97304588804521,4.71153578192561));
#14279=CARTESIAN_POINT('Ctrl Pts',(18.496304034946,7.88163666771548,4.9749062432244));
#14280=CARTESIAN_POINT('Ctrl Pts',(18.6038458158849,7.81764573283558,5.09235566460717));
#14281=CARTESIAN_POINT('Ctrl Pts',(19.0154560787246,7.55661545404427,5.46653674392591));
#14282=CARTESIAN_POINT('Ctrl Pts',(19.4326002514373,7.25599450288113,5.66043027579913));
#14283=CARTESIAN_POINT('Ctrl Pts',(19.806532945883,7.,5.72636469879893));
#14284=CARTESIAN_POINT('',(15.6703403832317,7.,4.99704235259782));
#14285=CARTESIAN_POINT('',(15.8439885608987,8.,4.01223459958562));
#14286=CARTESIAN_POINT('Origin',(17.7265395542197,8.,3.12566719800475));
#14287=CARTESIAN_POINT('Origin',(20.1885589367503,8.,3.55978764217207));
#14288=CARTESIAN_POINT('Origin',(18.3078556191749,7.,9.18440472396035));
#14289=CARTESIAN_POINT('',(13.2439708952528,8.,6.26076951545867));
#14290=CARTESIAN_POINT('',(13.7439708952528,7.,5.39474411167424));
#14291=CARTESIAN_POINT('Origin',(13.2439708952528,7.,6.26076951545867));
#14292=CARTESIAN_POINT('',(18.853520777581,7.,8.34474411167424));
#14293=CARTESIAN_POINT('',(18.8078556191749,7.,8.31837932017591));
#14294=CARTESIAN_POINT('',(16.7566488353139,8.,8.28881506972939));
#14295=CARTESIAN_POINT('Ctrl Pts',(18.853520777581,7.,8.34474411167424));
#14296=CARTESIAN_POINT('Ctrl Pts',(18.5246898847442,7.25599450288113,8.15489350717706));
#14297=CARTESIAN_POINT('Ctrl Pts',(18.0805065493717,7.55661545404427,8.03528946415258));
#14298=CARTESIAN_POINT('Ctrl Pts',(17.5246758332274,7.81764573283558,8.05735082371179));
#14299=CARTESIAN_POINT('Ctrl Pts',(17.3667990167064,7.88163666771548,8.0781957759985));
#14300=CARTESIAN_POINT('Ctrl Pts',(17.0525942845323,7.97304588804521,8.15835242109131));
#14301=CARTESIAN_POINT('Ctrl Pts',(16.8961884040267,8.,8.21788699010831));
#14302=CARTESIAN_POINT('Ctrl Pts',(16.7566488353139,8.,8.28881506972939));
#14303=CARTESIAN_POINT('',(18.3078556191749,8.,9.18440472396035));
#14304=CARTESIAN_POINT('Ctrl Pts',(13.7439708952528,7.,5.39474411167424));
#14305=CARTESIAN_POINT('Ctrl Pts',(12.3583302491977,7.,4.59474411167424));
#14306=CARTESIAN_POINT('Ctrl Pts',(11.5583302491977,7.,5.98038475772934));
#14307=CARTESIAN_POINT('Ctrl Pts',(13.7439708952528,8.,5.39474411167424));
#14308=CARTESIAN_POINT('Ctrl Pts',(12.3583302491977,8.,4.59474411167424));
#14309=CARTESIAN_POINT('Ctrl Pts',(11.5583302491977,8.,5.98038475772934));
#14310=CARTESIAN_POINT('Ctrl Pts',(13.2439708952528,8.,6.26076951545868));
#14311=CARTESIAN_POINT('Ctrl Pts',(12.7243556529821,8.,5.96076951545868));
#14312=CARTESIAN_POINT('Ctrl Pts',(12.4243556529821,8.,6.48038475772934));
#14313=CARTESIAN_POINT('',(12.4243556529821,8.,6.48038475772934));
#14314=CARTESIAN_POINT('',(11.5583302491977,7.,5.98038475772934));
#14315=CARTESIAN_POINT('Origin',(12.4243556529821,7.,6.48038475772934));
#14316=CARTESIAN_POINT('Origin',(12.9439708952528,7.,6.78038475772934));
#14317=CARTESIAN_POINT('Origin',(12.9439708952528,8.,6.78038475772934));
#14318=CARTESIAN_POINT('Origin',(12.2743556529821,7.,6.74019237886467));
#14319=CARTESIAN_POINT('',(11.8243556529821,8.,7.51961524227067));
#14320=CARTESIAN_POINT('',(10.9583302491977,7.,7.01961524227066));
#14321=CARTESIAN_POINT('Origin',(11.8243556529821,7.,7.51961524227067));
#14322=CARTESIAN_POINT('',(11.4083302491977,7.,6.24019237886466));
#14323=CARTESIAN_POINT('',(12.2743556529821,8.,6.74019237886467));
#14324=CARTESIAN_POINT('Ctrl Pts',(10.9583302491977,7.,7.01961524227066));
#14325=CARTESIAN_POINT('Ctrl Pts',(10.1583302491977,7.,8.40525588832577));
#14326=CARTESIAN_POINT('Ctrl Pts',(11.5439708952528,7.,9.20525588832577));
#14327=CARTESIAN_POINT('Ctrl Pts',(10.9583302491977,8.,7.01961524227066));
#14328=CARTESIAN_POINT('Ctrl Pts',(10.1583302491977,8.,8.40525588832577));
#14329=CARTESIAN_POINT('Ctrl Pts',(11.5439708952528,8.,9.20525588832577));
#14330=CARTESIAN_POINT('Ctrl Pts',(11.8243556529821,8.,7.51961524227067));
#14331=CARTESIAN_POINT('Ctrl Pts',(11.5243556529821,8.,8.03923048454133));
#14332=CARTESIAN_POINT('Ctrl Pts',(12.0439708952528,8.,8.33923048454133));
#14333=CARTESIAN_POINT('',(12.0439708952528,8.,8.33923048454133));
#14334=CARTESIAN_POINT('',(11.5439708952528,7.,9.20525588832577));
#14335=CARTESIAN_POINT('Origin',(12.0439708952528,7.,8.33923048454133));
#14336=CARTESIAN_POINT('Origin',(12.3439708952528,7.,7.81961524227067));
#14337=CARTESIAN_POINT('Origin',(12.3439708952528,8.,7.81961524227067));
#14338=CARTESIAN_POINT('Origin',(13.5162140816863,7.,9.18923048454133));
#14339=CARTESIAN_POINT('',(15.5566488353139,8.,10.367276038812));
#14340=CARTESIAN_POINT('',(16.653520777581,7.,12.1552558883258));
#14341=CARTESIAN_POINT('Ctrl Pts',(15.5566488353139,8.,10.367276038812));
#14342=CARTESIAN_POINT('Ctrl Pts',(15.5649931008768,8.,10.523584889961));
#14343=CARTESIAN_POINT('Ctrl Pts',(15.5916375919575,7.97304588804521,10.6888036402887));
#14344=CARTESIAN_POINT('Ctrl Pts',(15.679322267112,7.88163666771548,11.0009912428871));
#14345=CARTESIAN_POINT('Ctrl Pts',(15.7402084171516,7.81764573283558,11.1481390528063));
#14346=CARTESIAN_POINT('Ctrl Pts',(15.9990180774034,7.55661545404427,11.6405332529705));
#14347=CARTESIAN_POINT('Ctrl Pts',(16.3246898847442,7.25599450288113,11.9654052838286));
#14348=CARTESIAN_POINT('Ctrl Pts',(16.653520777581,7.,12.1552558883258));
#14349=CARTESIAN_POINT('',(13.0162140816863,7.,10.0552558883258));
#14350=CARTESIAN_POINT('',(13.5162140816863,8.,9.18923048454133));
#14351=CARTESIAN_POINT('Origin',(15.5884572681199,8.,9.));
#14352=CARTESIAN_POINT('Origin',(17.753520777581,8.,10.25));
#14353=CARTESIAN_POINT('Origin',(14.0625054077026,7.,14.8921727482726));
#14354=CARTESIAN_POINT('',(10.3039524331662,8.,10.4129037379132));
#14355=CARTESIAN_POINT('',(11.0699968762852,7.,9.7701161282267));
#14356=CARTESIAN_POINT('Origin',(10.3039524331662,7.,10.4129037379132));
#14357=CARTESIAN_POINT('',(14.8624437734358,7.,14.2897783426287));
#14358=CARTESIAN_POINT('',(14.8285498508216,7.,14.2493851385861));
#14359=CARTESIAN_POINT('',(12.9111575414964,8.,13.5200497923957));
#14360=CARTESIAN_POINT('Ctrl Pts',(14.8624437734358,7.,14.2897783426287));
#14361=CARTESIAN_POINT('Ctrl Pts',(14.6183765409112,7.25599450288113,13.998910341433));
#14362=CARTESIAN_POINT('Ctrl Pts',(14.2418877303232,7.55661545404427,13.7345996567597));
#14363=CARTESIAN_POINT('Ctrl Pts',(13.7120322785978,7.81764573283557,13.5652252523415));
#14364=CARTESIAN_POINT('Ctrl Pts',(13.5565472055512,7.88163666771548,13.5308160487717));
#14365=CARTESIAN_POINT('Ctrl Pts',(13.233876150068,7.9730458880452,13.4986743091406));
#14366=CARTESIAN_POINT('Ctrl Pts',(13.0665406764813,8.,13.50112454266));
#14367=CARTESIAN_POINT('Ctrl Pts',(12.9111575414964,8.,13.5200497923957));
#14368=CARTESIAN_POINT('',(14.0625054077026,8.,14.8921727482726));
#14369=CARTESIAN_POINT('Ctrl Pts',(11.0699968762852,7.,9.7701161282267));
#14370=CARTESIAN_POINT('Ctrl Pts',(10.0415367007868,7.,8.54444501923634));
#14371=CARTESIAN_POINT('Ctrl Pts',(8.8158655917964,7.,9.5729051947348));
#14372=CARTESIAN_POINT('Ctrl Pts',(11.0699968762852,8.,9.7701161282267));
#14373=CARTESIAN_POINT('Ctrl Pts',(10.0415367007868,8.,8.54444501923634));
#14374=CARTESIAN_POINT('Ctrl Pts',(8.8158655917964,8.,9.5729051947348));
#14375=CARTESIAN_POINT('Ctrl Pts',(10.3039524331662,8.,10.4129037379132));
#14376=CARTESIAN_POINT('Ctrl Pts',(9.91827986735433,8.,9.95327707204186));
#14377=CARTESIAN_POINT('Ctrl Pts',(9.45865320148294,8.,10.3389496378538));
#14378=CARTESIAN_POINT('',(9.45865320148294,8.,10.3389496378538));
#14379=CARTESIAN_POINT('',(8.8158655917964,7.,9.57290519473479));
#14380=CARTESIAN_POINT('Origin',(9.45865320148294,7.,10.3389496378538));
#14381=CARTESIAN_POINT('Origin',(9.84432576729486,7.,10.7985763037252));
#14382=CARTESIAN_POINT('Origin',(9.84432576729486,8.,10.7985763037252));
#14383=CARTESIAN_POINT('Origin',(9.22883986854725,7.,10.5317859207597));
#14384=CARTESIAN_POINT('',(8.53939986974016,8.,11.1102947694776));
#14385=CARTESIAN_POINT('',(7.89661226005363,7.,10.3442503263586));
#14386=CARTESIAN_POINT('Origin',(8.53939986974016,7.,11.1102947694776));
#14387=CARTESIAN_POINT('',(8.58605225886071,7.,9.76574147764075));
#14388=CARTESIAN_POINT('',(9.22883986854725,8.,10.5317859207597));
#14389=CARTESIAN_POINT('Ctrl Pts',(7.89661226005363,7.,10.3442503263586));
#14390=CARTESIAN_POINT('Ctrl Pts',(6.67094115106327,7.,11.3727105018571));
#14391=CARTESIAN_POINT('Ctrl Pts',(7.69940132656173,7.,12.5983816108475));
#14392=CARTESIAN_POINT('Ctrl Pts',(7.89661226005363,8.,10.3442503263586));
#14393=CARTESIAN_POINT('Ctrl Pts',(6.67094115106327,8.,11.3727105018571));
#14394=CARTESIAN_POINT('Ctrl Pts',(7.69940132656173,8.,12.5983816108475));
#14395=CARTESIAN_POINT('Ctrl Pts',(8.53939986974017,8.,11.1102947694776));
#14396=CARTESIAN_POINT('Ctrl Pts',(8.07977320386879,8.,11.4959673352895));
#14397=CARTESIAN_POINT('Ctrl Pts',(8.46544576968071,8.,11.9555940011609));
#14398=CARTESIAN_POINT('',(8.46544576968071,8.,11.9555940011609));
#14399=CARTESIAN_POINT('',(7.69940132656173,7.,12.5983816108475));
#14400=CARTESIAN_POINT('Origin',(8.46544576968071,7.,11.9555940011609));
#14401=CARTESIAN_POINT('Origin',(8.92507243555209,7.,11.569921435349));
#14402=CARTESIAN_POINT('Origin',(8.92507243555209,8.,11.569921435349));
#14403=CARTESIAN_POINT('Origin',(9.55818470614782,7.,13.2578695544632));
#14404=CARTESIAN_POINT('',(11.0726508780109,8.,15.0627400556434));
#14405=CARTESIAN_POINT('',(11.4918482237123,7.,17.1180438252494));
#14406=CARTESIAN_POINT('Ctrl Pts',(11.0726508780109,8.,15.0627400556434));
#14407=CARTESIAN_POINT('Ctrl Pts',(11.0270311471132,8.,15.2124762365354));
#14408=CARTESIAN_POINT('Ctrl Pts',(10.9955606380992,7.97304588804521,15.376844029692));
#14409=CARTESIAN_POINT('Ctrl Pts',(10.9711828317127,7.88163666771548,15.7001943413184));
#14410=CARTESIAN_POINT('Ctrl Pts',(10.9780695825743,7.81764573283558,15.8592923422273));
#14411=CARTESIAN_POINT('Ctrl Pts',(11.0528623755882,7.55661545404427,16.4105096557329));
#14412=CARTESIAN_POINT('Ctrl Pts',(11.2477809911877,7.25599450288113,16.8271758240537));
#14413=CARTESIAN_POINT('Ctrl Pts',(11.4918482237123,7.,17.1180438252494));
#14414=CARTESIAN_POINT('',(8.79214026302884,7.,13.9006571641497));
#14415=CARTESIAN_POINT('',(9.55818470614782,8.,13.2578695544632));
#14416=CARTESIAN_POINT('Origin',(11.5701769743577,8.,13.7887999761416));
#14417=CARTESIAN_POINT('Origin',(13.1771459985741,8.,15.7039110839391));
#14418=CARTESIAN_POINT('Origin',(8.12100950358528,7.,18.8037249540813));
#14419=CARTESIAN_POINT('',(6.12112523749785,8.,13.3090880914835));
#14420=CARTESIAN_POINT('',(7.06081785828376,7.,12.9670679481578));
#14421=CARTESIAN_POINT('Origin',(6.12112523749785,7.,13.3090880914835));
#14422=CARTESIAN_POINT('',(9.07873670390521,7.,18.5112544107946));
#14423=CARTESIAN_POINT('',(9.06070212437119,7.,18.4617048107556));
#14424=CARTESIAN_POINT('',(7.50839009978316,8.,17.1205669754152));
#14425=CARTESIAN_POINT('Ctrl Pts',(9.07873670390521,7.,18.5112544107946));
#14426=CARTESIAN_POINT('Ctrl Pts',(8.94887124198403,7.25599450288113,18.1544519865992));
#14427=CARTESIAN_POINT('Ctrl Pts',(8.68548706312042,7.55661545404427,17.777314429659));
#14428=CARTESIAN_POINT('Ctrl Pts',(8.24551526312572,7.81764573283558,17.4369333141362));
#14429=CARTESIAN_POINT('Ctrl Pts',(8.1111757280781,7.88163666771548,17.3514202124861));
#14430=CARTESIAN_POINT('Ctrl Pts',(7.81895724069475,7.97304588804521,17.2108568562921));
#14431=CARTESIAN_POINT('Ctrl Pts',(7.66087530175014,8.,17.15592721999));
#14432=CARTESIAN_POINT('Ctrl Pts',(7.50839009978316,8.,17.1205669754152));
#14433=CARTESIAN_POINT('',(8.12100950358528,8.,18.8037249540813));
#14434=CARTESIAN_POINT('Ctrl Pts',(7.06081785828376,7.,12.9670679481578));
#14435=CARTESIAN_POINT('Ctrl Pts',(6.51358562896269,7.,11.4635597549003));
#14436=CARTESIAN_POINT('Ctrl Pts',(5.01007743570524,7.,12.0107919842214));
#14437=CARTESIAN_POINT('Ctrl Pts',(7.06081785828376,8.,12.9670679481578));
#14438=CARTESIAN_POINT('Ctrl Pts',(6.51358562896269,8.,11.4635597549003));
#14439=CARTESIAN_POINT('Ctrl Pts',(5.01007743570524,8.,12.0107919842214));
#14440=CARTESIAN_POINT('Ctrl Pts',(6.12112523749785,8.,13.3090880914835));
#14441=CARTESIAN_POINT('Ctrl Pts',(5.91591315150245,8.,12.7452725190119));
#14442=CARTESIAN_POINT('Ctrl Pts',(5.35209757903091,8.,12.9504846050073));
#14443=CARTESIAN_POINT('',(5.35209757903091,8.,12.9504846050073));
#14444=CARTESIAN_POINT('',(5.01007743570524,7.,12.0107919842214));
#14445=CARTESIAN_POINT('Origin',(5.35209757903091,7.,12.9504846050073));
#14446=CARTESIAN_POINT('Origin',(5.55730966502631,7.,13.5143001774789));
#14447=CARTESIAN_POINT('Origin',(5.55730966502631,8.,13.5143001774789));
#14448=CARTESIAN_POINT('Origin',(5.07018979279514,7.,13.053090648005));
#14449=CARTESIAN_POINT('',(4.22446643408782,8.,13.3609087769981));
#14450=CARTESIAN_POINT('',(3.88244629076215,7.,12.4212161562122));
#14451=CARTESIAN_POINT('Origin',(4.22446643408782,7.,13.3609087769981));
#14452=CARTESIAN_POINT('',(4.72816964946948,7.,12.1133980272191));
#14453=CARTESIAN_POINT('',(5.07018979279514,8.,13.053090648005));
#14454=CARTESIAN_POINT('Ctrl Pts',(3.88244629076215,7.,12.4212161562122));
#14455=CARTESIAN_POINT('Ctrl Pts',(2.3789380975047,7.,12.9684483855333));
#14456=CARTESIAN_POINT('Ctrl Pts',(2.92617032682577,7.,14.4719565787907));
#14457=CARTESIAN_POINT('Ctrl Pts',(3.88244629076215,8.,12.4212161562122));
#14458=CARTESIAN_POINT('Ctrl Pts',(2.3789380975047,8.,12.9684483855333));
#14459=CARTESIAN_POINT('Ctrl Pts',(2.92617032682577,8.,14.4719565787907));
#14460=CARTESIAN_POINT('Ctrl Pts',(4.22446643408782,8.,13.3609087769981));
#14461=CARTESIAN_POINT('Ctrl Pts',(3.66065086161628,8.,13.5661208629935));
#14462=CARTESIAN_POINT('Ctrl Pts',(3.86586294761168,8.,14.1299364354651));
#14463=CARTESIAN_POINT('',(3.86586294761168,8.,14.1299364354651));
#14464=CARTESIAN_POINT('',(2.92617032682577,7.,14.4719565787907));
#14465=CARTESIAN_POINT('Origin',(3.86586294761168,7.,14.1299364354651));
#14466=CARTESIAN_POINT('Origin',(4.42967852008322,7.,13.9247243494697));
#14467=CARTESIAN_POINT('Origin',(4.42967852008322,8.,13.9247243494697));
#14468=CARTESIAN_POINT('Origin',(4.44729719126531,7.,15.7274138908011));
#14469=CARTESIAN_POINT('',(5.25312780989698,8.,17.9414153193968));
#14470=CARTESIAN_POINT('',(4.94408917244721,7.,20.0161430414276));
#14471=CARTESIAN_POINT('Ctrl Pts',(5.25312780989698,8.,17.9414153193968));
#14472=CARTESIAN_POINT('Ctrl Pts',(5.15904649536046,8.,18.0665184367455));
#14473=CARTESIAN_POINT('Ctrl Pts',(5.07325679409409,7.97304588804521,18.2102100910662));
#14474=CARTESIAN_POINT('Ctrl Pts',(4.93975682939488,7.88163666771548,18.5057222919961));
#14475=CARTESIAN_POINT('Ctrl Pts',(4.89181353728704,7.81764573283558,18.6575809169487));
#14476=CARTESIAN_POINT('Ctrl Pts',(4.77356834840137,7.55661545404427,19.2011364006856));
#14477=CARTESIAN_POINT('Ctrl Pts',(4.81422371052603,7.25599450288113,19.6593406172321));
#14478=CARTESIAN_POINT('Ctrl Pts',(4.94408917244721,7.,20.0161430414276));
#14479=CARTESIAN_POINT('',(3.5076045704794,7.,16.0694340341268));
#14480=CARTESIAN_POINT('',(4.44729719126531,8.,15.7274138908011));
#14481=CARTESIAN_POINT('Origin',(6.15636257986204,8.,16.9144671741464));
#14482=CARTESIAN_POINT('Origin',(7.01141293817621,8.,19.2636987261111));
#14483=CARTESIAN_POINT('Origin',(1.2,7.,20.4472704170034));
#14484=CARTESIAN_POINT('',(1.2,8.,14.6));
#14485=CARTESIAN_POINT('',(2.2,7.,14.6));
#14486=CARTESIAN_POINT('Origin',(1.2,7.,14.6));
#14487=CARTESIAN_POINT('',(2.2,7.,20.5));
#14488=CARTESIAN_POINT('',(2.2,7.,20.4472704170034));
#14489=CARTESIAN_POINT('',(1.2,8.,18.6560911085414));
#14490=CARTESIAN_POINT('Ctrl Pts',(2.2,7.,20.5));
#14491=CARTESIAN_POINT('Ctrl Pts',(2.2,7.25599450288113,20.1202987910056));
#14492=CARTESIAN_POINT('Ctrl Pts',(2.08148847196827,7.55661545404427,19.6758227171231));
#14493=CARTESIAN_POINT('Ctrl Pts',(1.78446741607582,7.81764573283558,19.205489876518));
#14494=CARTESIAN_POINT('Ctrl Pts',(1.68747674959436,7.88163666771548,19.0791870188856));
#14495=CARTESIAN_POINT('Ctrl Pts',(1.4609566925748,7.97304588804521,18.84715606138));
#14496=CARTESIAN_POINT('Ctrl Pts',(1.33119530314992,8.,18.7414718800693));
#14497=CARTESIAN_POINT('Ctrl Pts',(1.2,8.,18.6560911085414));
#14498=CARTESIAN_POINT('',(1.2,8.,20.4472704170034));
#14499=CARTESIAN_POINT('Ctrl Pts',(2.2,7.,14.6));
#14500=CARTESIAN_POINT('Ctrl Pts',(2.2,7.,13.));
#14501=CARTESIAN_POINT('Ctrl Pts',(0.600000000000002,7.,13.));
#14502=CARTESIAN_POINT('Ctrl Pts',(2.2,8.,14.6));
#14503=CARTESIAN_POINT('Ctrl Pts',(2.2,8.,13.));
#14504=CARTESIAN_POINT('Ctrl Pts',(0.600000000000002,8.,13.));
#14505=CARTESIAN_POINT('Ctrl Pts',(1.2,8.,14.6));
#14506=CARTESIAN_POINT('Ctrl Pts',(1.2,8.,14.));
#14507=CARTESIAN_POINT('Ctrl Pts',(0.600000000000002,8.,14.));
#14508=CARTESIAN_POINT('',(0.600000000000002,8.,14.));
#14509=CARTESIAN_POINT('',(0.600000000000002,7.,13.));
#14510=CARTESIAN_POINT('Origin',(0.600000000000002,7.,14.));
#14511=CARTESIAN_POINT('Origin',(0.600000000000002,7.,14.6));
#14512=CARTESIAN_POINT('Origin',(0.600000000000002,8.,14.6));
#14513=CARTESIAN_POINT('Origin',(0.300000000000007,7.,14.));
#14514=CARTESIAN_POINT('',(-0.600000000000002,8.,14.));
#14515=CARTESIAN_POINT('',(-0.599999999999998,7.,13.));
#14516=CARTESIAN_POINT('Origin',(-0.600000000000002,7.,14.));
#14517=CARTESIAN_POINT('',(0.30000000000001,7.,13.));
#14518=CARTESIAN_POINT('',(0.300000000000007,8.,14.));
#14519=CARTESIAN_POINT('Ctrl Pts',(-0.599999999999999,7.,13.));
#14520=CARTESIAN_POINT('Ctrl Pts',(-2.2,7.,13.));
#14521=CARTESIAN_POINT('Ctrl Pts',(-2.2,7.,14.6));
#14522=CARTESIAN_POINT('Ctrl Pts',(-0.599999999999999,8.,13.));
#14523=CARTESIAN_POINT('Ctrl Pts',(-2.2,8.,13.));
#14524=CARTESIAN_POINT('Ctrl Pts',(-2.2,8.,14.6));
#14525=CARTESIAN_POINT('Ctrl Pts',(-0.599999999999999,8.,14.));
#14526=CARTESIAN_POINT('Ctrl Pts',(-1.19999999999999,8.,14.));
#14527=CARTESIAN_POINT('Ctrl Pts',(-1.19999999999999,8.,14.6));
#14528=CARTESIAN_POINT('',(-1.2,8.,14.6));
#14529=CARTESIAN_POINT('',(-2.2,7.,14.6));
#14530=CARTESIAN_POINT('Origin',(-1.2,7.,14.6));
#14531=CARTESIAN_POINT('Origin',(-0.599999999999999,7.,14.6));
#14532=CARTESIAN_POINT('Origin',(-0.599999999999999,8.,14.6));
#14533=CARTESIAN_POINT('Origin',(-1.2,7.,16.3));
#14534=CARTESIAN_POINT('',(-1.2,8.,18.6560911085414));
#14535=CARTESIAN_POINT('',(-2.2,7.,20.5));
#14536=CARTESIAN_POINT('Ctrl Pts',(-1.2,8.,18.6560911085414));
#14537=CARTESIAN_POINT('Ctrl Pts',(-1.33119530314992,8.,18.7414718800693));
#14538=CARTESIAN_POINT('Ctrl Pts',(-1.4609566925748,7.97304588804521,18.84715606138));
#14539=CARTESIAN_POINT('Ctrl Pts',(-1.68747674959436,7.88163666771548,19.0791870188856));
#14540=CARTESIAN_POINT('Ctrl Pts',(-1.78446741607582,7.81764573283558,19.205489876518));
#14541=CARTESIAN_POINT('Ctrl Pts',(-2.08148847196827,7.55661545404427,19.6758227171231));
#14542=CARTESIAN_POINT('Ctrl Pts',(-2.2,7.25599450288113,20.1202987910056));
#14543=CARTESIAN_POINT('Ctrl Pts',(-2.2,7.,20.5));
#14544=CARTESIAN_POINT('',(-2.2,7.,16.3));
#14545=CARTESIAN_POINT('',(-1.2,8.,16.3));
#14546=CARTESIAN_POINT('Origin',(2.77555756156289E-16,8.,18.));
#14547=CARTESIAN_POINT('Origin',(0.,8.,20.5));
#14548=CARTESIAN_POINT('Origin',(-9.01435294374401,8.5,-4.42027843037902));
#14549=CARTESIAN_POINT('',(-9.01435294374401,8.5,-4.42027843037902));
#14550=CARTESIAN_POINT('',(-9.83621379323139,8.5,-7.48750487741766));
#14551=CARTESIAN_POINT('',(-8.0242452873327,8.5,-0.725146351689102));
#14552=CARTESIAN_POINT('',(-9.01435294374401,5.5,-4.42027843037902));
#14553=CARTESIAN_POINT('',(-9.01435294374401,8.5,-4.42027843037902));
#14554=CARTESIAN_POINT('',(-9.83621379323139,5.5,-7.48750487741766));
#14555=CARTESIAN_POINT('',(-9.83621379323139,5.5,-7.48750487741766));
#14556=CARTESIAN_POINT('',(-9.83621379323139,8.5,-7.48750487741766));
#14557=CARTESIAN_POINT('Origin',(-5.94712649670537,8.5,-3.59841758089163));
#14558=CARTESIAN_POINT('',(-5.94712649670537,8.5,-3.59841758089163));
#14559=CARTESIAN_POINT('',(-0.83360129716923,8.5,-2.22825263319973));
#14560=CARTESIAN_POINT('',(-5.94712649670537,5.5,-3.59841758089163));
#14561=CARTESIAN_POINT('',(-5.94712649670537,8.5,-3.59841758089163));
#14562=CARTESIAN_POINT('',(-9.01435294374401,5.5,-4.42027843037902));
#14563=CARTESIAN_POINT('Origin',(-3.70176089915412,8.5,-5.84378317844288));
#14564=CARTESIAN_POINT('',(-3.70176089915412,8.5,-5.84378317844288));
#14565=CARTESIAN_POINT('',(-3.22476646897631,8.5,-6.32077760862069));
#14566=CARTESIAN_POINT('',(-3.70176089915412,5.5,-5.84378317844288));
#14567=CARTESIAN_POINT('',(-3.70176089915412,8.5,-5.84378317844288));
#14568=CARTESIAN_POINT('',(-5.94712649670537,5.5,-3.59841758089163));
#14569=CARTESIAN_POINT('Origin',(-4.52362174864151,8.5,-8.91100962548152));
#14570=CARTESIAN_POINT('',(-4.52362174864151,8.5,-8.91100962548152));
#14571=CARTESIAN_POINT('',(-3.12258366748652,8.5,-3.68226432327229));
#14572=CARTESIAN_POINT('',(-4.52362174864151,5.5,-8.91100962548152));
#14573=CARTESIAN_POINT('',(-4.52362174864151,8.5,-8.91100962548152));
#14574=CARTESIAN_POINT('',(-3.70176089915412,5.5,-5.84378317844288));
#14575=CARTESIAN_POINT('Origin',(-7.59084819568014,8.5,-9.73287047496891));
#14576=CARTESIAN_POINT('',(-7.59084819568014,8.5,-9.73287047496891));
#14577=CARTESIAN_POINT('',(-0.943709772624676,8.5,-7.9517751025333));
#14578=CARTESIAN_POINT('',(-7.59084819568014,5.5,-9.73287047496891));
#14579=CARTESIAN_POINT('',(-7.59084819568014,8.5,-9.73287047496891));
#14580=CARTESIAN_POINT('',(-4.5236217486415,5.5,-8.91100962548152));
#14581=CARTESIAN_POINT('Origin',(-9.83621379323139,8.5,-7.48750487741766));
#14582=CARTESIAN_POINT('',(-8.23653656427795,8.5,-9.0871821063711));
#14583=CARTESIAN_POINT('',(-7.59084819568014,5.5,-9.73287047496891));
#14584=CARTESIAN_POINT('Origin',(-6.76898734619276,5.5,-6.66564402793027));
#14585=CARTESIAN_POINT('',(-7.8650028570319,5.5,-5.56962851709112));
#14586=CARTESIAN_POINT('Origin',(-6.76898734619275,5.5,-6.66564402793027));
#14587=CARTESIAN_POINT('Origin',(-4.42027843037902,8.5,9.01435294374401));
#14588=CARTESIAN_POINT('',(-4.42027843037902,8.5,9.01435294374401));
#14589=CARTESIAN_POINT('',(-7.48750487741765,8.5,9.83621379323139));
#14590=CARTESIAN_POINT('',(0.657954369642642,8.5,7.65364456600096));
#14591=CARTESIAN_POINT('',(-4.42027843037902,5.5,9.01435294374401));
#14592=CARTESIAN_POINT('',(-4.42027843037902,8.5,9.01435294374401));
#14593=CARTESIAN_POINT('',(-7.48750487741765,5.5,9.83621379323139));
#14594=CARTESIAN_POINT('',(-7.48750487741765,5.5,9.8362137932314));
#14595=CARTESIAN_POINT('',(-7.48750487741765,8.5,9.83621379323139));
#14596=CARTESIAN_POINT('Origin',(-3.59841758089163,8.5,5.94712649670537));
#14597=CARTESIAN_POINT('',(-3.59841758089163,8.5,5.94712649670537));
#14598=CARTESIAN_POINT('',(-2.59885335453147,8.5,2.21670201850097));
#14599=CARTESIAN_POINT('',(-3.59841758089163,5.5,5.94712649670537));
#14600=CARTESIAN_POINT('',(-3.59841758089163,8.5,5.94712649670537));
#14601=CARTESIAN_POINT('',(-4.42027843037902,5.5,9.01435294374401));
#14602=CARTESIAN_POINT('Origin',(-5.84378317844288,8.5,3.70176089915412));
#14603=CARTESIAN_POINT('',(-5.84378317844288,8.5,3.70176089915412));
#14604=CARTESIAN_POINT('',(-4.29577760862069,8.5,5.24976646897631));
#14605=CARTESIAN_POINT('',(-5.84378317844288,5.5,3.70176089915412));
#14606=CARTESIAN_POINT('',(-5.84378317844288,8.5,3.70176089915412));
#14607=CARTESIAN_POINT('',(-3.59841758089163,5.5,5.94712649670537));
#14608=CARTESIAN_POINT('Origin',(-8.91100962548152,8.5,4.5236217486415));
#14609=CARTESIAN_POINT('',(-8.91100962548152,8.5,4.5236217486415));
#14610=CARTESIAN_POINT('',(-2.29916360194054,8.5,2.75198294615477));
#14611=CARTESIAN_POINT('',(-8.91100962548152,5.5,4.5236217486415));
#14612=CARTESIAN_POINT('',(-8.91100962548152,8.5,4.5236217486415));
#14613=CARTESIAN_POINT('',(-5.84378317844288,5.5,3.70176089915412));
#14614=CARTESIAN_POINT('Origin',(-9.73287047496891,8.5,7.59084819568014));
#14615=CARTESIAN_POINT('',(-9.73287047496891,8.5,7.59084819568014));
#14616=CARTESIAN_POINT('',(-8.32237582386504,8.5,2.32681049395642));
#14617=CARTESIAN_POINT('',(-9.73287047496891,5.5,7.59084819568014));
#14618=CARTESIAN_POINT('',(-9.73287047496891,8.5,7.59084819568014));
#14619=CARTESIAN_POINT('',(-8.91100962548152,5.5,4.5236217486415));
#14620=CARTESIAN_POINT('Origin',(-7.48750487741765,8.5,9.83621379323139));
#14621=CARTESIAN_POINT('',(-7.0621821063711,8.5,10.261536564278));
#14622=CARTESIAN_POINT('',(-9.7328704749689,5.5,7.59084819568014));
#14623=CARTESIAN_POINT('Origin',(-6.66564402793027,5.5,6.76898734619276));
#14624=CARTESIAN_POINT('',(-7.76165953876942,5.5,7.8650028570319));
#14625=CARTESIAN_POINT('Origin',(-6.66564402793027,5.5,6.76898734619275));
#14626=CARTESIAN_POINT('Origin',(4.42027843037902,8.5,-9.01435294374401));
#14627=CARTESIAN_POINT('',(4.42027843037902,8.5,-9.01435294374401));
#14628=CARTESIAN_POINT('',(7.48750487741766,8.5,-9.8362137932314));
#14629=CARTESIAN_POINT('',(3.12074707302084,8.5,-8.66614456600096));
#14630=CARTESIAN_POINT('',(4.42027843037902,5.5,-9.01435294374401));
#14631=CARTESIAN_POINT('',(4.42027843037902,8.5,-9.01435294374401));
#14632=CARTESIAN_POINT('',(7.48750487741766,5.5,-9.8362137932314));
#14633=CARTESIAN_POINT('',(7.48750487741766,5.5,-9.8362137932314));
#14634=CARTESIAN_POINT('',(7.48750487741766,8.5,-9.8362137932314));
#14635=CARTESIAN_POINT('Origin',(3.59841758089163,8.5,-5.94712649670537));
#14636=CARTESIAN_POINT('',(3.59841758089163,8.5,-5.94712649670538));
#14637=CARTESIAN_POINT('',(2.87015191186798,8.5,-3.22920201850098));
#14638=CARTESIAN_POINT('',(3.59841758089163,5.5,-5.94712649670538));
#14639=CARTESIAN_POINT('',(3.59841758089163,8.5,-5.94712649670538));
#14640=CARTESIAN_POINT('',(4.42027843037902,5.5,-9.01435294374401));
#14641=CARTESIAN_POINT('Origin',(5.84378317844288,8.5,-3.70176089915412));
#14642=CARTESIAN_POINT('',(5.84378317844288,8.5,-3.70176089915412));
#14643=CARTESIAN_POINT('',(6.32077760862069,8.5,-3.22476646897631));
#14644=CARTESIAN_POINT('',(5.84378317844288,5.5,-3.70176089915412));
#14645=CARTESIAN_POINT('',(5.84378317844288,8.5,-3.70176089915412));
#14646=CARTESIAN_POINT('',(3.59841758089163,5.5,-5.94712649670537));
#14647=CARTESIAN_POINT('Origin',(8.91100962548152,8.5,-4.52362174864151));
#14648=CARTESIAN_POINT('',(8.91100962548152,8.5,-4.52362174864151));
#14649=CARTESIAN_POINT('',(6.07786504460403,8.5,-3.76448294615477));
#14650=CARTESIAN_POINT('',(8.91100962548152,5.5,-4.52362174864151));
#14651=CARTESIAN_POINT('',(8.91100962548152,8.5,-4.52362174864151));
#14652=CARTESIAN_POINT('',(5.84378317844288,5.5,-3.70176089915412));
#14653=CARTESIAN_POINT('Origin',(9.73287047496891,8.5,-7.59084819568014));
#14654=CARTESIAN_POINT('',(9.73287047496891,8.5,-7.59084819568014));
#14655=CARTESIAN_POINT('',(8.59367438120156,8.5,-3.33931049395642));
#14656=CARTESIAN_POINT('',(9.73287047496891,5.5,-7.59084819568014));
#14657=CARTESIAN_POINT('',(9.73287047496891,8.5,-7.59084819568014));
#14658=CARTESIAN_POINT('',(8.91100962548152,5.5,-4.52362174864151));
#14659=CARTESIAN_POINT('Origin',(7.48750487741766,8.5,-9.8362137932314));
#14660=CARTESIAN_POINT('',(9.0871821063711,8.5,-8.23653656427796));
#14661=CARTESIAN_POINT('',(9.73287047496891,5.5,-7.59084819568014));
#14662=CARTESIAN_POINT('Origin',(6.66564402793027,5.5,-6.76898734619276));
#14663=CARTESIAN_POINT('',(5.56962851709113,5.5,-5.67297183535362));
#14664=CARTESIAN_POINT('Origin',(6.66564402793027,5.5,-6.76898734619277));
#14665=CARTESIAN_POINT('Origin',(9.01435294374401,8.5,4.42027843037902));
#14666=CARTESIAN_POINT('',(9.01435294374401,8.5,4.42027843037902));
#14667=CARTESIAN_POINT('',(9.8362137932314,8.5,7.48750487741766));
#14668=CARTESIAN_POINT('',(8.29554384466921,8.5,1.7376463516891));
#14669=CARTESIAN_POINT('',(9.01435294374401,5.5,4.42027843037902));
#14670=CARTESIAN_POINT('',(9.01435294374401,8.5,4.42027843037902));
#14671=CARTESIAN_POINT('',(9.8362137932314,5.5,7.48750487741766));
#14672=CARTESIAN_POINT('',(9.8362137932314,5.5,7.48750487741765));
#14673=CARTESIAN_POINT('',(9.8362137932314,8.5,7.48750487741766));
#14674=CARTESIAN_POINT('Origin',(5.94712649670537,8.5,3.59841758089163));
#14675=CARTESIAN_POINT('',(5.94712649670537,8.5,3.59841758089163));
#14676=CARTESIAN_POINT('',(4.61230273983272,8.5,3.24075263319973));
#14677=CARTESIAN_POINT('',(5.94712649670537,5.5,3.59841758089163));
#14678=CARTESIAN_POINT('',(5.94712649670537,8.5,3.59841758089163));
#14679=CARTESIAN_POINT('',(9.01435294374401,5.5,4.42027843037902));
#14680=CARTESIAN_POINT('Origin',(3.70176089915412,8.5,5.84378317844288));
#14681=CARTESIAN_POINT('',(3.70176089915412,8.5,5.84378317844288));
#14682=CARTESIAN_POINT('',(5.24976646897631,8.5,4.29577760862069));
#14683=CARTESIAN_POINT('',(3.70176089915412,5.5,5.84378317844288));
#14684=CARTESIAN_POINT('',(3.70176089915412,8.5,5.84378317844288));
#14685=CARTESIAN_POINT('',(5.94712649670537,5.5,3.59841758089163));
#14686=CARTESIAN_POINT('Origin',(4.52362174864151,8.5,8.91100962548151));
#14687=CARTESIAN_POINT('',(4.52362174864151,8.5,8.91100962548151));
#14688=CARTESIAN_POINT('',(3.39388222482303,8.5,4.69476432327228));
#14689=CARTESIAN_POINT('',(4.52362174864151,5.5,8.91100962548151));
#14690=CARTESIAN_POINT('',(4.52362174864151,8.5,8.91100962548151));
#14691=CARTESIAN_POINT('',(3.70176089915412,5.5,5.84378317844288));
#14692=CARTESIAN_POINT('Origin',(7.59084819568014,8.5,9.7328704749689));
#14693=CARTESIAN_POINT('',(7.59084819568014,8.5,9.7328704749689));
#14694=CARTESIAN_POINT('',(4.72241121528817,8.5,8.9642751025333));
#14695=CARTESIAN_POINT('',(7.59084819568014,5.5,9.7328704749689));
#14696=CARTESIAN_POINT('',(7.59084819568014,8.5,9.7328704749689));
#14697=CARTESIAN_POINT('',(4.52362174864151,5.5,8.91100962548151));
#14698=CARTESIAN_POINT('Origin',(9.8362137932314,8.5,7.48750487741766));
#14699=CARTESIAN_POINT('',(10.261536564278,8.5,7.0621821063711));
#14700=CARTESIAN_POINT('',(7.59084819568014,5.5,9.73287047496891));
#14701=CARTESIAN_POINT('Origin',(6.76898734619276,5.5,6.66564402793027));
#14702=CARTESIAN_POINT('',(5.67297183535361,5.5,7.76165953876941));
#14703=CARTESIAN_POINT('Origin',(6.76898734619276,5.5,6.66564402793026));
#14704=CARTESIAN_POINT('Origin',(-6.76898734619275,65.4590711819225,-6.66564402793027));
#14705=CARTESIAN_POINT('',(-7.8650028570319,0.,-5.56962851709112));
#14706=CARTESIAN_POINT('Origin',(-6.76898734619275,0.,-6.66564402793027));
#14707=CARTESIAN_POINT('',(-7.8650028570319,65.4590711819225,-5.56962851709112));
#14708=CARTESIAN_POINT('Origin',(6.66564402793027,65.4590711819225,-6.76898734619277));
#14709=CARTESIAN_POINT('',(5.56962851709113,0.,-5.67297183535362));
#14710=CARTESIAN_POINT('Origin',(6.66564402793027,0.,-6.76898734619277));
#14711=CARTESIAN_POINT('',(5.56962851709113,65.4590711819225,-5.67297183535362));
#14712=CARTESIAN_POINT('Origin',(6.76898734619276,65.4590711819225,6.66564402793026));
#14713=CARTESIAN_POINT('',(5.67297183535361,0.,7.76165953876941));
#14714=CARTESIAN_POINT('Origin',(6.76898734619276,0.,6.66564402793026));
#14715=CARTESIAN_POINT('',(5.67297183535361,65.4590711819225,7.76165953876941));
#14716=CARTESIAN_POINT('Origin',(-6.66564402793027,65.4590711819225,6.76898734619275));
#14717=CARTESIAN_POINT('',(-7.76165953876942,0.,7.8650028570319));
#14718=CARTESIAN_POINT('Origin',(-6.66564402793027,0.,6.76898734619275));
#14719=CARTESIAN_POINT('',(-7.76165953876942,65.4590711819225,7.8650028570319));
#14720=CARTESIAN_POINT('Origin',(-7.01141293817622,8.,19.2636987261111));
#14721=CARTESIAN_POINT('',(-9.07873670390522,8.5,18.5112544107946));
#14722=CARTESIAN_POINT('',(-4.94408917244722,8.5,20.0161430414276));
#14723=CARTESIAN_POINT('Origin',(-7.01141293817622,8.5,19.2636987261111));
#14724=CARTESIAN_POINT('',(-9.07873670390522,8.,18.5112544107946));
#14725=CARTESIAN_POINT('',(-4.94408917244722,8.,20.0161430414276));
#14726=CARTESIAN_POINT('Origin',(-13.1771459985741,8.,15.703911083939));
#14727=CARTESIAN_POINT('',(-14.8624437734358,8.5,14.2897783426287));
#14728=CARTESIAN_POINT('',(-11.4918482237123,8.5,17.1180438252494));
#14729=CARTESIAN_POINT('Origin',(-13.1771459985741,8.5,15.703911083939));
#14730=CARTESIAN_POINT('',(-14.8624437734358,8.,14.2897783426287));
#14731=CARTESIAN_POINT('',(-11.4918482237123,8.,17.1180438252494));
#14732=CARTESIAN_POINT('Origin',(-17.753520777581,8.,10.25));
#14733=CARTESIAN_POINT('',(-18.853520777581,8.5,8.34474411167424));
#14734=CARTESIAN_POINT('',(-16.653520777581,8.5,12.1552558883258));
#14735=CARTESIAN_POINT('Origin',(-17.753520777581,8.5,10.25));
#14736=CARTESIAN_POINT('',(-18.853520777581,8.,8.34474411167424));
#14737=CARTESIAN_POINT('',(-16.653520777581,8.,12.1552558883258));
#14738=CARTESIAN_POINT('Origin',(-20.1885589367503,8.,3.55978764217206));
#14739=CARTESIAN_POINT('',(-20.5705849276175,8.5,1.39321058554521));
#14740=CARTESIAN_POINT('',(-19.806532945883,8.5,5.72636469879892));
#14741=CARTESIAN_POINT('Origin',(-20.1885589367503,8.5,3.55978764217206));
#14742=CARTESIAN_POINT('',(-20.5705849276175,8.,1.39321058554521));
#14743=CARTESIAN_POINT('',(-19.806532945883,8.,5.72636469879892));
#14744=CARTESIAN_POINT('Origin',(-20.1885589367503,8.,-3.55978764217207));
#14745=CARTESIAN_POINT('',(-19.806532945883,8.5,-5.72636469879893));
#14746=CARTESIAN_POINT('',(-20.5705849276175,8.5,-1.39321058554521));
#14747=CARTESIAN_POINT('Origin',(-20.1885589367503,8.5,-3.55978764217207));
#14748=CARTESIAN_POINT('',(-19.806532945883,8.,-5.72636469879893));
#14749=CARTESIAN_POINT('',(-20.5705849276175,8.,-1.39321058554521));
#14750=CARTESIAN_POINT('Origin',(-17.753520777581,8.,-10.25));
#14751=CARTESIAN_POINT('',(-16.653520777581,8.5,-12.1552558883258));
#14752=CARTESIAN_POINT('',(-18.853520777581,8.5,-8.34474411167425));
#14753=CARTESIAN_POINT('Origin',(-17.753520777581,8.5,-10.25));
#14754=CARTESIAN_POINT('',(-16.653520777581,8.,-12.1552558883258));
#14755=CARTESIAN_POINT('',(-18.853520777581,8.,-8.34474411167425));
#14756=CARTESIAN_POINT('Origin',(-13.1771459985741,8.,-15.7039110839391));
#14757=CARTESIAN_POINT('',(-11.4918482237123,8.5,-17.1180438252494));
#14758=CARTESIAN_POINT('',(-14.8624437734358,8.5,-14.2897783426287));
#14759=CARTESIAN_POINT('Origin',(-13.1771459985741,8.5,-15.7039110839391));
#14760=CARTESIAN_POINT('',(-11.4918482237123,8.,-17.1180438252494));
#14761=CARTESIAN_POINT('',(-14.8624437734358,8.,-14.2897783426287));
#14762=CARTESIAN_POINT('Origin',(-7.01141293817621,8.,-19.2636987261111));
#14763=CARTESIAN_POINT('',(-4.94408917244721,8.5,-20.0161430414276));
#14764=CARTESIAN_POINT('',(-9.07873670390521,8.5,-18.5112544107947));
#14765=CARTESIAN_POINT('Origin',(-7.01141293817621,8.5,-19.2636987261111));
#14766=CARTESIAN_POINT('',(-4.94408917244721,8.,-20.0161430414276));
#14767=CARTESIAN_POINT('',(-9.07873670390521,8.,-18.5112544107947));
#14768=CARTESIAN_POINT('Origin',(3.33066907387547E-15,8.,-20.5));
#14769=CARTESIAN_POINT('',(2.2,8.5,-20.5));
#14770=CARTESIAN_POINT('',(-2.2,8.5,-20.5));
#14771=CARTESIAN_POINT('Origin',(3.33066907387547E-15,8.5,-20.5));
#14772=CARTESIAN_POINT('',(2.2,8.,-20.5));
#14773=CARTESIAN_POINT('',(-2.2,8.,-20.5));
#14774=CARTESIAN_POINT('Origin',(7.01141293817621,8.,-19.2636987261111));
#14775=CARTESIAN_POINT('',(9.07873670390521,8.5,-18.5112544107946));
#14776=CARTESIAN_POINT('',(4.94408917244722,8.5,-20.0161430414276));
#14777=CARTESIAN_POINT('Origin',(7.01141293817621,8.5,-19.2636987261111));
#14778=CARTESIAN_POINT('',(9.07873670390521,8.,-18.5112544107946));
#14779=CARTESIAN_POINT('',(4.94408917244722,8.,-20.0161430414276));
#14780=CARTESIAN_POINT('Origin',(13.1771459985741,8.,-15.703911083939));
#14781=CARTESIAN_POINT('',(14.8624437734358,8.5,-14.2897783426287));
#14782=CARTESIAN_POINT('',(11.4918482237123,8.5,-17.1180438252494));
#14783=CARTESIAN_POINT('Origin',(13.1771459985741,8.5,-15.703911083939));
#14784=CARTESIAN_POINT('',(14.8624437734358,8.,-14.2897783426287));
#14785=CARTESIAN_POINT('',(11.4918482237123,8.,-17.1180438252494));
#14786=CARTESIAN_POINT('Origin',(17.753520777581,8.,-10.25));
#14787=CARTESIAN_POINT('',(18.853520777581,8.5,-8.34474411167423));
#14788=CARTESIAN_POINT('',(16.653520777581,8.5,-12.1552558883258));
#14789=CARTESIAN_POINT('Origin',(17.753520777581,8.5,-10.25));
#14790=CARTESIAN_POINT('',(18.853520777581,8.,-8.34474411167423));
#14791=CARTESIAN_POINT('',(16.653520777581,8.,-12.1552558883258));
#14792=CARTESIAN_POINT('Origin',(20.1885589367503,8.,-3.55978764217207));
#14793=CARTESIAN_POINT('',(20.5705849276175,8.5,-1.39321058554521));
#14794=CARTESIAN_POINT('',(19.806532945883,8.5,-5.72636469879893));
#14795=CARTESIAN_POINT('Origin',(20.1885589367503,8.5,-3.55978764217207));
#14796=CARTESIAN_POINT('',(20.5705849276175,8.,-1.39321058554521));
#14797=CARTESIAN_POINT('',(19.806532945883,8.,-5.72636469879893));
#14798=CARTESIAN_POINT('Origin',(20.1885589367503,8.,3.55978764217207));
#14799=CARTESIAN_POINT('',(19.806532945883,8.5,5.72636469879893));
#14800=CARTESIAN_POINT('',(20.5705849276175,8.5,1.39321058554522));
#14801=CARTESIAN_POINT('Origin',(20.1885589367503,8.5,3.55978764217207));
#14802=CARTESIAN_POINT('',(19.806532945883,8.,5.72636469879893));
#14803=CARTESIAN_POINT('',(20.5705849276175,8.,1.39321058554522));
#14804=CARTESIAN_POINT('Origin',(17.753520777581,8.,10.25));
#14805=CARTESIAN_POINT('',(16.653520777581,8.5,12.1552558883258));
#14806=CARTESIAN_POINT('',(18.853520777581,8.5,8.34474411167424));
#14807=CARTESIAN_POINT('Origin',(17.753520777581,8.5,10.25));
#14808=CARTESIAN_POINT('',(16.653520777581,8.,12.1552558883258));
#14809=CARTESIAN_POINT('',(18.853520777581,8.,8.34474411167424));
#14810=CARTESIAN_POINT('Origin',(13.1771459985741,8.,15.7039110839391));
#14811=CARTESIAN_POINT('',(11.4918482237123,8.5,17.1180438252494));
#14812=CARTESIAN_POINT('',(14.8624437734358,8.5,14.2897783426287));
#14813=CARTESIAN_POINT('Origin',(13.1771459985741,8.5,15.7039110839391));
#14814=CARTESIAN_POINT('',(11.4918482237123,8.,17.1180438252494));
#14815=CARTESIAN_POINT('',(14.8624437734358,8.,14.2897783426287));
#14816=CARTESIAN_POINT('Origin',(7.01141293817621,8.,19.2636987261111));
#14817=CARTESIAN_POINT('',(4.94408917244721,8.5,20.0161430414276));
#14818=CARTESIAN_POINT('',(9.07873670390521,8.5,18.5112544107947));
#14819=CARTESIAN_POINT('Origin',(7.01141293817621,8.5,19.2636987261111));
#14820=CARTESIAN_POINT('',(4.94408917244721,8.,20.0161430414276));
#14821=CARTESIAN_POINT('',(9.07873670390521,8.,18.5112544107947));
#14822=CARTESIAN_POINT('Origin',(4.05,8.5,0.));
#14823=CARTESIAN_POINT('',(-9.3821583938306,8.5,19.3448986524374));
#14824=CARTESIAN_POINT('',(-4.32719081066435,8.5,5.45648936161304));
#14825=CARTESIAN_POINT('',(-5.24751086237261,8.5,20.8497872830703));
#14826=CARTESIAN_POINT('',(-1.61099330164015,8.5,10.8585373995077));
#14827=CARTESIAN_POINT('',(-2.2,8.5,21.3871456721088));
#14828=CARTESIAN_POINT('Origin',(0.,8.5,0.));
#14829=CARTESIAN_POINT('',(-2.2,8.5,20.5));
#14830=CARTESIAN_POINT('',(-2.2,8.5,10.25));
#14831=CARTESIAN_POINT('',(2.2,8.5,20.5));
#14832=CARTESIAN_POINT('Origin',(0.,8.5,20.5));
#14833=CARTESIAN_POINT('',(2.2,8.5,21.3871456721088));
#14834=CARTESIAN_POINT('',(2.2,8.5,11.4472704170033));
#14835=CARTESIAN_POINT('',(5.24751086237259,8.5,20.8497872830704));
#14836=CARTESIAN_POINT('Origin',(0.,8.5,0.));
#14837=CARTESIAN_POINT('',(0.66630328189042,8.5,8.26302290186122));
#14838=CARTESIAN_POINT('',(9.38215839383059,8.5,19.3448986524374));
#14839=CARTESIAN_POINT('',(6.21940083578221,8.5,10.65529367849));
#14840=CARTESIAN_POINT('',(12.0620944697309,8.5,17.7976368376054));
#14841=CARTESIAN_POINT('Origin',(0.,8.5,0.));
#14842=CARTESIAN_POINT('',(3.84373299596222,8.5,8.00337502600378));
#14843=CARTESIAN_POINT('',(15.4326900194544,8.5,14.9693713549846));
#14844=CARTESIAN_POINT('',(9.880142583755,8.5,8.35210300044016));
#14845=CARTESIAN_POINT('',(17.4218114664846,8.5,12.5988287243801));
#14846=CARTESIAN_POINT('Origin',(0.,8.5,0.));
#14847=CARTESIAN_POINT('',(6.7407354476264,8.5,6.43210660965751));
#14848=CARTESIAN_POINT('',(19.6218114664846,8.5,8.78831694772862));
#14849=CARTESIAN_POINT('',(12.532376985115,8.5,4.69523004150766));
#14850=CARTESIAN_POINT('',(20.6802008818269,8.5,5.88041592808572));
#14851=CARTESIAN_POINT('Origin',(0.,8.5,0.));
#14852=CARTESIAN_POINT('',(8.77100938466761,8.5,3.78050414871269));
#14853=CARTESIAN_POINT('',(21.4442528635614,8.5,1.547261814832));
#14854=CARTESIAN_POINT('',(13.6193254269052,8.5,0.167515985663574));
#14855=CARTESIAN_POINT('',(21.4442528635614,8.5,-1.547261814832));
#14856=CARTESIAN_POINT('Origin',(0.,8.5,0.));
#14857=CARTESIAN_POINT('',(9.5350613664021,8.5,0.552649964541024));
#14858=CARTESIAN_POINT('',(20.6802008818269,8.5,-5.88041592808572));
#14859=CARTESIAN_POINT('',(12.8552734451707,8.5,-4.50067009891729));
#14860=CARTESIAN_POINT('',(19.6218114664846,8.5,-8.78831694772861));
#14861=CARTESIAN_POINT('Origin',(0.,8.5,0.));
#14862=CARTESIAN_POINT('',(8.9407354476264,8.5,-2.62159483300598));
#14863=CARTESIAN_POINT('',(17.4218114664846,8.5,-12.5988287243801));
#14864=CARTESIAN_POINT('',(10.332376985115,8.5,-8.50574181815919));
#14865=CARTESIAN_POINT('',(15.4326900194544,8.5,-14.9693713549846));
#14866=CARTESIAN_POINT('Origin',(0.,8.5,0.));
#14867=CARTESIAN_POINT('',(7.21432854568572,8.5,-5.17510954338302));
#14868=CARTESIAN_POINT('',(12.0620944697309,8.5,-17.7976368376054));
#14869=CARTESIAN_POINT('',(6.5095470340315,8.5,-11.1803684830609));
#14870=CARTESIAN_POINT('',(9.3821583938306,8.5,-19.3448986524374));
#14871=CARTESIAN_POINT('Origin',(0.,8.5,0.));
#14872=CARTESIAN_POINT('',(4.80095081334841,8.5,-6.75813427122828));
#14873=CARTESIAN_POINT('',(5.2475108623726,8.5,-20.8497872830703));
#14874=CARTESIAN_POINT('',(2.08475330432421,8.5,-12.160182309123));
#14875=CARTESIAN_POINT('',(2.2,8.5,-21.3871456721088));
#14876=CARTESIAN_POINT('Origin',(0.,8.5,0.));
#14877=CARTESIAN_POINT('',(2.2,8.5,-7.3));
#14878=CARTESIAN_POINT('',(-2.2,8.5,-21.3871456721088));
#14879=CARTESIAN_POINT('',(-2.2,8.5,-11.4472704170034));
#14880=CARTESIAN_POINT('',(-5.24751086237259,8.5,-20.8497872830704));
#14881=CARTESIAN_POINT('Origin',(0.,8.5,0.));
#14882=CARTESIAN_POINT('',(-0.192543279206352,8.5,-6.96137799224598));
#14883=CARTESIAN_POINT('',(-9.38215839383059,8.5,-19.3448986524374));
#14884=CARTESIAN_POINT('',(-5.74564083309814,8.5,-9.35364876887479));
#14885=CARTESIAN_POINT('',(-12.0620944697309,8.5,-17.7976368376054));
#14886=CARTESIAN_POINT('Origin',(0.,8.5,0.));
#14887=CARTESIAN_POINT('',(-2.17037055573776,8.5,-6.00913932615406));
#14888=CARTESIAN_POINT('',(-15.4326900194544,8.5,-14.9693713549846));
#14889=CARTESIAN_POINT('',(-8.20678014353054,8.5,-6.35786730059044));
#14890=CARTESIAN_POINT('',(-17.4218114664846,8.5,-12.5988287243802));
#14891=CARTESIAN_POINT('Origin',(0.,8.5,0.));
#14892=CARTESIAN_POINT('',(-3.7032354476264,8.5,-4.67840516699402));
#14893=CARTESIAN_POINT('',(-19.6218114664846,8.5,-8.78831694772862));
#14894=CARTESIAN_POINT('',(-9.49487698511499,8.5,-2.94152859884417));
#14895=CARTESIAN_POINT('',(-20.6802008818269,8.5,-5.88041592808572));
#14896=CARTESIAN_POINT('Origin',(0.,8.5,0.));
#14897=CARTESIAN_POINT('',(-4.84313182757614,8.5,-3.08791335847821));
#14898=CARTESIAN_POINT('',(-21.4442528635614,8.5,-1.547261814832));
#14899=CARTESIAN_POINT('',(-9.69144786981371,8.5,0.525074804570907));
#14900=CARTESIAN_POINT('',(-21.4442528635614,8.5,1.547261814832));
#14901=CARTESIAN_POINT('Origin',(0.,8.5,0.));
#14902=CARTESIAN_POINT('',(-5.60718380931063,8.5,-1.24524075477551));
#14903=CARTESIAN_POINT('',(-20.6802008818269,8.5,5.88041592808571));
#14904=CARTESIAN_POINT('',(-8.92739588807921,8.5,3.80807930868281));
#14905=CARTESIAN_POINT('',(-19.6218114664846,8.5,8.78831694772862));
#14906=CARTESIAN_POINT('Origin',(0.,8.5,0.));
#14907=CARTESIAN_POINT('',(-5.9032354476264,8.5,0.867893390342495));
#14908=CARTESIAN_POINT('',(-17.4218114664846,8.5,12.5988287243801));
#14909=CARTESIAN_POINT('',(-7.29487698511498,8.5,6.7520403754957));
#14910=CARTESIAN_POINT('',(-15.4326900194544,8.5,14.9693713549846));
#14911=CARTESIAN_POINT('Origin',(0.,8.5,0.));
#14912=CARTESIAN_POINT('',(-5.54096610546125,8.5,3.18087384353329));
#14913=CARTESIAN_POINT('',(-12.0620944697309,8.5,17.7976368376054));
#14914=CARTESIAN_POINT('',(-4.83618459380703,8.5,9.18613278321121));
#14915=CARTESIAN_POINT('Origin',(0.,8.5,0.));
#14916=CARTESIAN_POINT('',(-4.05,8.5,4.95981953654678E-16));
#14917=CARTESIAN_POINT('Origin',(0.,8.5,0.));
#14918=CARTESIAN_POINT('Origin',(0.,7.75,0.));
#14919=CARTESIAN_POINT('',(-5.41940264289283,8.,21.3220560686395));
#14920=CARTESIAN_POINT('Ctrl Pts',(-5.24751086237261,8.5,20.8497872830703));
#14921=CARTESIAN_POINT('Ctrl Pts',(-5.33246886880397,8.25290327124486,21.0832074873424));
#14922=CARTESIAN_POINT('Ctrl Pts',(-5.41940264289283,8.,21.3220560686395));
#14923=CARTESIAN_POINT('',(-5.76307037169336,7.,22.2662753933142));
#14924=CARTESIAN_POINT('Ctrl Pts',(-5.41940264289283,8.,21.3220560686395));
#14925=CARTESIAN_POINT('Ctrl Pts',(-5.58741797697684,7.51121841822144,21.7836744051574));
#14926=CARTESIAN_POINT('Ctrl Pts',(-5.76307037169336,7.,22.2662753933142));
#14927=CARTESIAN_POINT('',(-2.2,7.,22.8945408340067));
#14928=CARTESIAN_POINT('Origin',(0.,7.,0.));
#14929=CARTESIAN_POINT('',(-2.2,8.,21.8897236163456));
#14930=CARTESIAN_POINT('Ctrl Pts',(-2.2,7.,22.8945408340067));
#14931=CARTESIAN_POINT('Ctrl Pts',(-2.2,7.51121841823654,22.3809675894201));
#14932=CARTESIAN_POINT('Ctrl Pts',(-2.2,8.,21.8897236163456));
#14933=CARTESIAN_POINT('Ctrl Pts',(-2.2,8.,21.8897236163456));
#14934=CARTESIAN_POINT('Ctrl Pts',(-2.2,8.25290326960582,21.6355462667893));
#14935=CARTESIAN_POINT('Ctrl Pts',(-2.2,8.5,21.3871456721088));
#14936=CARTESIAN_POINT('Origin',(0.,7.75,0.));
#14937=CARTESIAN_POINT('',(5.41940264289281,8.,21.3220560686395));
#14938=CARTESIAN_POINT('Ctrl Pts',(5.41940264289281,8.,21.3220560686395));
#14939=CARTESIAN_POINT('Ctrl Pts',(5.33246886880398,8.25290327124477,21.0832074873425));
#14940=CARTESIAN_POINT('Ctrl Pts',(5.24751086237259,8.5,20.8497872830703));
#14941=CARTESIAN_POINT('',(2.2,8.,21.8897236163456));
#14942=CARTESIAN_POINT('Ctrl Pts',(2.2,8.5,21.3871456721088));
#14943=CARTESIAN_POINT('Ctrl Pts',(2.2,8.25290326960582,21.6355462667893));
#14944=CARTESIAN_POINT('Ctrl Pts',(2.2,8.,21.8897236163456));
#14945=CARTESIAN_POINT('',(2.2,7.,22.8945408340067));
#14946=CARTESIAN_POINT('Ctrl Pts',(2.2,8.,21.8897236163456));
#14947=CARTESIAN_POINT('Ctrl Pts',(2.2,7.51121841823643,22.3809675894202));
#14948=CARTESIAN_POINT('Ctrl Pts',(2.2,7.,22.8945408340067));
#14949=CARTESIAN_POINT('',(5.76307037169335,7.,22.2662753933142));
#14950=CARTESIAN_POINT('Origin',(0.,7.,0.));
#14951=CARTESIAN_POINT('Ctrl Pts',(5.76307037169335,7.,22.2662753933142));
#14952=CARTESIAN_POINT('Ctrl Pts',(5.58741797697192,7.51121841823566,21.783674405144));
#14953=CARTESIAN_POINT('Ctrl Pts',(5.41940264289281,8.,21.3220560686395));
#14954=CARTESIAN_POINT('Origin',(0.,7.75,0.));
#14955=CARTESIAN_POINT('',(12.3851453451881,8.,18.1826338790222));
#14956=CARTESIAN_POINT('Ctrl Pts',(12.3851453451881,8.,18.1826338790222));
#14957=CARTESIAN_POINT('Ctrl Pts',(12.2217632932503,8.25290327112257,17.98792273166));
#14958=CARTESIAN_POINT('Ctrl Pts',(12.0620944697309,8.5,17.7976368376054));
#14959=CARTESIAN_POINT('',(9.55405017435081,8.,19.8171674380066));
#14960=CARTESIAN_POINT('Ctrl Pts',(9.38215839383059,8.5,19.3448986524374));
#14961=CARTESIAN_POINT('Ctrl Pts',(9.46711640029572,8.25290327114659,19.5783188568022));
#14962=CARTESIAN_POINT('Ctrl Pts',(9.55405017435081,8.,19.8171674380066));
#14963=CARTESIAN_POINT('',(9.89771790315134,7.,20.7613867626813));
#14964=CARTESIAN_POINT('Ctrl Pts',(9.55405017435081,8.,19.8171674380066));
#14965=CARTESIAN_POINT('Ctrl Pts',(9.72206550843204,7.5112184182295,20.2787857745169));
#14966=CARTESIAN_POINT('Ctrl Pts',(9.89771790315134,7.,20.7613867626813));
#14967=CARTESIAN_POINT('',(13.0310294027003,7.,18.9523685249617));
#14968=CARTESIAN_POINT('Origin',(0.,7.,0.));
#14969=CARTESIAN_POINT('Ctrl Pts',(13.0310294027003,7.,18.9523685249617));
#14970=CARTESIAN_POINT('Ctrl Pts',(12.7009108844121,7.5112184182387,18.5589485948099));
#14971=CARTESIAN_POINT('Ctrl Pts',(12.3851453451881,8.,18.1826338790222));
#14972=CARTESIAN_POINT('Origin',(0.,7.75,0.));
#14973=CARTESIAN_POINT('',(17.8570567335755,8.,12.8501176964986));
#14974=CARTESIAN_POINT('Ctrl Pts',(17.8570567335755,8.,12.8501176964986));
#14975=CARTESIAN_POINT('Ctrl Pts',(17.6369326904148,8.25290327118918,12.7230290209247));
#14976=CARTESIAN_POINT('Ctrl Pts',(17.4218114664846,8.5,12.5988287243801));
#14977=CARTESIAN_POINT('',(15.7557408949116,8.,15.3543683964015));
#14978=CARTESIAN_POINT('Ctrl Pts',(15.4326900194544,8.5,14.9693713549846));
#14979=CARTESIAN_POINT('Ctrl Pts',(15.5923588429753,8.25290327112023,15.159657249041));
#14980=CARTESIAN_POINT('Ctrl Pts',(15.7557408949116,8.,15.3543683964015));
#14981=CARTESIAN_POINT('',(16.4016249524238,7.,16.124103042341));
#14982=CARTESIAN_POINT('Ctrl Pts',(15.7557408949116,8.,15.3543683964015));
#14983=CARTESIAN_POINT('Ctrl Pts',(16.0715064341317,7.51121841824482,15.7306831121845));
#14984=CARTESIAN_POINT('Ctrl Pts',(16.4016249524238,7.,16.124103042341));
#14985=CARTESIAN_POINT('',(18.72725397023,7.,13.3525263053291));
#14986=CARTESIAN_POINT('Origin',(0.,7.,0.));
#14987=CARTESIAN_POINT('Ctrl Pts',(18.72725397023,7.,13.3525263053291));
#14988=CARTESIAN_POINT('Ctrl Pts',(18.2824864937182,7.51121841823169,13.0957396830383));
#14989=CARTESIAN_POINT('Ctrl Pts',(17.8570567335755,8.,12.8501176964986));
#14990=CARTESIAN_POINT('Origin',(0.,7.75,0.));
#14991=CARTESIAN_POINT('',(21.1751435378044,8.,5.96768767223805));
#14992=CARTESIAN_POINT('Ctrl Pts',(21.1751435378044,8.,5.96768767223805));
#14993=CARTESIAN_POINT('Ctrl Pts',(20.9248277117978,8.2529032711447,5.92355023841477));
#14994=CARTESIAN_POINT('Ctrl Pts',(20.6802008818269,8.5,5.88041592808572));
#14995=CARTESIAN_POINT('',(20.0570567335755,8.,9.03960591984706));
#14996=CARTESIAN_POINT('Ctrl Pts',(19.6218114664846,8.5,8.78831694772862));
#14997=CARTESIAN_POINT('Ctrl Pts',(19.8369326903432,8.25290327127152,8.91251724423176));
#14998=CARTESIAN_POINT('Ctrl Pts',(20.0570567335755,8.,9.03960591984706));
#14999=CARTESIAN_POINT('',(20.92725397023,7.,9.54201452867759));
#15000=CARTESIAN_POINT('Ctrl Pts',(20.0570567335755,8.,9.03960591984706));
#15001=CARTESIAN_POINT('Ctrl Pts',(20.4824864937218,7.51121841822756,9.28522790638882));
#15002=CARTESIAN_POINT('Ctrl Pts',(20.92725397023,7.,9.54201452867759));
#15003=CARTESIAN_POINT('',(22.1646953241171,7.,6.14217235097325));
#15004=CARTESIAN_POINT('Origin',(0.,7.,0.));
#15005=CARTESIAN_POINT('Ctrl Pts',(22.1646953241171,7.,6.14217235097325));
#15006=CARTESIAN_POINT('Ctrl Pts',(21.658924411116,7.51121841822917,6.05299129295359));
#15007=CARTESIAN_POINT('Ctrl Pts',(21.1751435378044,8.,5.96768767223805));
#15008=CARTESIAN_POINT('Origin',(0.,7.75,0.));
#15009=CARTESIAN_POINT('',(21.9391955195389,8.,-1.63453355898433));
#15010=CARTESIAN_POINT('Ctrl Pts',(21.9391955195389,8.,-1.63453355898433));
#15011=CARTESIAN_POINT('Ctrl Pts',(21.6888796934156,8.2529032712627,-1.59039612514047));
#15012=CARTESIAN_POINT('Ctrl Pts',(21.4442528635614,8.5,-1.547261814832));
#15013=CARTESIAN_POINT('',(21.9391955195389,8.,1.63453355898433));
#15014=CARTESIAN_POINT('Ctrl Pts',(21.4442528635614,8.5,1.54726181483201));
#15015=CARTESIAN_POINT('Ctrl Pts',(21.6888796934071,8.25290327127125,1.59039612513898));
#15016=CARTESIAN_POINT('Ctrl Pts',(21.9391955195389,8.,1.63453355898433));
#15017=CARTESIAN_POINT('',(22.9287473058516,7.,1.80901823771953));
#15018=CARTESIAN_POINT('Ctrl Pts',(21.9391955195389,8.,1.63453355898433));
#15019=CARTESIAN_POINT('Ctrl Pts',(22.4229763928495,7.51121841823011,1.7198371796997));
#15020=CARTESIAN_POINT('Ctrl Pts',(22.9287473058516,7.,1.80901823771953));
#15021=CARTESIAN_POINT('',(22.9287473058516,7.,-1.80901823771953));
#15022=CARTESIAN_POINT('Origin',(0.,7.,0.));
#15023=CARTESIAN_POINT('Ctrl Pts',(22.9287473058516,7.,-1.80901823771953));
#15024=CARTESIAN_POINT('Ctrl Pts',(22.4229763928554,7.51121841822423,-1.71983717970073));
#15025=CARTESIAN_POINT('Ctrl Pts',(21.9391955195389,8.,-1.63453355898433));
#15026=CARTESIAN_POINT('Origin',(0.,7.75,0.));
#15027=CARTESIAN_POINT('',(20.0570567335755,8.,-9.03960591984706));
#15028=CARTESIAN_POINT('Ctrl Pts',(20.0570567335755,8.,-9.03960591984706));
#15029=CARTESIAN_POINT('Ctrl Pts',(19.8369326903482,8.25290327126575,-8.91251724423466));
#15030=CARTESIAN_POINT('Ctrl Pts',(19.6218114664846,8.5,-8.78831694772861));
#15031=CARTESIAN_POINT('',(21.1751435378044,8.,-5.96768767223805));
#15032=CARTESIAN_POINT('Ctrl Pts',(20.6802008818269,8.5,-5.88041592808572));
#15033=CARTESIAN_POINT('Ctrl Pts',(20.9248277115544,8.25290327139073,-5.92355023837185));
#15034=CARTESIAN_POINT('Ctrl Pts',(21.1751435378044,8.,-5.96768767223805));
#15035=CARTESIAN_POINT('',(22.1646953241171,7.,-6.14217235097325));
#15036=CARTESIAN_POINT('Ctrl Pts',(21.1751435378044,8.,-5.96768767223805));
#15037=CARTESIAN_POINT('Ctrl Pts',(21.6589244111132,7.51121841823195,-6.0529912929531));
#15038=CARTESIAN_POINT('Ctrl Pts',(22.1646953241171,7.,-6.14217235097325));
#15039=CARTESIAN_POINT('',(20.92725397023,7.,-9.54201452867758));
#15040=CARTESIAN_POINT('Origin',(0.,7.,0.));
#15041=CARTESIAN_POINT('Ctrl Pts',(20.92725397023,7.,-9.54201452867758));
#15042=CARTESIAN_POINT('Ctrl Pts',(20.4824864937123,7.51121841823854,-9.28522790638328));
#15043=CARTESIAN_POINT('Ctrl Pts',(20.0570567335755,8.,-9.03960591984705));
#15044=CARTESIAN_POINT('Origin',(0.,7.75,0.));
#15045=CARTESIAN_POINT('',(15.7557408949116,8.,-15.3543683964015));
#15046=CARTESIAN_POINT('Ctrl Pts',(15.7557408949116,8.,-15.3543683964015));
#15047=CARTESIAN_POINT('Ctrl Pts',(15.5923588428953,8.25290327124406,-15.1596572489457));
#15048=CARTESIAN_POINT('Ctrl Pts',(15.4326900194544,8.5,-14.9693713549846));
#15049=CARTESIAN_POINT('',(17.8570567335755,8.,-12.8501176964986));
#15050=CARTESIAN_POINT('Ctrl Pts',(17.4218114664846,8.5,-12.5988287243801));
#15051=CARTESIAN_POINT('Ctrl Pts',(17.6369326904469,8.25290327115226,-12.7230290209432));
#15052=CARTESIAN_POINT('Ctrl Pts',(17.8570567335755,8.,-12.8501176964986));
#15053=CARTESIAN_POINT('',(18.72725397023,7.,-13.3525263053291));
#15054=CARTESIAN_POINT('Ctrl Pts',(17.8570567335755,8.,-12.8501176964986));
#15055=CARTESIAN_POINT('Ctrl Pts',(18.2824864937235,7.51121841822562,-13.0957396830413));
#15056=CARTESIAN_POINT('Ctrl Pts',(18.72725397023,7.,-13.3525263053291));
#15057=CARTESIAN_POINT('',(16.4016249524238,7.,-16.124103042341));
#15058=CARTESIAN_POINT('Origin',(0.,7.,0.));
#15059=CARTESIAN_POINT('Ctrl Pts',(16.4016249524238,7.,-16.124103042341));
#15060=CARTESIAN_POINT('Ctrl Pts',(16.0715064341477,7.51121841822011,-15.7306831122035));
#15061=CARTESIAN_POINT('Ctrl Pts',(15.7557408949116,8.,-15.3543683964015));
#15062=CARTESIAN_POINT('Origin',(0.,7.75,0.));
#15063=CARTESIAN_POINT('',(9.55405017435082,8.,-19.8171674380066));
#15064=CARTESIAN_POINT('Ctrl Pts',(9.55405017435082,8.,-19.8171674380066));
#15065=CARTESIAN_POINT('Ctrl Pts',(9.46711640024564,8.25290327129234,-19.5783188566646));
#15066=CARTESIAN_POINT('Ctrl Pts',(9.38215839383059,8.5,-19.3448986524374));
#15067=CARTESIAN_POINT('',(12.3851453451881,8.,-18.1826338790222));
#15068=CARTESIAN_POINT('Ctrl Pts',(12.0620944697309,8.5,-17.7976368376054));
#15069=CARTESIAN_POINT('Ctrl Pts',(12.2217632932449,8.25290327113094,-17.9879227316535));
#15070=CARTESIAN_POINT('Ctrl Pts',(12.3851453451881,8.,-18.1826338790222));
#15071=CARTESIAN_POINT('',(13.0310294027003,7.,-18.9523685249617));
#15072=CARTESIAN_POINT('Ctrl Pts',(12.3851453451881,8.,-18.1826338790222));
#15073=CARTESIAN_POINT('Ctrl Pts',(12.7009108844174,7.51121841823057,-18.5589485948162));
#15074=CARTESIAN_POINT('Ctrl Pts',(13.0310294027003,7.,-18.9523685249617));
#15075=CARTESIAN_POINT('',(9.89771790315135,7.,-20.7613867626813));
#15076=CARTESIAN_POINT('Origin',(0.,7.,0.));
#15077=CARTESIAN_POINT('Ctrl Pts',(9.89771790315135,7.,-20.7613867626813));
#15078=CARTESIAN_POINT('Ctrl Pts',(9.72206550843128,7.51121841823173,-20.2787857745148));
#15079=CARTESIAN_POINT('Ctrl Pts',(9.55405017435082,8.,-19.8171674380066));
#15080=CARTESIAN_POINT('Origin',(0.,7.75,0.));
#15081=CARTESIAN_POINT('',(2.2,8.,-21.8897236163456));
#15082=CARTESIAN_POINT('Ctrl Pts',(2.2,8.,-21.8897236163456));
#15083=CARTESIAN_POINT('Ctrl Pts',(2.2,8.25290327113342,-21.6355462652538));
#15084=CARTESIAN_POINT('Ctrl Pts',(2.2,8.5,-21.3871456721088));
#15085=CARTESIAN_POINT('',(5.41940264289282,8.,-21.3220560686395));
#15086=CARTESIAN_POINT('Ctrl Pts',(5.2475108623726,8.5,-20.8497872830703));
#15087=CARTESIAN_POINT('Ctrl Pts',(5.33246886884309,8.25290327113098,-21.0832074874499));
#15088=CARTESIAN_POINT('Ctrl Pts',(5.41940264289282,8.,-21.3220560686395));
#15089=CARTESIAN_POINT('',(5.76307037169335,7.,-22.2662753933142));
#15090=CARTESIAN_POINT('Ctrl Pts',(5.41940264289282,8.,-21.3220560686395));
#15091=CARTESIAN_POINT('Ctrl Pts',(5.58741797697182,7.51121841823596,-21.7836744051437));
#15092=CARTESIAN_POINT('Ctrl Pts',(5.76307037169335,7.,-22.2662753933142));
#15093=CARTESIAN_POINT('',(2.2,7.,-22.8945408340067));
#15094=CARTESIAN_POINT('Origin',(0.,7.,0.));
#15095=CARTESIAN_POINT('Ctrl Pts',(2.2,7.,-22.8945408340067));
#15096=CARTESIAN_POINT('Ctrl Pts',(2.2,7.51121841823656,-22.3809675894201));
#15097=CARTESIAN_POINT('Ctrl Pts',(2.2,8.,-21.8897236163456));
#15098=CARTESIAN_POINT('Origin',(0.,7.75,0.));
#15099=CARTESIAN_POINT('',(-5.41940264289281,8.,-21.3220560686395));
#15100=CARTESIAN_POINT('Ctrl Pts',(-5.41940264289281,8.,-21.3220560686395));
#15101=CARTESIAN_POINT('Ctrl Pts',(-5.33246886880038,8.25290327125522,-21.0832074873326));
#15102=CARTESIAN_POINT('Ctrl Pts',(-5.24751086237259,8.5,-20.8497872830704));
#15103=CARTESIAN_POINT('',(-2.2,8.,-21.8897236163456));
#15104=CARTESIAN_POINT('Ctrl Pts',(-2.2,8.5,-21.3871456721088));
#15105=CARTESIAN_POINT('Ctrl Pts',(-2.2,8.25290327115072,-21.6355462652364));
#15106=CARTESIAN_POINT('Ctrl Pts',(-2.2,8.,-21.8897236163456));
#15107=CARTESIAN_POINT('',(-2.2,7.,-22.8945408340067));
#15108=CARTESIAN_POINT('Ctrl Pts',(-2.2,8.,-21.8897236163456));
#15109=CARTESIAN_POINT('Ctrl Pts',(-2.2,7.51121841823641,-22.3809675894202));
#15110=CARTESIAN_POINT('Ctrl Pts',(-2.2,7.,-22.8945408340067));
#15111=CARTESIAN_POINT('',(-5.76307037169334,7.,-22.2662753933142));
#15112=CARTESIAN_POINT('Origin',(0.,7.,0.));
#15113=CARTESIAN_POINT('Ctrl Pts',(-5.76307037169334,7.,-22.2662753933142));
#15114=CARTESIAN_POINT('Ctrl Pts',(-5.58741797697184,7.51121841823589,-21.7836744051438));
#15115=CARTESIAN_POINT('Ctrl Pts',(-5.41940264289281,8.,-21.3220560686395));
#15116=CARTESIAN_POINT('Origin',(0.,7.75,0.));
#15117=CARTESIAN_POINT('',(-12.3851453451881,8.,-18.1826338790222));
#15118=CARTESIAN_POINT('Ctrl Pts',(-12.3851453451881,8.,-18.1826338790222));
#15119=CARTESIAN_POINT('Ctrl Pts',(-12.2217632932503,8.25290327112257,-17.98792273166));
#15120=CARTESIAN_POINT('Ctrl Pts',(-12.0620944697309,8.5,-17.7976368376054));
#15121=CARTESIAN_POINT('',(-9.55405017435081,8.,-19.8171674380066));
#15122=CARTESIAN_POINT('Ctrl Pts',(-9.38215839383059,8.5,-19.3448986524374));
#15123=CARTESIAN_POINT('Ctrl Pts',(-9.46711640029981,8.25290327113468,-19.5783188568135));
#15124=CARTESIAN_POINT('Ctrl Pts',(-9.55405017435081,8.,-19.8171674380066));
#15125=CARTESIAN_POINT('',(-9.89771790315134,7.,-20.7613867626813));
#15126=CARTESIAN_POINT('Ctrl Pts',(-9.55405017435081,8.,-19.8171674380066));
#15127=CARTESIAN_POINT('Ctrl Pts',(-9.72206550843211,7.5112184182293,-20.2787857745171));
#15128=CARTESIAN_POINT('Ctrl Pts',(-9.89771790315134,7.,-20.7613867626813));
#15129=CARTESIAN_POINT('',(-13.0310294027003,7.,-18.9523685249617));
#15130=CARTESIAN_POINT('Origin',(0.,7.,0.));
#15131=CARTESIAN_POINT('Ctrl Pts',(-13.0310294027003,7.,-18.9523685249617));
#15132=CARTESIAN_POINT('Ctrl Pts',(-12.7009108844121,7.5112184182387,-18.5589485948099));
#15133=CARTESIAN_POINT('Ctrl Pts',(-12.3851453451881,8.,-18.1826338790222));
#15134=CARTESIAN_POINT('Origin',(0.,7.75,0.));
#15135=CARTESIAN_POINT('',(-17.8570567335755,8.,-12.8501176964986));
#15136=CARTESIAN_POINT('Ctrl Pts',(-17.8570567335755,8.,-12.8501176964986));
#15137=CARTESIAN_POINT('Ctrl Pts',(-17.6369326903299,8.2529032712868,-12.7230290208756));
#15138=CARTESIAN_POINT('Ctrl Pts',(-17.4218114664846,8.5,-12.5988287243802));
#15139=CARTESIAN_POINT('',(-15.7557408949116,8.,-15.3543683964015));
#15140=CARTESIAN_POINT('Ctrl Pts',(-15.4326900194544,8.5,-14.9693713549846));
#15141=CARTESIAN_POINT('Ctrl Pts',(-15.5923588429753,8.25290327112023,-15.159657249041));
#15142=CARTESIAN_POINT('Ctrl Pts',(-15.7557408949116,8.,-15.3543683964015));
#15143=CARTESIAN_POINT('',(-16.4016249524238,7.,-16.124103042341));
#15144=CARTESIAN_POINT('Ctrl Pts',(-15.7557408949116,8.,-15.3543683964015));
#15145=CARTESIAN_POINT('Ctrl Pts',(-16.0715064341317,7.51121841824482,-15.7306831121845));
#15146=CARTESIAN_POINT('Ctrl Pts',(-16.4016249524238,7.,-16.124103042341));
#15147=CARTESIAN_POINT('',(-18.72725397023,7.,-13.3525263053291));
#15148=CARTESIAN_POINT('Origin',(0.,7.,0.));
#15149=CARTESIAN_POINT('Ctrl Pts',(-18.72725397023,7.,-13.3525263053291));
#15150=CARTESIAN_POINT('Ctrl Pts',(-18.2824864937218,7.51121841822755,-13.0957396830404));
#15151=CARTESIAN_POINT('Ctrl Pts',(-17.8570567335755,8.,-12.8501176964986));
#15152=CARTESIAN_POINT('Origin',(0.,7.75,0.));
#15153=CARTESIAN_POINT('',(-21.1751435378044,8.,-5.96768767223805));
#15154=CARTESIAN_POINT('Ctrl Pts',(-21.1751435378044,8.,-5.96768767223805));
#15155=CARTESIAN_POINT('Ctrl Pts',(-20.9248277116725,8.25290327127139,-5.92355023839267));
#15156=CARTESIAN_POINT('Ctrl Pts',(-20.6802008818269,8.5,-5.88041592808572));
#15157=CARTESIAN_POINT('',(-20.0570567335755,8.,-9.03960591984707));
#15158=CARTESIAN_POINT('Ctrl Pts',(-19.6218114664846,8.5,-8.78831694772862));
#15159=CARTESIAN_POINT('Ctrl Pts',(-19.8369326903432,8.25290327127151,-8.91251724423178));
#15160=CARTESIAN_POINT('Ctrl Pts',(-20.0570567335755,8.,-9.03960591984707));
#15161=CARTESIAN_POINT('',(-20.92725397023,7.,-9.54201452867759));
#15162=CARTESIAN_POINT('Ctrl Pts',(-20.0570567335755,8.,-9.03960591984707));
#15163=CARTESIAN_POINT('Ctrl Pts',(-20.4824864937248,7.51121841822419,-9.28522790639053));
#15164=CARTESIAN_POINT('Ctrl Pts',(-20.92725397023,7.,-9.54201452867759));
#15165=CARTESIAN_POINT('',(-22.1646953241171,7.,-6.14217235097324));
#15166=CARTESIAN_POINT('Origin',(0.,7.,0.));
#15167=CARTESIAN_POINT('Ctrl Pts',(-22.1646953241171,7.,-6.14217235097324));
#15168=CARTESIAN_POINT('Ctrl Pts',(-21.6589244111215,7.51121841822354,-6.05299129295457));
#15169=CARTESIAN_POINT('Ctrl Pts',(-21.1751435378044,8.,-5.96768767223805));
#15170=CARTESIAN_POINT('Origin',(0.,7.75,0.));
#15171=CARTESIAN_POINT('',(-21.9391955195389,8.,1.63453355898432));
#15172=CARTESIAN_POINT('Ctrl Pts',(-21.9391955195389,8.,1.63453355898432));
#15173=CARTESIAN_POINT('Ctrl Pts',(-21.6888796935316,8.25290327114545,1.59039612516092));
#15174=CARTESIAN_POINT('Ctrl Pts',(-21.4442528635614,8.5,1.547261814832));
#15175=CARTESIAN_POINT('',(-21.9391955195389,8.,-1.63453355898433));
#15176=CARTESIAN_POINT('Ctrl Pts',(-21.4442528635614,8.5,-1.547261814832));
#15177=CARTESIAN_POINT('Ctrl Pts',(-21.6888796934168,8.25290327126148,-1.59039612514068));
#15178=CARTESIAN_POINT('Ctrl Pts',(-21.9391955195389,8.,-1.63453355898433));
#15179=CARTESIAN_POINT('',(-22.9287473058516,7.,-1.80901823771953));
#15180=CARTESIAN_POINT('Ctrl Pts',(-21.9391955195389,8.,-1.63453355898433));
#15181=CARTESIAN_POINT('Ctrl Pts',(-22.422976392856,7.51121841822352,-1.71983717970085));
#15182=CARTESIAN_POINT('Ctrl Pts',(-22.9287473058516,7.,-1.80901823771953));
#15183=CARTESIAN_POINT('',(-22.9287473058516,7.,1.80901823771952));
#15184=CARTESIAN_POINT('Origin',(0.,7.,0.));
#15185=CARTESIAN_POINT('Ctrl Pts',(-22.9287473058516,7.,1.80901823771952));
#15186=CARTESIAN_POINT('Ctrl Pts',(-22.4229763928563,7.51121841822325,1.71983717970089));
#15187=CARTESIAN_POINT('Ctrl Pts',(-21.9391955195389,8.,1.63453355898432));
#15188=CARTESIAN_POINT('Origin',(0.,7.75,0.));
#15189=CARTESIAN_POINT('',(-20.0570567335755,8.,9.03960591984706));
#15190=CARTESIAN_POINT('Ctrl Pts',(-20.0570567335755,8.,9.03960591984706));
#15191=CARTESIAN_POINT('Ctrl Pts',(-19.8369326903256,8.25290327129176,8.9125172442216));
#15192=CARTESIAN_POINT('Ctrl Pts',(-19.6218114664846,8.5,8.78831694772861));
#15193=CARTESIAN_POINT('',(-21.1751435378044,8.,5.96768767223804));
#15194=CARTESIAN_POINT('Ctrl Pts',(-20.6802008818269,8.5,5.88041592808571));
#15195=CARTESIAN_POINT('Ctrl Pts',(-20.9248277116515,8.25290327129259,5.92355023838897));
#15196=CARTESIAN_POINT('Ctrl Pts',(-21.1751435378044,8.,5.96768767223804));
#15197=CARTESIAN_POINT('',(-22.1646953241171,7.,6.14217235097324));
#15198=CARTESIAN_POINT('Ctrl Pts',(-21.1751435378044,8.,5.96768767223804));
#15199=CARTESIAN_POINT('Ctrl Pts',(-21.6589244111071,7.51121841823812,6.05299129295201));
#15200=CARTESIAN_POINT('Ctrl Pts',(-22.1646953241171,7.,6.14217235097324));
#15201=CARTESIAN_POINT('',(-20.92725397023,7.,9.54201452867758));
#15202=CARTESIAN_POINT('Origin',(0.,7.,0.));
#15203=CARTESIAN_POINT('Ctrl Pts',(-20.92725397023,7.,9.54201452867758));
#15204=CARTESIAN_POINT('Ctrl Pts',(-20.4824864937277,7.51121841822082,9.28522790639222));
#15205=CARTESIAN_POINT('Ctrl Pts',(-20.0570567335755,8.,9.03960591984706));
#15206=CARTESIAN_POINT('Origin',(0.,7.75,0.));
#15207=CARTESIAN_POINT('',(-15.7557408949116,8.,15.3543683964014));
#15208=CARTESIAN_POINT('Ctrl Pts',(-15.7557408949116,8.,15.3543683964015));
#15209=CARTESIAN_POINT('Ctrl Pts',(-15.5923588428852,8.25290327125974,15.1596572489336));
#15210=CARTESIAN_POINT('Ctrl Pts',(-15.4326900194544,8.5,14.9693713549846));
#15211=CARTESIAN_POINT('',(-17.8570567335755,8.,12.8501176964986));
#15212=CARTESIAN_POINT('Ctrl Pts',(-17.4218114664846,8.5,12.5988287243801));
#15213=CARTESIAN_POINT('Ctrl Pts',(-17.6369326904345,8.25290327116651,12.723029020936));
#15214=CARTESIAN_POINT('Ctrl Pts',(-17.8570567335755,8.,12.8501176964986));
#15215=CARTESIAN_POINT('',(-18.72725397023,7.,13.3525263053291));
#15216=CARTESIAN_POINT('Ctrl Pts',(-17.8570567335755,8.,12.8501176964986));
#15217=CARTESIAN_POINT('Ctrl Pts',(-18.2824864937167,7.51121841823338,13.0957396830374));
#15218=CARTESIAN_POINT('Ctrl Pts',(-18.72725397023,7.,13.3525263053291));
#15219=CARTESIAN_POINT('',(-16.4016249524238,7.,16.124103042341));
#15220=CARTESIAN_POINT('Origin',(0.,7.,0.));
#15221=CARTESIAN_POINT('Ctrl Pts',(-16.4016249524238,7.,16.124103042341));
#15222=CARTESIAN_POINT('Ctrl Pts',(-16.0715064341424,7.51121841822827,15.7306831121972));
#15223=CARTESIAN_POINT('Ctrl Pts',(-15.7557408949116,8.,15.3543683964015));
#15224=CARTESIAN_POINT('Origin',(0.,8.,20.5));
#15225=CARTESIAN_POINT('',(-2.2,8.,20.5));
#15226=CARTESIAN_POINT('',(2.2,8.,20.5));
#15227=CARTESIAN_POINT('Origin',(0.,7.75,0.));
#15228=CARTESIAN_POINT('',(-9.55405017435083,8.,19.8171674380066));
#15229=CARTESIAN_POINT('Ctrl Pts',(-9.55405017435083,8.,19.8171674380066));
#15230=CARTESIAN_POINT('Ctrl Pts',(-9.46711640030088,8.25290327113161,19.5783188568164));
#15231=CARTESIAN_POINT('Ctrl Pts',(-9.38215839383061,8.5,19.3448986524374));
#15232=CARTESIAN_POINT('',(-12.3851453451881,8.,18.1826338790222));
#15233=CARTESIAN_POINT('Ctrl Pts',(-12.0620944697309,8.5,17.7976368376054));
#15234=CARTESIAN_POINT('Ctrl Pts',(-12.2217632931761,8.25290327123738,17.9879227315716));
#15235=CARTESIAN_POINT('Ctrl Pts',(-12.3851453451881,8.,18.1826338790222));
#15236=CARTESIAN_POINT('',(-13.0310294027003,7.,18.9523685249617));
#15237=CARTESIAN_POINT('Ctrl Pts',(-12.3851453451881,8.,18.1826338790222));
#15238=CARTESIAN_POINT('Ctrl Pts',(-12.7009108844186,7.51121841822865,18.5589485948177));
#15239=CARTESIAN_POINT('Ctrl Pts',(-13.0310294027003,7.,18.9523685249617));
#15240=CARTESIAN_POINT('',(-9.89771790315136,7.,20.7613867626813));
#15241=CARTESIAN_POINT('Origin',(0.,7.,0.));
#15242=CARTESIAN_POINT('Ctrl Pts',(-9.89771790315136,7.,20.7613867626813));
#15243=CARTESIAN_POINT('Ctrl Pts',(-9.72206550843224,7.51121841822896,20.2787857745174));
#15244=CARTESIAN_POINT('Ctrl Pts',(-9.55405017435083,8.,19.8171674380065));
#15245=CARTESIAN_POINT('Origin',(-2.92617032682577,0.,-14.4719565787907));
#15246=CARTESIAN_POINT('',(-5.76307037169335,0.,-22.2662753933142));
#15247=CARTESIAN_POINT('',(-5.76307037169334,4.25,-22.2662753933142));
#15248=CARTESIAN_POINT('',(-5.52552341610085,0.,-21.6136204967636));
#15249=CARTESIAN_POINT('',(0.915821171517487,0.,-3.916171691356));
#15250=CARTESIAN_POINT('',(-5.52552341610085,2.,-21.6136204967636));
#15251=CARTESIAN_POINT('',(-5.52552341610085,0.,-21.6136204967636));
#15252=CARTESIAN_POINT('',(-4.70467507211924,2.,-19.3583582068775));
#15253=CARTESIAN_POINT('',(-4.0206347854679,2.,-17.4789729653056));
#15254=CARTESIAN_POINT('',(-4.70467507211924,0.,-19.3583582068775));
#15255=CARTESIAN_POINT('',(-4.70467507211924,0.,-19.3583582068775));
#15256=CARTESIAN_POINT('',(-2.92617032682577,0.,-14.4719565787907));
#15257=CARTESIAN_POINT('',(0.915821171517487,0.,-3.916171691356));
#15258=CARTESIAN_POINT('',(-2.92617032682577,0.,-14.4719565787907));
#15259=CARTESIAN_POINT('Origin',(-2.2,0.,-22.8945408340067));
#15260=CARTESIAN_POINT('',(-2.2,0.,-14.6));
#15261=CARTESIAN_POINT('',(-2.2,0.,-14.6));
#15262=CARTESIAN_POINT('',(-2.2,0.,-19.8));
#15263=CARTESIAN_POINT('',(-2.2,0.,-11.4472704170034));
#15264=CARTESIAN_POINT('',(-2.2,2.,-19.8));
#15265=CARTESIAN_POINT('',(-2.2,0.,-19.8));
#15266=CARTESIAN_POINT('',(-2.2,2.,-22.2));
#15267=CARTESIAN_POINT('',(-2.2,2.,-21.9472704170034));
#15268=CARTESIAN_POINT('',(-2.2,0.,-22.2));
#15269=CARTESIAN_POINT('',(-2.2,0.,-22.2));
#15270=CARTESIAN_POINT('',(-2.2,0.,-22.8945408340067));
#15271=CARTESIAN_POINT('',(-2.2,0.,-11.4472704170034));
#15272=CARTESIAN_POINT('',(-2.2,4.25,-22.8945408340067));
#15273=CARTESIAN_POINT('Origin',(2.2,0.,-14.6));
#15274=CARTESIAN_POINT('',(2.2,0.,-22.8945408340067));
#15275=CARTESIAN_POINT('',(2.2,4.25,-22.8945408340067));
#15276=CARTESIAN_POINT('',(2.2,0.,-22.2));
#15277=CARTESIAN_POINT('',(2.2,0.,-7.3));
#15278=CARTESIAN_POINT('',(2.2,2.,-22.2));
#15279=CARTESIAN_POINT('',(2.2,0.,-22.2));
#15280=CARTESIAN_POINT('',(2.2,2.,-19.8));
#15281=CARTESIAN_POINT('',(2.2,2.,-17.8));
#15282=CARTESIAN_POINT('',(2.2,0.,-19.8));
#15283=CARTESIAN_POINT('',(2.2,0.,-19.8));
#15284=CARTESIAN_POINT('',(2.2,0.,-14.6));
#15285=CARTESIAN_POINT('',(2.2,0.,-7.3));
#15286=CARTESIAN_POINT('',(2.2,0.,-14.6));
#15287=CARTESIAN_POINT('Origin',(5.76307037169335,0.,-22.2662753933142));
#15288=CARTESIAN_POINT('',(2.92617032682577,0.,-14.4719565787907));
#15289=CARTESIAN_POINT('',(2.92617032682577,0.,-14.4719565787907));
#15290=CARTESIAN_POINT('',(4.70467507211924,0.,-19.3583582068775));
#15291=CARTESIAN_POINT('',(3.19311775504805,0.,-15.205388610013));
#15292=CARTESIAN_POINT('',(4.70467507211925,2.,-19.3583582068775));
#15293=CARTESIAN_POINT('',(4.70467507211925,0.,-19.3583582068775));
#15294=CARTESIAN_POINT('',(5.52552341610085,2.,-21.6136204967636));
#15295=CARTESIAN_POINT('',(5.4390848079017,2.,-21.3761323725674));
#15296=CARTESIAN_POINT('',(5.52552341610085,0.,-21.6136204967636));
#15297=CARTESIAN_POINT('',(5.52552341610085,0.,-21.6136204967636));
#15298=CARTESIAN_POINT('',(5.76307037169335,0.,-22.2662753933142));
#15299=CARTESIAN_POINT('',(3.19311775504805,0.,-15.205388610013));
#15300=CARTESIAN_POINT('',(5.76307037169335,4.25,-22.2662753933142));
#15301=CARTESIAN_POINT('Origin',(7.06081785828376,0.,-12.9670679481578));
#15302=CARTESIAN_POINT('',(9.89771790315135,0.,-20.7613867626813));
#15303=CARTESIAN_POINT('',(9.89771790315135,4.25,-20.7613867626813));
#15304=CARTESIAN_POINT('',(9.66017094755885,0.,-20.1087318661307));
#15305=CARTESIAN_POINT('',(5.90931526407226,0.,-9.80334057211827));
#15306=CARTESIAN_POINT('',(9.66017094755885,2.,-20.1087318661307));
#15307=CARTESIAN_POINT('',(9.66017094755885,0.,-20.1087318661307));
#15308=CARTESIAN_POINT('',(8.83932260357724,2.,-17.8534695762445));
#15309=CARTESIAN_POINT('',(8.15528231692591,2.,-15.9740843346727));
#15310=CARTESIAN_POINT('',(8.83932260357724,0.,-17.8534695762445));
#15311=CARTESIAN_POINT('',(8.83932260357724,0.,-17.8534695762445));
#15312=CARTESIAN_POINT('',(7.06081785828376,0.,-12.9670679481578));
#15313=CARTESIAN_POINT('',(5.90931526407226,0.,-9.80334057211827));
#15314=CARTESIAN_POINT('',(7.06081785828376,0.,-12.9670679481578));
#15315=CARTESIAN_POINT('Origin',(13.0310294027003,0.,-18.9523685249618));
#15316=CARTESIAN_POINT('',(7.69940132656173,0.,-12.5983816108475));
#15317=CARTESIAN_POINT('',(7.69940132656173,0.,-12.5983816108475));
#15318=CARTESIAN_POINT('',(11.0418968969317,0.,-16.5818127150661));
#15319=CARTESIAN_POINT('',(10.4243887923344,0.,-15.8458952129563));
#15320=CARTESIAN_POINT('',(11.0418968969317,2.,-16.5818127150661));
#15321=CARTESIAN_POINT('',(11.0418968969317,0.,-16.5818127150661));
#15322=CARTESIAN_POINT('',(12.5845871601794,2.,-18.4203193785517));
#15323=CARTESIAN_POINT('',(12.4221357156279,2.,-18.2267172858853));
#15324=CARTESIAN_POINT('',(12.5845871601794,0.,-18.4203193785517));
#15325=CARTESIAN_POINT('',(12.5845871601794,0.,-18.4203193785517));
#15326=CARTESIAN_POINT('',(13.0310294027003,0.,-18.9523685249618));
#15327=CARTESIAN_POINT('',(10.4243887923344,0.,-15.8458952129563));
#15328=CARTESIAN_POINT('',(13.0310294027003,4.25,-18.9523685249617));
#15329=CARTESIAN_POINT('Origin',(11.0699968762852,0.,-9.77011612822669));
#15330=CARTESIAN_POINT('',(16.4016249524238,0.,-16.124103042341));
#15331=CARTESIAN_POINT('',(16.4016249524238,4.25,-16.124103042341));
#15332=CARTESIAN_POINT('',(15.9551827099029,0.,-15.5920538959309));
#15333=CARTESIAN_POINT('',(11.1291703039886,0.,-9.84063627327835));
#15334=CARTESIAN_POINT('',(15.9551827099029,2.,-15.5920538959309));
#15335=CARTESIAN_POINT('',(15.9551827099029,0.,-15.5920538959309));
#15336=CARTESIAN_POINT('',(14.4124924466552,2.,-13.7535472324454));
#15337=CARTESIAN_POINT('',(13.1269172272822,2.,-12.2214583462074));
#15338=CARTESIAN_POINT('',(14.4124924466552,0.,-13.7535472324454));
#15339=CARTESIAN_POINT('',(14.4124924466552,0.,-13.7535472324454));
#15340=CARTESIAN_POINT('',(11.0699968762852,0.,-9.77011612822669));
#15341=CARTESIAN_POINT('',(11.1291703039886,0.,-9.84063627327835));
#15342=CARTESIAN_POINT('',(11.0699968762852,0.,-9.77011612822669));
#15343=CARTESIAN_POINT('Origin',(18.72725397023,0.,-13.3525263053291));
#15344=CARTESIAN_POINT('',(11.5439708952528,0.,-9.20525588832576));
#15345=CARTESIAN_POINT('',(11.5439708952528,0.,-9.20525588832576));
#15346=CARTESIAN_POINT('',(16.0473029949319,0.,-11.8052558883258));
#15347=CARTESIAN_POINT('',(17.438626985115,0.,-12.608537168588));
#15348=CARTESIAN_POINT('',(16.0473029949319,2.,-11.8052558883258));
#15349=CARTESIAN_POINT('',(16.0473029949319,0.,-11.8052558883258));
#15350=CARTESIAN_POINT('',(18.1257639640145,2.,-13.0052558883258));
#15351=CARTESIAN_POINT('',(17.9068937248516,2.,-12.8788910968274));
#15352=CARTESIAN_POINT('',(18.1257639640145,0.,-13.0052558883258));
#15353=CARTESIAN_POINT('',(18.1257639640145,0.,-13.0052558883258));
#15354=CARTESIAN_POINT('',(18.72725397023,0.,-13.3525263053291));
#15355=CARTESIAN_POINT('',(17.438626985115,0.,-12.608537168588));
#15356=CARTESIAN_POINT('',(18.72725397023,4.25,-13.3525263053291));
#15357=CARTESIAN_POINT('Origin',(13.7439708952528,0.,-5.39474411167423));
#15358=CARTESIAN_POINT('',(20.92725397023,0.,-9.54201452867758));
#15359=CARTESIAN_POINT('',(20.92725397023,4.25,-9.54201452867758));
#15360=CARTESIAN_POINT('',(20.3257639640145,0.,-9.19474411167423));
#15361=CARTESIAN_POINT('',(16.0469854476264,0.,-6.72439018343476));
#15362=CARTESIAN_POINT('',(20.3257639640145,2.,-9.19474411167423));
#15363=CARTESIAN_POINT('',(20.3257639640145,0.,-9.19474411167423));
#15364=CARTESIAN_POINT('',(18.2473029949319,2.,-7.99474411167423));
#15365=CARTESIAN_POINT('',(16.515252187363,2.,-6.99474411167423));
#15366=CARTESIAN_POINT('',(18.2473029949319,0.,-7.99474411167423));
#15367=CARTESIAN_POINT('',(18.2473029949319,0.,-7.99474411167423));
#15368=CARTESIAN_POINT('',(13.7439708952528,0.,-5.39474411167423));
#15369=CARTESIAN_POINT('',(16.0469854476264,0.,-6.72439018343476));
#15370=CARTESIAN_POINT('',(13.7439708952528,0.,-5.39474411167423));
#15371=CARTESIAN_POINT('Origin',(22.1646953241171,0.,-6.14217235097325));
#15372=CARTESIAN_POINT('',(13.996167203111,0.,-4.70184045056404));
#15373=CARTESIAN_POINT('',(13.996167203111,0.,-4.70184045056404));
#15374=CARTESIAN_POINT('',(19.1171675187745,0.,-5.60481097443208));
#15375=CARTESIAN_POINT('',(22.0445672361439,0.,-6.12099052792265));
#15376=CARTESIAN_POINT('',(19.1171675187745,2.,-5.60481097443208));
#15377=CARTESIAN_POINT('',(19.1171675187745,0.,-5.60481097443208));
#15378=CARTESIAN_POINT('',(21.4807061260038,2.,-6.02156660083271));
#15379=CARTESIAN_POINT('',(21.2318160732531,2.,-5.97768056930282));
#15380=CARTESIAN_POINT('',(21.4807061260038,0.,-6.02156660083271));
#15381=CARTESIAN_POINT('',(21.4807061260038,0.,-6.02156660083271));
#15382=CARTESIAN_POINT('',(22.1646953241171,0.,-6.14217235097325));
#15383=CARTESIAN_POINT('',(22.0445672361439,0.,-6.12099052792265));
#15384=CARTESIAN_POINT('',(22.1646953241171,4.25,-6.14217235097325));
#15385=CARTESIAN_POINT('Origin',(14.7602191848455,0.,-0.368686337310327));
#15386=CARTESIAN_POINT('',(22.9287473058516,0.,-1.80901823771953));
#15387=CARTESIAN_POINT('',(22.9287473058516,4.25,-1.80901823771953));
#15388=CARTESIAN_POINT('',(22.2447581077383,0.,-1.688412487579));
#15389=CARTESIAN_POINT('',(18.7243551573753,0.,-1.06767046446433));
#15390=CARTESIAN_POINT('',(22.2447581077383,2.,-1.68841248757899));
#15391=CARTESIAN_POINT('',(22.2447581077383,0.,-1.68841248757899));
#15392=CARTESIAN_POINT('',(19.881219500509,2.,-1.27165686117836));
#15393=CARTESIAN_POINT('',(17.9116039944845,2.,-0.924360505844503));
#15394=CARTESIAN_POINT('',(19.881219500509,0.,-1.27165686117836));
#15395=CARTESIAN_POINT('',(19.881219500509,0.,-1.27165686117836));
#15396=CARTESIAN_POINT('',(14.7602191848455,0.,-0.368686337310327));
#15397=CARTESIAN_POINT('',(18.7243551573753,0.,-1.06767046446433));
#15398=CARTESIAN_POINT('',(14.7602191848455,0.,-0.368686337310327));
#15399=CARTESIAN_POINT('Origin',(22.9287473058516,0.,1.80901823771953));
#15400=CARTESIAN_POINT('',(14.7602191848455,0.,0.368686337310325));
#15401=CARTESIAN_POINT('',(14.7602191848455,0.,0.368686337310325));
#15402=CARTESIAN_POINT('',(19.881219500509,0.,1.27165686117836));
#15403=CARTESIAN_POINT('',(22.8086192178784,0.,1.78783641466893));
#15404=CARTESIAN_POINT('',(19.881219500509,2.,1.27165686117836));
#15405=CARTESIAN_POINT('',(19.881219500509,0.,1.27165686117836));
#15406=CARTESIAN_POINT('',(22.2447581077383,2.,1.688412487579));
#15407=CARTESIAN_POINT('',(21.9958680549876,2.,1.64452645604911));
#15408=CARTESIAN_POINT('',(22.2447581077383,0.,1.688412487579));
#15409=CARTESIAN_POINT('',(22.2447581077383,0.,1.688412487579));
#15410=CARTESIAN_POINT('',(22.9287473058516,0.,1.80901823771953));
#15411=CARTESIAN_POINT('',(22.8086192178784,0.,1.78783641466893));
#15412=CARTESIAN_POINT('',(22.9287473058516,4.25,1.80901823771953));
#15413=CARTESIAN_POINT('Origin',(13.996167203111,0.,4.70184045056404));
#15414=CARTESIAN_POINT('',(22.1646953241171,0.,6.14217235097325));
#15415=CARTESIAN_POINT('',(22.1646953241171,4.25,6.14217235097325));
#15416=CARTESIAN_POINT('',(21.4807061260038,0.,6.02156660083272));
#15417=CARTESIAN_POINT('',(17.9603031756408,0.,5.40082457771805));
#15418=CARTESIAN_POINT('',(21.4807061260038,2.,6.02156660083272));
#15419=CARTESIAN_POINT('',(21.4807061260038,0.,6.02156660083272));
#15420=CARTESIAN_POINT('',(19.1171675187745,2.,5.60481097443208));
#15421=CARTESIAN_POINT('',(17.1475520127501,2.,5.25751461909822));
#15422=CARTESIAN_POINT('',(19.1171675187745,0.,5.60481097443208));
#15423=CARTESIAN_POINT('',(19.1171675187745,0.,5.60481097443208));
#15424=CARTESIAN_POINT('',(13.996167203111,0.,4.70184045056404));
#15425=CARTESIAN_POINT('',(17.9603031756408,0.,5.40082457771805));
#15426=CARTESIAN_POINT('',(13.996167203111,0.,4.70184045056404));
#15427=CARTESIAN_POINT('Origin',(20.92725397023,0.,9.54201452867759));
#15428=CARTESIAN_POINT('',(13.7439708952528,0.,5.39474411167424));
#15429=CARTESIAN_POINT('',(13.7439708952528,0.,5.39474411167424));
#15430=CARTESIAN_POINT('',(18.2473029949319,0.,7.99474411167424));
#15431=CARTESIAN_POINT('',(19.638626985115,0.,8.79802539193644));
#15432=CARTESIAN_POINT('',(18.2473029949319,2.,7.99474411167424));
#15433=CARTESIAN_POINT('',(18.2473029949319,0.,7.99474411167424));
#15434=CARTESIAN_POINT('',(20.3257639640145,2.,9.19474411167424));
#15435=CARTESIAN_POINT('',(20.1068937248516,2.,9.06837932017592));
#15436=CARTESIAN_POINT('',(20.3257639640145,0.,9.19474411167424));
#15437=CARTESIAN_POINT('',(20.3257639640145,0.,9.19474411167424));
#15438=CARTESIAN_POINT('',(20.92725397023,0.,9.54201452867759));
#15439=CARTESIAN_POINT('',(19.638626985115,0.,8.79802539193644));
#15440=CARTESIAN_POINT('',(20.92725397023,4.25,9.54201452867759));
#15441=CARTESIAN_POINT('Origin',(11.5439708952528,0.,9.20525588832577));
#15442=CARTESIAN_POINT('',(18.72725397023,0.,13.3525263053291));
#15443=CARTESIAN_POINT('',(18.72725397023,4.25,13.3525263053291));
#15444=CARTESIAN_POINT('',(18.1257639640145,0.,13.0052558883258));
#15445=CARTESIAN_POINT('',(13.8469854476264,0.,10.5349019600863));
#15446=CARTESIAN_POINT('',(18.1257639640145,2.,13.0052558883258));
#15447=CARTESIAN_POINT('',(18.1257639640145,0.,13.0052558883258));
#15448=CARTESIAN_POINT('',(16.0473029949319,2.,11.8052558883258));
#15449=CARTESIAN_POINT('',(14.315252187363,2.,10.8052558883258));
#15450=CARTESIAN_POINT('',(16.0473029949319,0.,11.8052558883258));
#15451=CARTESIAN_POINT('',(16.0473029949319,0.,11.8052558883258));
#15452=CARTESIAN_POINT('',(11.5439708952528,0.,9.20525588832577));
#15453=CARTESIAN_POINT('',(13.8469854476264,0.,10.5349019600863));
#15454=CARTESIAN_POINT('',(11.5439708952528,0.,9.20525588832577));
#15455=CARTESIAN_POINT('Origin',(16.4016249524238,0.,16.124103042341));
#15456=CARTESIAN_POINT('',(11.0699968762852,0.,9.7701161282267));
#15457=CARTESIAN_POINT('',(11.0699968762852,0.,9.7701161282267));
#15458=CARTESIAN_POINT('',(14.4124924466552,0.,13.7535472324454));
#15459=CARTESIAN_POINT('',(13.7949843420579,0.,13.0176297303355));
#15460=CARTESIAN_POINT('',(14.4124924466552,2.,13.7535472324454));
#15461=CARTESIAN_POINT('',(14.4124924466552,0.,13.7535472324454));
#15462=CARTESIAN_POINT('',(15.9551827099029,2.,15.5920538959309));
#15463=CARTESIAN_POINT('',(15.7927312653514,2.,15.3984518032646));
#15464=CARTESIAN_POINT('',(15.9551827099029,0.,15.5920538959309));
#15465=CARTESIAN_POINT('',(15.9551827099029,0.,15.5920538959309));
#15466=CARTESIAN_POINT('',(16.4016249524238,0.,16.124103042341));
#15467=CARTESIAN_POINT('',(13.7949843420579,0.,13.0176297303355));
#15468=CARTESIAN_POINT('',(16.4016249524238,4.25,16.124103042341));
#15469=CARTESIAN_POINT('Origin',(7.69940132656173,0.,12.5983816108475));
#15470=CARTESIAN_POINT('',(13.0310294027003,0.,18.9523685249618));
#15471=CARTESIAN_POINT('',(13.0310294027003,4.25,18.9523685249617));
#15472=CARTESIAN_POINT('',(12.5845871601794,0.,18.4203193785517));
#15473=CARTESIAN_POINT('',(7.75857475426514,0.,12.6689017558991));
#15474=CARTESIAN_POINT('',(12.5845871601794,2.,18.4203193785517));
#15475=CARTESIAN_POINT('',(12.5845871601794,0.,18.4203193785517));
#15476=CARTESIAN_POINT('',(11.0418968969317,2.,16.5818127150662));
#15477=CARTESIAN_POINT('',(9.75632167755865,2.,15.0497238288282));
#15478=CARTESIAN_POINT('',(11.0418968969317,0.,16.5818127150662));
#15479=CARTESIAN_POINT('',(11.0418968969317,0.,16.5818127150662));
#15480=CARTESIAN_POINT('',(7.69940132656173,0.,12.5983816108475));
#15481=CARTESIAN_POINT('',(7.75857475426514,0.,12.6689017558991));
#15482=CARTESIAN_POINT('',(7.69940132656173,0.,12.5983816108475));
#15483=CARTESIAN_POINT('Origin',(0.,4.25,0.));
#15484=CARTESIAN_POINT('',(9.89771790315134,0.,20.7613867626813));
#15485=CARTESIAN_POINT('',(9.89771790315134,4.25,20.7613867626813));
#15486=CARTESIAN_POINT('Origin',(0.,0.,0.));
#15487=CARTESIAN_POINT('Origin',(0.,4.25,0.));
#15488=CARTESIAN_POINT('Origin',(0.,0.,0.));
#15489=CARTESIAN_POINT('Origin',(0.,4.25,0.));
#15490=CARTESIAN_POINT('',(2.2,0.,22.8945408340067));
#15491=CARTESIAN_POINT('',(2.2,4.25,22.8945408340067));
#15492=CARTESIAN_POINT('',(5.76307037169335,0.,22.2662753933142));
#15493=CARTESIAN_POINT('Origin',(0.,0.,0.));
#15494=CARTESIAN_POINT('',(5.76307037169335,4.25,22.2662753933142));
#15495=CARTESIAN_POINT('Origin',(0.,4.25,0.));
#15496=CARTESIAN_POINT('Origin',(0.,0.,0.));
#15497=CARTESIAN_POINT('Origin',(0.,4.25,0.));
#15498=CARTESIAN_POINT('',(-5.76307037169337,0.,22.2662753933142));
#15499=CARTESIAN_POINT('',(-5.76307037169336,4.25,22.2662753933142));
#15500=CARTESIAN_POINT('',(-2.2,0.,22.8945408340067));
#15501=CARTESIAN_POINT('Origin',(0.,0.,0.));
#15502=CARTESIAN_POINT('',(-2.2,4.25,22.8945408340067));
#15503=CARTESIAN_POINT('Origin',(0.,4.25,0.));
#15504=CARTESIAN_POINT('Origin',(0.,0.,0.));
#15505=CARTESIAN_POINT('Origin',(0.,4.25,0.));
#15506=CARTESIAN_POINT('',(-13.0310294027003,0.,18.9523685249617));
#15507=CARTESIAN_POINT('',(-13.0310294027003,4.25,18.9523685249617));
#15508=CARTESIAN_POINT('',(-9.89771790315136,0.,20.7613867626813));
#15509=CARTESIAN_POINT('Origin',(0.,0.,0.));
#15510=CARTESIAN_POINT('',(-9.89771790315136,4.25,20.7613867626813));
#15511=CARTESIAN_POINT('Origin',(0.,4.25,0.));
#15512=CARTESIAN_POINT('Origin',(0.,0.,0.));
#15513=CARTESIAN_POINT('Origin',(0.,4.25,0.));
#15514=CARTESIAN_POINT('',(-18.72725397023,0.,13.3525263053291));
#15515=CARTESIAN_POINT('',(-18.72725397023,4.25,13.3525263053291));
#15516=CARTESIAN_POINT('',(-16.4016249524238,0.,16.124103042341));
#15517=CARTESIAN_POINT('Origin',(0.,0.,0.));
#15518=CARTESIAN_POINT('',(-16.4016249524238,4.25,16.124103042341));
#15519=CARTESIAN_POINT('Origin',(0.,4.25,0.));
#15520=CARTESIAN_POINT('Origin',(0.,0.,0.));
#15521=CARTESIAN_POINT('Origin',(0.,4.25,0.));
#15522=CARTESIAN_POINT('',(-22.1646953241171,0.,6.14217235097324));
#15523=CARTESIAN_POINT('',(-22.1646953241171,4.25,6.14217235097324));
#15524=CARTESIAN_POINT('',(-20.92725397023,0.,9.54201452867759));
#15525=CARTESIAN_POINT('Origin',(0.,0.,0.));
#15526=CARTESIAN_POINT('',(-20.92725397023,4.25,9.54201452867758));
#15527=CARTESIAN_POINT('Origin',(0.,4.25,0.));
#15528=CARTESIAN_POINT('Origin',(0.,0.,0.));
#15529=CARTESIAN_POINT('Origin',(0.,4.25,0.));
#15530=CARTESIAN_POINT('',(-22.9287473058516,0.,-1.80901823771953));
#15531=CARTESIAN_POINT('',(-22.9287473058516,4.25,-1.80901823771953));
#15532=CARTESIAN_POINT('',(-22.9287473058516,0.,1.80901823771952));
#15533=CARTESIAN_POINT('Origin',(0.,0.,0.));
#15534=CARTESIAN_POINT('',(-22.9287473058516,4.25,1.80901823771952));
#15535=CARTESIAN_POINT('Origin',(0.,4.25,0.));
#15536=CARTESIAN_POINT('Origin',(0.,0.,0.));
#15537=CARTESIAN_POINT('Origin',(0.,4.25,0.));
#15538=CARTESIAN_POINT('',(-20.92725397023,0.,-9.5420145286776));
#15539=CARTESIAN_POINT('',(-20.92725397023,4.25,-9.54201452867759));
#15540=CARTESIAN_POINT('',(-22.1646953241171,0.,-6.14217235097325));
#15541=CARTESIAN_POINT('Origin',(0.,0.,0.));
#15542=CARTESIAN_POINT('',(-22.1646953241171,4.25,-6.14217235097324));
#15543=CARTESIAN_POINT('Origin',(0.,4.25,0.));
#15544=CARTESIAN_POINT('Origin',(0.,0.,0.));
#15545=CARTESIAN_POINT('Origin',(0.,4.25,0.));
#15546=CARTESIAN_POINT('',(-16.4016249524238,0.,-16.124103042341));
#15547=CARTESIAN_POINT('',(-16.4016249524238,4.25,-16.124103042341));
#15548=CARTESIAN_POINT('',(-18.72725397023,0.,-13.3525263053291));
#15549=CARTESIAN_POINT('Origin',(0.,0.,0.));
#15550=CARTESIAN_POINT('',(-18.72725397023,4.25,-13.3525263053291));
#15551=CARTESIAN_POINT('Origin',(9.89771790315134,0.,20.7613867626813));
#15552=CARTESIAN_POINT('',(7.06081785828376,0.,12.9670679481578));
#15553=CARTESIAN_POINT('',(7.06081785828376,0.,12.9670679481578));
#15554=CARTESIAN_POINT('',(8.83932260357724,0.,17.8534695762445));
#15555=CARTESIAN_POINT('',(7.32776528650605,0.,13.70049997938));
#15556=CARTESIAN_POINT('',(8.83932260357724,2.,17.8534695762445));
#15557=CARTESIAN_POINT('',(8.83932260357724,0.,17.8534695762445));
#15558=CARTESIAN_POINT('',(9.66017094755884,2.,20.1087318661307));
#15559=CARTESIAN_POINT('',(9.57373233935969,2.,19.8712437419344));
#15560=CARTESIAN_POINT('',(9.66017094755884,0.,20.1087318661307));
#15561=CARTESIAN_POINT('',(9.66017094755884,0.,20.1087318661307));
#15562=CARTESIAN_POINT('',(7.32776528650605,0.,13.70049997938));
#15563=CARTESIAN_POINT('Origin',(-4.61070581004067,0.,19.39256022121));
#15564=CARTESIAN_POINT('',(-4.70467507211926,0.,19.3583582068775));
#15565=CARTESIAN_POINT('',(-4.64490782437323,0.,19.4865294832886));
#15566=CARTESIAN_POINT('Origin',(-4.61070581004067,0.,19.39256022121));
#15567=CARTESIAN_POINT('',(-4.64490782437324,2.,19.4865294832886));
#15568=CARTESIAN_POINT('',(-4.64490782437324,0.,19.4865294832886));
#15569=CARTESIAN_POINT('',(-4.70467507211926,2.,19.3583582068775));
#15570=CARTESIAN_POINT('Origin',(-4.61070581004067,2.,19.39256022121));
#15571=CARTESIAN_POINT('',(-4.70467507211926,0.,19.3583582068775));
#15572=CARTESIAN_POINT('Origin',(-3.84616909670521,0.,19.7772466051154));
#15573=CARTESIAN_POINT('',(-3.84616909670521,0.,19.7772466051154));
#15574=CARTESIAN_POINT('',(4.8285705734911,0.,22.9345936350751));
#15575=CARTESIAN_POINT('',(-3.84616909670521,2.,19.7772466051154));
#15576=CARTESIAN_POINT('',(-3.84616909670521,0.,19.7772466051154));
#15577=CARTESIAN_POINT('',(-9.76623260765643,2.,17.6225197021637));
#15578=CARTESIAN_POINT('Origin',(23.,0.,0.));
#15579=CARTESIAN_POINT('',(-2.92617032682577,0.,14.4719565787907));
#15580=CARTESIAN_POINT('',(-0.502628850916301,0.,7.81333109861774));
#15581=CARTESIAN_POINT('',(-3.88244629076216,0.,12.4212161562122));
#15582=CARTESIAN_POINT('Origin',(-4.42967852008323,0.,13.9247243494697));
#15583=CARTESIAN_POINT('',(-5.01007743570525,0.,12.0107919842214));
#15584=CARTESIAN_POINT('',(5.99040147093614,0.,16.0146388689121));
#15585=CARTESIAN_POINT('',(-7.06081785828377,0.,12.9670679481578));
#15586=CARTESIAN_POINT('Origin',(-5.55730966502632,0.,13.5143001774789));
#15587=CARTESIAN_POINT('',(-8.83932260357726,0.,17.8534695762445));
#15588=CARTESIAN_POINT('',(-3.2188263599405,0.,2.41128306072305));
#15589=CARTESIAN_POINT('',(-8.96749387998841,0.,17.9132368239905));
#15590=CARTESIAN_POINT('Origin',(-8.93329186565585,0.,17.8192675619119));
#15591=CARTESIAN_POINT('',(-9.76623260765643,0.,17.6225197021637));
#15592=CARTESIAN_POINT('',(4.8285705734911,0.,22.9345936350751));
#15593=CARTESIAN_POINT('',(-10.5186769229729,0.,19.6898434678927));
#15594=CARTESIAN_POINT('',(-5.01788772950013,0.,4.57654936964632));
#15595=CARTESIAN_POINT('',(-9.71993819530489,0.,19.9805605897195));
#15596=CARTESIAN_POINT('',(1.11609450269902,0.,23.9245539493283));
#15597=CARTESIAN_POINT('',(-9.66017094755886,0.,20.1087318661307));
#15598=CARTESIAN_POINT('Origin',(-9.75414020963745,0.,20.0745298517981));
#15599=CARTESIAN_POINT('',(-3.2188263599405,0.,2.41128306072305));
#15600=CARTESIAN_POINT('',(-12.5845871601794,0.,18.4203193785517));
#15601=CARTESIAN_POINT('',(-0.92134283550411,0.,4.52060605331587));
#15602=CARTESIAN_POINT('',(-12.4437039548989,0.,18.4079936952085));
#15603=CARTESIAN_POINT('Origin',(-12.5079827158675,0.,18.4845981395204));
#15604=CARTESIAN_POINT('',(-11.7925661782477,0.,18.954363163442));
#15605=CARTESIAN_POINT('',(-8.66364915040007,0.,21.5798362874933));
#15606=CARTESIAN_POINT('',(-10.3784334369374,0.,17.2690653885803));
#15607=CARTESIAN_POINT('',(0.0617598872036762,0.,4.82692748715711));
#15608=CARTESIAN_POINT('',(-11.0295712135885,0.,16.7226959203467));
#15609=CARTESIAN_POINT('',(-4.8364764132649,0.,21.9193194831442));
#15610=CARTESIAN_POINT('',(-11.0418968969317,0.,16.5818127150661));
#15611=CARTESIAN_POINT('Origin',(-10.9652924526198,0.,16.6460914760348));
#15612=CARTESIAN_POINT('',(-7.69940132656173,0.,12.5983816108475));
#15613=CARTESIAN_POINT('',(-0.92134283550411,0.,4.52060605331587));
#15614=CARTESIAN_POINT('',(-7.89661226005363,0.,10.3442503263586));
#15615=CARTESIAN_POINT('Origin',(-8.92507243555209,0.,11.569921435349));
#15616=CARTESIAN_POINT('',(-8.8158655917964,0.,9.57290519473479));
#15617=CARTESIAN_POINT('',(-1.37794857140454,0.,15.8140586232729));
#15618=CARTESIAN_POINT('',(-11.0699968762852,0.,9.77011612822669));
#15619=CARTESIAN_POINT('Origin',(-9.84432576729487,0.,10.7985763037252));
#15620=CARTESIAN_POINT('',(-14.4124924466552,0.,13.7535472324454));
#15621=CARTESIAN_POINT('',(-1.62612434715833,0.,-1.48465288636205));
#15622=CARTESIAN_POINT('',(-14.5533756519358,0.,13.7658729157886));
#15623=CARTESIAN_POINT('Origin',(-14.4890968909671,0.,13.6892684714767));
#15624=CARTESIAN_POINT('',(-15.2045134285869,0.,13.2195034475551));
#15625=CARTESIAN_POINT('',(-4.8364764132649,0.,21.9193194831442));
#15626=CARTESIAN_POINT('',(-16.6186461698973,0.,14.9048012224168));
#15627=CARTESIAN_POINT('',(-4.05725373379068,0.,-0.0652833412989651));
#15628=CARTESIAN_POINT('',(-15.9675083932462,0.,15.4511706906504));
#15629=CARTESIAN_POINT('',(-8.66364915040007,0.,21.5798362874933));
#15630=CARTESIAN_POINT('',(-15.9551827099029,0.,15.5920538959309));
#15631=CARTESIAN_POINT('Origin',(-16.0317871542148,0.,15.5277751349623));
#15632=CARTESIAN_POINT('',(-1.62612434715833,0.,-1.48465288636205));
#15633=CARTESIAN_POINT('',(-18.1257639640145,0.,13.0052558883258));
#15634=CARTESIAN_POINT('',(-0.188626985114984,0.,2.64924502506692));
#15635=CARTESIAN_POINT('',(-17.9891614236361,0.,13.0418584287042));
#15636=CARTESIAN_POINT('Origin',(-18.0757639640145,0.,13.0918584287042));
#15637=CARTESIAN_POINT('',(-17.5641614236361,0.,13.777980021921));
#15638=CARTESIAN_POINT('',(-17.0516614236361,0.,14.6656560608));
#15639=CARTESIAN_POINT('',(-15.6589055353103,0.,12.677980021921));
#15640=CARTESIAN_POINT('',(0.630419288181959,0.,3.27333395016047));
#15641=CARTESIAN_POINT('',(-16.0839055353103,0.,11.9418584287042));
#15642=CARTESIAN_POINT('',(-13.5714055353103,0.,16.293636082721));
#15643=CARTESIAN_POINT('',(-16.0473029949319,0.,11.8052558883258));
#15644=CARTESIAN_POINT('Origin',(-15.9973029949319,0.,11.8918584287042));
#15645=CARTESIAN_POINT('',(-11.5439708952528,0.,9.20525588832577));
#15646=CARTESIAN_POINT('',(-0.188626985114984,0.,2.64924502506692));
#15647=CARTESIAN_POINT('',(-10.9583302491977,0.,7.01961524227067));
#15648=CARTESIAN_POINT('Origin',(-12.3439708952528,0.,7.81961524227067));
#15649=CARTESIAN_POINT('',(-11.5583302491977,0.,5.98038475772934));
#15650=CARTESIAN_POINT('',(-8.23333024919776,0.,11.7394536928958));
#15651=CARTESIAN_POINT('',(-13.7439708952528,0.,5.39474411167424));
#15652=CARTESIAN_POINT('Origin',(-12.9439708952528,0.,6.78038475772934));
#15653=CARTESIAN_POINT('',(-18.2473029949319,0.,7.99474411167424));
#15654=CARTESIAN_POINT('',(1.2030145523736,0.,-3.23490196008628));
#15655=CARTESIAN_POINT('',(-18.3839055353103,0.,7.95814157129579));
#15656=CARTESIAN_POINT('Origin',(-18.2973029949319,0.,7.90814157129579));
#15657=CARTESIAN_POINT('',(-18.8089055353103,0.,7.22201997807902));
#15658=CARTESIAN_POINT('',(-13.5714055353103,0.,16.293636082721));
#15659=CARTESIAN_POINT('',(-20.7141614236361,0.,8.32201997807902));
#15660=CARTESIAN_POINT('',(-1.56695276765516,0.,-2.7326260936815));
#15661=CARTESIAN_POINT('',(-20.2891614236361,0.,9.0581415712958));
#15662=CARTESIAN_POINT('',(-17.0516614236361,0.,14.6656560608));
#15663=CARTESIAN_POINT('',(-20.3257639640145,0.,9.19474411167424));
#15664=CARTESIAN_POINT('Origin',(-20.3757639640145,0.,9.1081415712958));
#15665=CARTESIAN_POINT('',(1.2030145523736,0.,-3.23490196008628));
#15666=CARTESIAN_POINT('',(-21.4807061260038,0.,6.02156660083271));
#15667=CARTESIAN_POINT('',(0.261897902894031,0.,2.18775887967746));
#15668=CARTESIAN_POINT('',(-21.3648605329359,0.,6.10268255836723));
#15669=CARTESIAN_POINT('Origin',(-21.4633413082371,0.,6.12004737613393));
#15670=CARTESIAN_POINT('',(-21.217259581919,0.,6.93976914842761));
#15671=CARTESIAN_POINT('',(-21.6909797909142,0.,4.25316833956752));
#15672=CARTESIAN_POINT('',(-19.0506825252921,0.,6.55774315756036));
#15673=CARTESIAN_POINT('',(0.818098658384905,0.,3.05434096108545));
#15674=CARTESIAN_POINT('',(-19.198283476309,0.,5.72065656749999));
#15675=CARTESIAN_POINT('',(-18.9774109746365,0.,6.97328677068873));
#15676=CARTESIAN_POINT('',(-19.1171675187745,0.,5.60481097443207));
#15677=CARTESIAN_POINT('Origin',(-19.0998027010078,0.,5.70329174973329));
#15678=CARTESIAN_POINT('',(-13.996167203111,0.,4.70184045056404));
#15679=CARTESIAN_POINT('',(0.261897902894031,0.,2.18775887967746));
#15680=CARTESIAN_POINT('',(-12.6983118825585,0.,2.84831096147742));
#15681=CARTESIAN_POINT('Origin',(-14.2740042873781,0.,3.1261480457445));
#15682=CARTESIAN_POINT('',(-12.9066896957589,0.,1.66654165786277));
#15683=CARTESIAN_POINT('',(-12.4036389053776,0.,4.51948445969628));
#15684=CARTESIAN_POINT('',(-14.7602191848455,0.,0.368686337310321));
#15685=CARTESIAN_POINT('Origin',(-14.4823821005784,0.,1.94437874212985));
#15686=CARTESIAN_POINT('',(-19.881219500509,0.,1.27165686117835));
#15687=CARTESIAN_POINT('',(3.58210998166261,0.,-2.86556118378086));
#15688=CARTESIAN_POINT('',(-19.9970650935769,0.,1.19054090364383));
#15689=CARTESIAN_POINT('Origin',(-19.8985843182757,0.,1.17317608587713));
#15690=CARTESIAN_POINT('',(-20.1446660445938,0.,0.353454313583451));
#15691=CARTESIAN_POINT('',(-18.9774109746365,0.,6.97328677068873));
#15692=CARTESIAN_POINT('',(-22.3112431012206,0.,0.7354803044507));
#15693=CARTESIAN_POINT('',(0.807403667396681,0.,-3.34096087832508));
#15694=CARTESIAN_POINT('',(-22.1636421502037,0.,1.57256689451107));
#15695=CARTESIAN_POINT('',(-21.6909797909142,0.,4.25316833956752));
#15696=CARTESIAN_POINT('',(-22.2447581077383,0.,1.68841248757899));
#15697=CARTESIAN_POINT('Origin',(-22.262122925505,0.,1.58993171227777));
#15698=CARTESIAN_POINT('',(3.58210998166261,0.,-2.86556118378086));
#15699=CARTESIAN_POINT('',(-22.2447581077383,0.,-1.68841248757899));
#15700=CARTESIAN_POINT('',(-0.502154078840467,0.,2.14539523357627));
#15701=CARTESIAN_POINT('',(-22.1636421502037,0.,-1.57256689451108));
#15702=CARTESIAN_POINT('Origin',(-22.262122925505,0.,-1.58993171227777));
#15703=CARTESIAN_POINT('',(-22.3112431012206,0.,-0.735480304450702));
#15704=CARTESIAN_POINT('',(-21.1439880312634,0.,-7.35531276155598));
#15705=CARTESIAN_POINT('',(-20.1446660445938,0.,-0.353454313583456));
#15706=CARTESIAN_POINT('',(-0.27588486091676,0.,3.14994788289148));
#15707=CARTESIAN_POINT('',(-19.9970650935769,0.,-1.19054090364383));
#15708=CARTESIAN_POINT('',(-19.5244027342873,0.,-3.87114234870028));
#15709=CARTESIAN_POINT('',(-19.881219500509,0.,-1.27165686117836));
#15710=CARTESIAN_POINT('Origin',(-19.8985843182757,0.,-1.17317608587714));
#15711=CARTESIAN_POINT('',(-14.7602191848455,0.,-0.368686337310323));
#15712=CARTESIAN_POINT('',(-0.502154078840467,0.,2.14539523357627));
#15713=CARTESIAN_POINT('',(-12.9066896957589,0.,-1.66654165786277));
#15714=CARTESIAN_POINT('Origin',(-14.4823821005784,0.,-1.94437874212986));
#15715=CARTESIAN_POINT('',(-12.6983118825585,0.,-2.84831096147742));
#15716=CARTESIAN_POINT('',(-12.5078278119777,0.,-3.92859980788909));
#15717=CARTESIAN_POINT('',(-13.996167203111,0.,-4.70184045056404));
#15718=CARTESIAN_POINT('Origin',(-14.2740042873781,0.,-3.12614804574451));
#15719=CARTESIAN_POINT('',(-19.1171675187745,0.,-5.60481097443208));
#15720=CARTESIAN_POINT('',(4.3461619633971,0.,-1.46759292947285));
#15721=CARTESIAN_POINT('',(-19.198283476309,0.,-5.72065656749999));
#15722=CARTESIAN_POINT('Origin',(-19.0998027010078,0.,-5.7032917497333));
#15723=CARTESIAN_POINT('',(-19.0506825252921,0.,-6.55774315756037));
#15724=CARTESIAN_POINT('',(-19.5244027342873,0.,-3.87114234870028));
#15725=CARTESIAN_POINT('',(-21.217259581919,0.,-6.93976914842762));
#15726=CARTESIAN_POINT('',(1.90138718669833,0.,-2.8633279656518));
#15727=CARTESIAN_POINT('',(-21.3648605329359,0.,-6.10268255836724));
#15728=CARTESIAN_POINT('',(-21.1439880312634,0.,-7.35531276155598));
#15729=CARTESIAN_POINT('',(-21.4807061260038,0.,-6.02156660083271));
#15730=CARTESIAN_POINT('Origin',(-21.4633413082371,0.,-6.12004737613393));
#15731=CARTESIAN_POINT('',(4.3461619633971,0.,-1.46759292947285));
#15732=CARTESIAN_POINT('',(-20.3257639640145,0.,-9.19474411167424));
#15733=CARTESIAN_POINT('',(-2.38862698511499,0.,1.16126675158462));
#15734=CARTESIAN_POINT('',(-20.2891614236361,0.,-9.0581415712958));
#15735=CARTESIAN_POINT('Origin',(-20.3757639640145,0.,-9.1081415712958));
#15736=CARTESIAN_POINT('',(-20.7141614236361,0.,-8.32201997807903));
#15737=CARTESIAN_POINT('',(-15.4766614236361,0.,-17.393636082721));
#15738=CARTESIAN_POINT('',(-18.8089055353103,0.,-7.22201997807903));
#15739=CARTESIAN_POINT('',(-2.51958071181806,0.,2.18262609368151));
#15740=CARTESIAN_POINT('',(-18.3839055353103,0.,-7.9581415712958));
#15741=CARTESIAN_POINT('',(-15.1464055353103,0.,-13.5656560608));
#15742=CARTESIAN_POINT('',(-18.2473029949319,0.,-7.99474411167424));
#15743=CARTESIAN_POINT('Origin',(-18.2973029949319,0.,-7.9081415712958));
#15744=CARTESIAN_POINT('',(-13.7439708952528,0.,-5.39474411167424));
#15745=CARTESIAN_POINT('',(-2.38862698511499,0.,1.16126675158462));
#15746=CARTESIAN_POINT('',(-11.5583302491977,0.,-5.98038475772934));
#15747=CARTESIAN_POINT('Origin',(-12.9439708952528,0.,-6.78038475772934));
#15748=CARTESIAN_POINT('',(-10.9583302491977,0.,-7.01961524227067));
#15749=CARTESIAN_POINT('',(-8.53333024919765,0.,-11.2198384506252));
#15750=CARTESIAN_POINT('',(-11.5439708952528,0.,-9.20525588832577));
#15751=CARTESIAN_POINT('Origin',(-12.3439708952528,0.,-7.81961524227067));
#15752=CARTESIAN_POINT('',(-16.0473029949319,0.,-11.8052558883258));
#15753=CARTESIAN_POINT('',(3.40301455237359,0.,-0.575609816565237));
#15754=CARTESIAN_POINT('',(-16.0839055353103,0.,-11.9418584287042));
#15755=CARTESIAN_POINT('Origin',(-15.9973029949319,0.,-11.8918584287042));
#15756=CARTESIAN_POINT('',(-15.6589055353103,0.,-12.677980021921));
#15757=CARTESIAN_POINT('',(-15.1464055353103,0.,-13.5656560608));
#15758=CARTESIAN_POINT('',(-17.5641614236361,0.,-13.777980021921));
#15759=CARTESIAN_POINT('',(1.58304723234483,0.,-2.72333395016045));
#15760=CARTESIAN_POINT('',(-17.9891614236361,0.,-13.0418584287042));
#15761=CARTESIAN_POINT('',(-15.4766614236361,0.,-17.393636082721));
#15762=CARTESIAN_POINT('',(-18.1257639640145,0.,-13.0052558883258));
#15763=CARTESIAN_POINT('Origin',(-18.0757639640145,0.,-13.0918584287042));
#15764=CARTESIAN_POINT('',(3.40301455237359,0.,-0.575609816565237));
#15765=CARTESIAN_POINT('',(-15.9551827099029,0.,-15.5920538959309));
#15766=CARTESIAN_POINT('',(-4.29193838522763,0.,-1.6923405706951));
#15767=CARTESIAN_POINT('',(-15.9675083932462,0.,-15.4511706906504));
#15768=CARTESIAN_POINT('Origin',(-16.0317871542148,0.,-15.5277751349623));
#15769=CARTESIAN_POINT('',(-16.6186461698973,0.,-14.9048012224168));
#15770=CARTESIAN_POINT('',(-6.25060915457529,0.,-23.6046172580059));
#15771=CARTESIAN_POINT('',(-15.2045134285869,0.,-13.2195034475551));
#15772=CARTESIAN_POINT('',(-4.7643201044459,0.,-0.777365546131908));
#15773=CARTESIAN_POINT('',(-14.5533756519358,0.,-13.7658729157886));
#15774=CARTESIAN_POINT('',(-7.24951640908968,0.,-19.8945385126316));
#15775=CARTESIAN_POINT('',(-14.4124924466552,0.,-13.7535472324454));
#15776=CARTESIAN_POINT('Origin',(-14.4890968909671,0.,-13.6892684714767));
#15777=CARTESIAN_POINT('',(-11.0699968762852,0.,-9.7701161282267));
#15778=CARTESIAN_POINT('',(-4.29193838522763,0.,-1.6923405706951));
#15779=CARTESIAN_POINT('',(-8.8158655917964,0.,-9.57290519473479));
#15780=CARTESIAN_POINT('Origin',(-9.84432576729486,0.,-10.7985763037252));
#15781=CARTESIAN_POINT('',(-7.89661226005363,0.,-10.3442503263586));
#15782=CARTESIAN_POINT('',(-1.8375752372758,0.,-15.428386057461));
#15783=CARTESIAN_POINT('',(-7.69940132656173,0.,-12.5983816108475));
#15784=CARTESIAN_POINT('Origin',(-8.92507243555209,0.,-11.569921435349));
#15785=CARTESIAN_POINT('',(-11.0418968969317,0.,-16.5818127150662));
#15786=CARTESIAN_POINT('',(1.74447120256516,0.,-1.34361259625872));
#15787=CARTESIAN_POINT('',(-11.0295712135885,0.,-16.7226959203467));
#15788=CARTESIAN_POINT('Origin',(-10.9652924526198,0.,-16.6460914760348));
#15789=CARTESIAN_POINT('',(-10.3784334369374,0.,-17.2690653885803));
#15790=CARTESIAN_POINT('',(-7.24951640908968,0.,-19.8945385126316));
#15791=CARTESIAN_POINT('',(-11.7925661782477,0.,-18.954363163442));
#15792=CARTESIAN_POINT('',(0.768826257858852,0.,-3.98427859972623));
#15793=CARTESIAN_POINT('',(-12.4437039548989,0.,-18.4079936952085));
#15794=CARTESIAN_POINT('',(-6.25060915457529,0.,-23.6046172580059));
#15795=CARTESIAN_POINT('',(-12.5845871601794,0.,-18.4203193785517));
#15796=CARTESIAN_POINT('Origin',(-12.5079827158675,0.,-18.4845981395204));
#15797=CARTESIAN_POINT('',(-13.0310294027003,0.,-18.9523685249618));
#15798=CARTESIAN_POINT('',(1.74447120256516,0.,-1.34361259625872));
#15799=CARTESIAN_POINT('',(-9.89771790315134,0.,-20.7613867626813));
#15800=CARTESIAN_POINT('Origin',(0.,0.,0.));
#15801=CARTESIAN_POINT('',(-9.66017094755884,0.,-20.1087318661307));
#15802=CARTESIAN_POINT('',(-4.6372763823743,0.,-6.30844246798481));
#15803=CARTESIAN_POINT('',(-9.71993819530487,0.,-19.9805605897195));
#15804=CARTESIAN_POINT('Origin',(-9.75414020963743,0.,-20.0745298517981));
#15805=CARTESIAN_POINT('',(-10.5186769229729,0.,-19.6898434678927));
#15806=CARTESIAN_POINT('',(4.07612625817465,0.,-25.0019174008041));
#15807=CARTESIAN_POINT('',(-9.76623260765642,0.,-17.6225197021637));
#15808=CARTESIAN_POINT('',(-5.39410988715838,0.,-5.61021125251083));
#15809=CARTESIAN_POINT('',(-8.96749387998839,0.,-17.9132368239905));
#15810=CARTESIAN_POINT('',(1.86853881801551,0.,-21.8572301835992));
#15811=CARTESIAN_POINT('',(-8.83932260357724,0.,-17.8534695762445));
#15812=CARTESIAN_POINT('Origin',(-8.93329186565582,0.,-17.8192675619119));
#15813=CARTESIAN_POINT('',(-7.06081785828376,0.,-12.9670679481578));
#15814=CARTESIAN_POINT('',(-4.6372763823743,0.,-6.30844246798481));
#15815=CARTESIAN_POINT('',(-5.01007743570524,0.,-12.0107919842214));
#15816=CARTESIAN_POINT('Origin',(-5.55730966502631,0.,-13.5143001774789));
#15817=CARTESIAN_POINT('',(-3.88244629076215,0.,-12.4212161562122));
#15818=CARTESIAN_POINT('',(5.42658589846471,0.,-15.8094267829167));
#15819=CARTESIAN_POINT('Origin',(-4.42967852008322,0.,-13.9247243494697));
#15820=CARTESIAN_POINT('',(-4.64490782437322,0.,-19.4865294832886));
#15821=CARTESIAN_POINT('Origin',(-4.61070581004065,0.,-19.39256022121));
#15822=CARTESIAN_POINT('',(-3.8461690967052,0.,-19.7772466051154));
#15823=CARTESIAN_POINT('',(1.86853881801551,0.,-21.8572301835992));
#15824=CARTESIAN_POINT('',(-4.59861341202167,0.,-21.8445703708444));
#15825=CARTESIAN_POINT('',(0.902175781451072,0.,-6.73127627259804));
#15826=CARTESIAN_POINT('',(-5.39735213968969,0.,-21.5538532490176));
#15827=CARTESIAN_POINT('',(4.07612625817465,0.,-25.0019174008041));
#15828=CARTESIAN_POINT('Origin',(-5.43155415402225,0.,-21.6478225110962));
#15829=CARTESIAN_POINT('',(-2.3,0.,-22.1));
#15830=CARTESIAN_POINT('Origin',(-2.3,0.,-22.2));
#15831=CARTESIAN_POINT('',(-3.15,0.,-22.1));
#15832=CARTESIAN_POINT('',(13.075,0.,-22.1));
#15833=CARTESIAN_POINT('',(-3.15,0.,-19.9));
#15834=CARTESIAN_POINT('',(-3.15,0.,-11.05));
#15835=CARTESIAN_POINT('',(-2.3,0.,-19.9));
#15836=CARTESIAN_POINT('',(9.925,0.,-19.9));
#15837=CARTESIAN_POINT('Origin',(-2.3,0.,-19.8));
#15838=CARTESIAN_POINT('',(-0.600000000000001,0.,-13.));
#15839=CARTESIAN_POINT('Origin',(-0.599999999999999,0.,-14.6));
#15840=CARTESIAN_POINT('',(0.6,0.,-13.));
#15841=CARTESIAN_POINT('',(11.2,0.,-13.));
#15842=CARTESIAN_POINT('Origin',(0.600000000000001,0.,-14.6));
#15843=CARTESIAN_POINT('',(2.3,0.,-19.9));
#15844=CARTESIAN_POINT('Origin',(2.3,0.,-19.8));
#15845=CARTESIAN_POINT('',(3.15,0.,-19.9));
#15846=CARTESIAN_POINT('',(9.925,0.,-19.9));
#15847=CARTESIAN_POINT('',(3.15,0.,-22.1));
#15848=CARTESIAN_POINT('',(3.14999999999999,0.,-9.95000000000001));
#15849=CARTESIAN_POINT('',(2.3,0.,-22.1));
#15850=CARTESIAN_POINT('',(13.075,0.,-22.1));
#15851=CARTESIAN_POINT('Origin',(2.3,0.,-22.2));
#15852=CARTESIAN_POINT('',(5.3973521396897,0.,-21.5538532490176));
#15853=CARTESIAN_POINT('Origin',(5.43155415402226,0.,-21.6478225110962));
#15854=CARTESIAN_POINT('',(4.59861341202167,0.,-21.8445703708444));
#15855=CARTESIAN_POINT('',(19.1934165931692,0.,-16.532496437933));
#15856=CARTESIAN_POINT('',(3.8461690967052,0.,-19.7772466051154));
#15857=CARTESIAN_POINT('',(2.1645352803389,0.,-15.1569956668578));
#15858=CARTESIAN_POINT('',(4.64490782437322,0.,-19.4865294832886));
#15859=CARTESIAN_POINT('',(15.4809405223771,0.,-15.5425361236799));
#15860=CARTESIAN_POINT('Origin',(4.61070581004066,0.,-19.39256022121));
#15861=CARTESIAN_POINT('',(3.88244629076215,0.,-12.4212161562122));
#15862=CARTESIAN_POINT('Origin',(4.42967852008322,0.,-13.9247243494697));
#15863=CARTESIAN_POINT('',(5.01007743570524,0.,-12.0107919842214));
#15864=CARTESIAN_POINT('',(14.319109624932,0.,-8.62258135751687));
#15865=CARTESIAN_POINT('Origin',(5.55730966502631,0.,-13.5143001774789));
#15866=CARTESIAN_POINT('',(8.9674938799884,0.,-17.9132368239905));
#15867=CARTESIAN_POINT('Origin',(8.93329186565583,0.,-17.8192675619119));
#15868=CARTESIAN_POINT('',(9.76623260765642,0.,-17.6225197021637));
#15869=CARTESIAN_POINT('',(15.4809405223771,0.,-15.5425361236799));
#15870=CARTESIAN_POINT('',(10.5186769229729,0.,-19.6898434678927));
#15871=CARTESIAN_POINT('',(7.70837663363189,0.,-11.9686068810415));
#15872=CARTESIAN_POINT('',(9.71993819530487,0.,-19.9805605897195));
#15873=CARTESIAN_POINT('',(19.1934165931692,0.,-16.532496437933));
#15874=CARTESIAN_POINT('Origin',(9.75414020963744,0.,-20.0745298517981));
#15875=CARTESIAN_POINT('',(12.4437039548989,0.,-18.4079936952085));
#15876=CARTESIAN_POINT('Origin',(12.5079827158675,0.,-18.4845981395204));
#15877=CARTESIAN_POINT('',(11.7925661782477,0.,-18.954363163442));
#15878=CARTESIAN_POINT('',(22.1606031935698,0.,-10.2545471278529));
#15879=CARTESIAN_POINT('',(10.3784334369374,0.,-17.2690653885803));
#15880=CARTESIAN_POINT('',(9.44128606962663,0.,-16.1522166467975));
#15881=CARTESIAN_POINT('',(11.0295712135885,0.,-16.7226959203467));
#15882=CARTESIAN_POINT('',(18.3334304564346,0.,-10.5940303235038));
#15883=CARTESIAN_POINT('Origin',(10.9652924526198,0.,-16.6460914760348));
#15884=CARTESIAN_POINT('',(7.89661226005363,0.,-10.3442503263586));
#15885=CARTESIAN_POINT('Origin',(8.92507243555209,0.,-11.569921435349));
#15886=CARTESIAN_POINT('',(8.8158655917964,0.,-9.57290519473479));
#15887=CARTESIAN_POINT('',(14.8749026145741,0.,-4.48876946363246));
#15888=CARTESIAN_POINT('Origin',(9.84432576729486,0.,-10.7985763037252));
#15889=CARTESIAN_POINT('',(14.5533756519358,0.,-13.7658729157886));
#15890=CARTESIAN_POINT('Origin',(14.4890968909671,0.,-13.6892684714767));
#15891=CARTESIAN_POINT('',(15.2045134285869,0.,-13.2195034475551));
#15892=CARTESIAN_POINT('',(18.3334304564346,0.,-10.5940303235038));
#15893=CARTESIAN_POINT('',(16.6186461698973,0.,-14.9048012224168));
#15894=CARTESIAN_POINT('',(13.560299690621,0.,-11.2600058183414));
#15895=CARTESIAN_POINT('',(15.9675083932462,0.,-15.4511706906504));
#15896=CARTESIAN_POINT('',(22.1606031935698,0.,-10.2545471278529));
#15897=CARTESIAN_POINT('Origin',(16.0317871542148,0.,-15.5277751349623));
#15898=CARTESIAN_POINT('',(17.9891614236361,0.,-13.0418584287042));
#15899=CARTESIAN_POINT('Origin',(18.0757639640145,0.,-13.0918584287042));
#15900=CARTESIAN_POINT('',(17.5641614236361,0.,-13.777980021921));
#15901=CARTESIAN_POINT('',(22.8016614236361,0.,-4.70636391727898));
#15902=CARTESIAN_POINT('',(15.6589055353103,0.,-12.677980021921));
#15903=CARTESIAN_POINT('',(16.6195807118181,0.,-13.2326260936815));
#15904=CARTESIAN_POINT('',(16.0839055353103,0.,-11.9418584287042));
#15905=CARTESIAN_POINT('',(19.3214055353103,0.,-6.33434393919997));
#15906=CARTESIAN_POINT('Origin',(15.9973029949319,0.,-11.8918584287042));
#15907=CARTESIAN_POINT('',(10.9583302491977,0.,-7.01961524227066));
#15908=CARTESIAN_POINT('Origin',(12.3439708952528,0.,-7.81961524227066));
#15909=CARTESIAN_POINT('',(11.5583302491977,0.,-5.98038475772934));
#15910=CARTESIAN_POINT('',(13.9833302491977,0.,-1.78016154937481));
#15911=CARTESIAN_POINT('Origin',(12.9439708952528,0.,-6.78038475772934));
#15912=CARTESIAN_POINT('',(18.3839055353103,0.,-7.95814157129579));
#15913=CARTESIAN_POINT('Origin',(18.2973029949319,0.,-7.90814157129579));
#15914=CARTESIAN_POINT('',(18.8089055353103,0.,-7.22201997807901));
#15915=CARTESIAN_POINT('',(19.3214055353103,0.,-6.33434393919997));
#15916=CARTESIAN_POINT('',(20.7141614236361,0.,-8.32201997807901));
#15917=CARTESIAN_POINT('',(18.8169527676552,0.,-7.22666604983954));
#15918=CARTESIAN_POINT('',(20.2891614236361,0.,-9.05814157129579));
#15919=CARTESIAN_POINT('',(22.8016614236361,0.,-4.70636391727898));
#15920=CARTESIAN_POINT('Origin',(20.3757639640145,0.,-9.10814157129579));
#15921=CARTESIAN_POINT('',(21.3648605329359,0.,-6.10268255836724));
#15922=CARTESIAN_POINT('Origin',(21.4633413082371,0.,-6.12004737613393));
#15923=CARTESIAN_POINT('',(21.217259581919,0.,-6.93976914842762));
#15924=CARTESIAN_POINT('',(22.3845146518762,0.,-0.319936691322337));
#15925=CARTESIAN_POINT('',(19.0506825252921,0.,-6.55774315756037));
#15926=CARTESIAN_POINT('',(21.488366480653,0.,-6.98757260933063));
#15927=CARTESIAN_POINT('',(19.198283476309,0.,-5.72065656749999));
#15928=CARTESIAN_POINT('',(19.6709458355985,0.,-3.04005512244355));
#15929=CARTESIAN_POINT('Origin',(19.0998027010078,0.,-5.7032917497333));
#15930=CARTESIAN_POINT('',(12.6983118825585,0.,-2.84831096147742));
#15931=CARTESIAN_POINT('Origin',(14.2740042873781,0.,-3.12614804574451));
#15932=CARTESIAN_POINT('',(12.9066896957589,0.,-1.66654165786277));
#15933=CARTESIAN_POINT('',(13.0971737663396,0.,-0.586252811451179));
#15934=CARTESIAN_POINT('Origin',(14.4823821005784,0.,-1.94437874212986));
#15935=CARTESIAN_POINT('',(19.9970650935769,0.,-1.19054090364384));
#15936=CARTESIAN_POINT('Origin',(19.8985843182757,0.,-1.17317608587714));
#15937=CARTESIAN_POINT('',(20.1446660445938,0.,-0.35345431358346));
#15938=CARTESIAN_POINT('',(19.6709458355985,0.,-3.04005512244355));
#15939=CARTESIAN_POINT('',(22.3112431012206,0.,-0.735480304450705));
#15940=CARTESIAN_POINT('',(21.4990614716413,0.,-0.592270769920098));
#15941=CARTESIAN_POINT('',(22.1636421502037,0.,-1.57256689451108));
#15942=CARTESIAN_POINT('',(22.3845146518762,0.,-0.319936691322337));
#15943=CARTESIAN_POINT('Origin',(22.262122925505,0.,-1.58993171227777));
#15944=CARTESIAN_POINT('',(22.1636421502037,0.,1.57256689451108));
#15945=CARTESIAN_POINT('Origin',(22.262122925505,0.,1.58993171227778));
#15946=CARTESIAN_POINT('',(22.3112431012206,0.,0.735480304450705));
#15947=CARTESIAN_POINT('',(21.8375228922254,0.,3.42208111331079));
#15948=CARTESIAN_POINT('',(20.1446660445938,0.,0.353454313583459));
#15949=CARTESIAN_POINT('',(22.5823499999547,0.,0.78328376535372));
#15950=CARTESIAN_POINT('',(19.9970650935769,0.,1.19054090364384));
#15951=CARTESIAN_POINT('',(20.2179375952494,0.,-0.062089299544909));
#15952=CARTESIAN_POINT('Origin',(19.8985843182757,0.,1.17317608587714));
#15953=CARTESIAN_POINT('',(12.9066896957589,0.,1.66654165786277));
#15954=CARTESIAN_POINT('Origin',(14.4823821005784,0.,1.94437874212986));
#15955=CARTESIAN_POINT('',(12.6983118825585,0.,2.84831096147742));
#15956=CARTESIAN_POINT('',(13.2013626729398,0.,-0.00463184035618));
#15957=CARTESIAN_POINT('Origin',(14.2740042873781,0.,3.12614804574451));
#15958=CARTESIAN_POINT('',(19.198283476309,0.,5.72065656749999));
#15959=CARTESIAN_POINT('Origin',(19.0998027010078,0.,5.7032917497333));
#15960=CARTESIAN_POINT('',(19.0506825252921,0.,6.55774315756037));
#15961=CARTESIAN_POINT('',(20.2179375952494,0.,-0.062089299544909));
#15962=CARTESIAN_POINT('',(21.217259581919,0.,6.93976914842762));
#15963=CARTESIAN_POINT('',(20.4050779523396,0.,6.79655961389701));
#15964=CARTESIAN_POINT('',(21.3648605329359,0.,6.10268255836724));
#15965=CARTESIAN_POINT('',(21.8375228922254,0.,3.42208111331079));
#15966=CARTESIAN_POINT('Origin',(21.4633413082371,0.,6.12004737613394));
#15967=CARTESIAN_POINT('',(20.2891614236361,0.,9.0581415712958));
#15968=CARTESIAN_POINT('Origin',(20.3757639640145,0.,9.10814157129579));
#15969=CARTESIAN_POINT('',(20.7141614236361,0.,8.32201997807902));
#15970=CARTESIAN_POINT('',(21.2266614236361,0.,7.43434393919997));
#15971=CARTESIAN_POINT('',(18.8089055353103,0.,7.22201997807902));
#15972=CARTESIAN_POINT('',(19.769580711818,0.,7.77666604983954));
#15973=CARTESIAN_POINT('',(18.3839055353103,0.,7.9581415712958));
#15974=CARTESIAN_POINT('',(20.8964055353103,0.,3.60636391727899));
#15975=CARTESIAN_POINT('Origin',(18.2973029949319,0.,7.90814157129579));
#15976=CARTESIAN_POINT('',(11.5583302491977,0.,5.98038475772934));
#15977=CARTESIAN_POINT('Origin',(12.9439708952528,0.,6.78038475772934));
#15978=CARTESIAN_POINT('',(10.9583302491977,0.,7.01961524227066));
#15979=CARTESIAN_POINT('',(14.2833302491977,0.,1.26054630710415));
#15980=CARTESIAN_POINT('Origin',(12.3439708952528,0.,7.81961524227067));
#15981=CARTESIAN_POINT('',(16.0839055353103,0.,11.9418584287042));
#15982=CARTESIAN_POINT('Origin',(15.9973029949319,0.,11.8918584287042));
#15983=CARTESIAN_POINT('',(15.6589055353103,0.,12.677980021921));
#15984=CARTESIAN_POINT('',(20.8964055353103,0.,3.60636391727899));
#15985=CARTESIAN_POINT('',(17.5641614236361,0.,13.777980021921));
#15986=CARTESIAN_POINT('',(15.6669527676552,0.,12.6826260936815));
#15987=CARTESIAN_POINT('',(17.9891614236361,0.,13.0418584287042));
#15988=CARTESIAN_POINT('',(21.2266614236361,0.,7.43434393919997));
#15989=CARTESIAN_POINT('Origin',(18.0757639640145,0.,13.0918584287042));
#15990=CARTESIAN_POINT('',(15.9675083932462,0.,15.4511706906504));
#15991=CARTESIAN_POINT('Origin',(16.0317871542148,0.,15.5277751349623));
#15992=CARTESIAN_POINT('',(16.6186461698973,0.,14.9048012224168));
#15993=CARTESIAN_POINT('',(19.747563197745,0.,12.2793280983655));
#15994=CARTESIAN_POINT('',(15.2045134285869,0.,13.2195034475551));
#15995=CARTESIAN_POINT('',(14.2673660612762,0.,12.1026547057723));
#15996=CARTESIAN_POINT('',(14.5533756519358,0.,13.7658729157886));
#15997=CARTESIAN_POINT('',(20.7464704522594,0.,8.56924935299117));
#15998=CARTESIAN_POINT('Origin',(14.4890968909671,0.,13.6892684714767));
#15999=CARTESIAN_POINT('',(8.8158655917964,0.,9.57290519473479));
#16000=CARTESIAN_POINT('Origin',(9.84432576729486,0.,10.7985763037252));
#16001=CARTESIAN_POINT('',(7.89661226005363,0.,10.3442503263586));
#16002=CARTESIAN_POINT('',(15.3345292804456,0.,4.10309689782058));
#16003=CARTESIAN_POINT('Origin',(8.92507243555209,0.,11.569921435349));
#16004=CARTESIAN_POINT('',(11.0295712135885,0.,16.7226959203467));
#16005=CARTESIAN_POINT('Origin',(10.9652924526198,0.,16.6460914760348));
#16006=CARTESIAN_POINT('',(10.3784334369374,0.,17.2690653885803));
#16007=CARTESIAN_POINT('',(20.7464704522594,0.,8.56924935299117));
#16008=CARTESIAN_POINT('',(11.7925661782477,0.,18.954363163442));
#16009=CARTESIAN_POINT('',(8.73421969897143,0.,15.3095677593666));
#16010=CARTESIAN_POINT('',(12.4437039548989,0.,18.4079936952085));
#16011=CARTESIAN_POINT('',(19.747563197745,0.,12.2793280983655));
#16012=CARTESIAN_POINT('Origin',(12.5079827158675,0.,18.4845981395204));
#16013=CARTESIAN_POINT('',(9.71993819530486,0.,19.9805605897195));
#16014=CARTESIAN_POINT('Origin',(9.75414020963743,0.,20.0745298517981));
#16015=CARTESIAN_POINT('',(10.5186769229729,0.,19.6898434678927));
#16016=CARTESIAN_POINT('',(16.2333848376936,0.,17.6098598894089));
#16017=CARTESIAN_POINT('',(9.76623260765642,0.,17.6225197021637));
#16018=CARTESIAN_POINT('',(8.08459879129013,0.,13.002268763906));
#16019=CARTESIAN_POINT('',(8.96749387998839,0.,17.9132368239905));
#16020=CARTESIAN_POINT('',(18.4409722778527,0.,14.465172672204));
#16021=CARTESIAN_POINT('Origin',(8.93329186565583,0.,17.8192675619119));
#16022=CARTESIAN_POINT('',(5.01007743570524,0.,12.0107919842214));
#16023=CARTESIAN_POINT('Origin',(5.55730966502631,0.,13.5143001774789));
#16024=CARTESIAN_POINT('',(3.88244629076215,0.,12.4212161562122));
#16025=CARTESIAN_POINT('',(14.8829251974036,0.,8.41736927152155));
#16026=CARTESIAN_POINT('',(2.92617032682577,0.,14.4719565787907));
#16027=CARTESIAN_POINT('Origin',(4.42967852008322,0.,13.9247243494697));
#16028=CARTESIAN_POINT('',(4.70467507211924,0.,19.3583582068775));
#16029=CARTESIAN_POINT('',(1.77466773261426,0.,11.3082292027512));
#16030=CARTESIAN_POINT('',(4.64490782437321,0.,19.4865294832886));
#16031=CARTESIAN_POINT('Origin',(4.61070581004065,0.,19.39256022121));
#16032=CARTESIAN_POINT('',(3.8461690967052,0.,19.7772466051154));
#16033=CARTESIAN_POINT('',(18.4409722778527,0.,14.465172672204));
#16034=CARTESIAN_POINT('',(4.59861341202167,0.,21.8445703708444));
#16035=CARTESIAN_POINT('',(1.78831312268067,0.,14.1233337839932));
#16036=CARTESIAN_POINT('',(5.39735213968969,0.,21.5538532490176));
#16037=CARTESIAN_POINT('',(16.2333848376936,0.,17.6098598894089));
#16038=CARTESIAN_POINT('',(5.52552341610085,0.,21.6136204967636));
#16039=CARTESIAN_POINT('Origin',(5.43155415402225,0.,21.6478225110962));
#16040=CARTESIAN_POINT('',(1.77466773261426,0.,11.3082292027512));
#16041=CARTESIAN_POINT('',(2.2,0.,22.2));
#16042=CARTESIAN_POINT('',(2.2,0.,11.4472704170033));
#16043=CARTESIAN_POINT('',(2.3,0.,22.1));
#16044=CARTESIAN_POINT('Origin',(2.3,0.,22.2));
#16045=CARTESIAN_POINT('',(3.15,0.,22.1));
#16046=CARTESIAN_POINT('',(9.925,0.,22.1));
#16047=CARTESIAN_POINT('',(3.15,0.,19.9));
#16048=CARTESIAN_POINT('',(3.15,0.,11.05));
#16049=CARTESIAN_POINT('',(2.3,0.,19.9));
#16050=CARTESIAN_POINT('',(13.075,0.,19.9));
#16051=CARTESIAN_POINT('',(2.2,0.,19.8));
#16052=CARTESIAN_POINT('Origin',(2.3,0.,19.8));
#16053=CARTESIAN_POINT('',(2.2,0.,14.6));
#16054=CARTESIAN_POINT('',(2.2,0.,11.4472704170033));
#16055=CARTESIAN_POINT('',(0.600000000000002,0.,13.));
#16056=CARTESIAN_POINT('Origin',(0.600000000000002,0.,14.6));
#16057=CARTESIAN_POINT('',(-0.599999999999998,0.,13.));
#16058=CARTESIAN_POINT('',(11.8,0.,13.));
#16059=CARTESIAN_POINT('',(-2.2,0.,14.6));
#16060=CARTESIAN_POINT('Origin',(-0.599999999999999,0.,14.6));
#16061=CARTESIAN_POINT('',(-2.2,0.,19.8));
#16062=CARTESIAN_POINT('',(-2.2,0.,7.3));
#16063=CARTESIAN_POINT('',(-2.3,0.,19.9));
#16064=CARTESIAN_POINT('Origin',(-2.3,0.,19.8));
#16065=CARTESIAN_POINT('',(-3.15,0.,19.9));
#16066=CARTESIAN_POINT('',(13.075,0.,19.9));
#16067=CARTESIAN_POINT('',(-3.15,0.,22.1));
#16068=CARTESIAN_POINT('',(-3.14999999999999,0.,9.94999999999999));
#16069=CARTESIAN_POINT('',(-2.3,0.,22.1));
#16070=CARTESIAN_POINT('',(9.925,0.,22.1));
#16071=CARTESIAN_POINT('',(-2.2,0.,22.2));
#16072=CARTESIAN_POINT('Origin',(-2.3,0.,22.2));
#16073=CARTESIAN_POINT('',(-2.2,0.,7.3));
#16074=CARTESIAN_POINT('',(-5.52552341610087,0.,21.6136204967636));
#16075=CARTESIAN_POINT('',(-0.502628850916301,0.,7.81333109861774));
#16076=CARTESIAN_POINT('',(-5.39735213968971,0.,21.5538532490176));
#16077=CARTESIAN_POINT('Origin',(-5.43155415402227,0.,21.6478225110962));
#16078=CARTESIAN_POINT('',(-4.59861341202168,0.,21.8445703708444));
#16079=CARTESIAN_POINT('',(1.11609450269902,0.,23.9245539493283));
#16080=CARTESIAN_POINT('',(0.525953623792849,0.,7.76493815546254));
#16081=CARTESIAN_POINT('',(-4.05,0.,4.95981953654678E-16));
#16082=CARTESIAN_POINT('Origin',(0.,0.,0.));
#16083=CARTESIAN_POINT('Origin',(-8.93329186565585,0.,17.8192675619119));
#16084=CARTESIAN_POINT('',(-8.83932260357725,2.,17.8534695762445));
#16085=CARTESIAN_POINT('',(-8.83932260357725,0.,17.8534695762445));
#16086=CARTESIAN_POINT('',(-8.96749387998841,2.,17.9132368239905));
#16087=CARTESIAN_POINT('Origin',(-8.93329186565585,2.,17.8192675619119));
#16088=CARTESIAN_POINT('',(-8.96749387998841,0.,17.9132368239905));
#16089=CARTESIAN_POINT('Origin',(-7.06081785828377,0.,12.9670679481578));
#16090=CARTESIAN_POINT('',(-9.66017094755886,2.,20.1087318661307));
#16091=CARTESIAN_POINT('',(-9.66017094755886,0.,20.1087318661307));
#16092=CARTESIAN_POINT('',(-8.15528231692591,2.,15.9740843346727));
#16093=CARTESIAN_POINT('',(-7.06081785828377,0.,12.9670679481578));
#16094=CARTESIAN_POINT('Origin',(-5.43155415402227,0.,21.6478225110962));
#16095=CARTESIAN_POINT('',(-5.52552341610086,2.,21.6136204967636));
#16096=CARTESIAN_POINT('',(-5.52552341610086,0.,21.6136204967636));
#16097=CARTESIAN_POINT('',(-5.39735213968971,2.,21.5538532490176));
#16098=CARTESIAN_POINT('Origin',(-5.43155415402227,2.,21.6478225110962));
#16099=CARTESIAN_POINT('',(-5.39735213968971,0.,21.5538532490176));
#16100=CARTESIAN_POINT('Origin',(-5.76307037169337,0.,22.2662753933142));
#16101=CARTESIAN_POINT('',(-2.92617032682577,0.,14.4719565787907));
#16102=CARTESIAN_POINT('',(-5.43908480790171,2.,21.3761323725674));
#16103=CARTESIAN_POINT('Origin',(-9.75414020963745,0.,20.0745298517981));
#16104=CARTESIAN_POINT('',(-9.71993819530488,2.,19.9805605897195));
#16105=CARTESIAN_POINT('',(-9.71993819530488,0.,19.9805605897195));
#16106=CARTESIAN_POINT('Origin',(-9.75414020963745,2.,20.0745298517981));
#16107=CARTESIAN_POINT('Origin',(-10.5186769229729,0.,19.6898434678927));
#16108=CARTESIAN_POINT('',(-10.5186769229729,2.,19.6898434678927));
#16109=CARTESIAN_POINT('',(-10.5186769229729,0.,19.6898434678927));
#16110=CARTESIAN_POINT('',(-4.59861341202168,2.,21.8445703708444));
#16111=CARTESIAN_POINT('Origin',(-10.9652924526198,0.,16.6460914760348));
#16112=CARTESIAN_POINT('',(-11.0295712135885,2.,16.7226959203467));
#16113=CARTESIAN_POINT('',(-11.0295712135885,0.,16.7226959203467));
#16114=CARTESIAN_POINT('',(-11.0418968969317,2.,16.5818127150661));
#16115=CARTESIAN_POINT('Origin',(-10.9652924526198,2.,16.6460914760348));
#16116=CARTESIAN_POINT('',(-11.0418968969317,0.,16.5818127150661));
#16117=CARTESIAN_POINT('Origin',(-10.3784334369374,0.,17.2690653885803));
#16118=CARTESIAN_POINT('',(-10.3784334369374,2.,17.2690653885803));
#16119=CARTESIAN_POINT('',(-10.3784334369374,0.,17.2690653885803));
#16120=CARTESIAN_POINT('',(-15.2045134285869,2.,13.2195034475551));
#16121=CARTESIAN_POINT('Origin',(-14.4890968909671,0.,13.6892684714767));
#16122=CARTESIAN_POINT('',(-14.4124924466552,2.,13.7535472324454));
#16123=CARTESIAN_POINT('',(-14.4124924466552,0.,13.7535472324454));
#16124=CARTESIAN_POINT('',(-14.5533756519358,2.,13.7658729157886));
#16125=CARTESIAN_POINT('Origin',(-14.4890968909671,2.,13.6892684714767));
#16126=CARTESIAN_POINT('',(-14.5533756519358,0.,13.7658729157886));
#16127=CARTESIAN_POINT('Origin',(-11.0699968762852,0.,9.77011612822669));
#16128=CARTESIAN_POINT('',(-15.9551827099029,2.,15.5920538959309));
#16129=CARTESIAN_POINT('',(-15.9551827099029,0.,15.5920538959309));
#16130=CARTESIAN_POINT('',(-13.1269172272822,2.,12.2214583462074));
#16131=CARTESIAN_POINT('',(-11.0699968762852,0.,9.77011612822669));
#16132=CARTESIAN_POINT('Origin',(-12.5079827158675,0.,18.4845981395204));
#16133=CARTESIAN_POINT('',(-12.5845871601794,2.,18.4203193785517));
#16134=CARTESIAN_POINT('',(-12.5845871601794,0.,18.4203193785517));
#16135=CARTESIAN_POINT('',(-12.4437039548989,2.,18.4079936952085));
#16136=CARTESIAN_POINT('Origin',(-12.5079827158675,2.,18.4845981395204));
#16137=CARTESIAN_POINT('',(-12.4437039548989,0.,18.4079936952085));
#16138=CARTESIAN_POINT('Origin',(-13.0310294027003,0.,18.9523685249617));
#16139=CARTESIAN_POINT('',(-7.69940132656173,0.,12.5983816108475));
#16140=CARTESIAN_POINT('',(-12.4221357156279,2.,18.2267172858853));
#16141=CARTESIAN_POINT('Origin',(-16.0317871542148,0.,15.5277751349623));
#16142=CARTESIAN_POINT('',(-15.9675083932462,2.,15.4511706906504));
#16143=CARTESIAN_POINT('',(-15.9675083932462,0.,15.4511706906504));
#16144=CARTESIAN_POINT('Origin',(-16.0317871542148,2.,15.5277751349623));
#16145=CARTESIAN_POINT('Origin',(-16.6186461698973,0.,14.9048012224168));
#16146=CARTESIAN_POINT('',(-16.6186461698973,2.,14.9048012224168));
#16147=CARTESIAN_POINT('',(-16.6186461698973,0.,14.9048012224168));
#16148=CARTESIAN_POINT('',(-11.7925661782477,2.,18.954363163442));
#16149=CARTESIAN_POINT('Origin',(-15.9973029949319,0.,11.8918584287042));
#16150=CARTESIAN_POINT('',(-16.0839055353103,2.,11.9418584287042));
#16151=CARTESIAN_POINT('',(-16.0839055353103,0.,11.9418584287042));
#16152=CARTESIAN_POINT('',(-16.0473029949319,2.,11.8052558883258));
#16153=CARTESIAN_POINT('Origin',(-15.9973029949319,2.,11.8918584287042));
#16154=CARTESIAN_POINT('',(-16.0473029949319,0.,11.8052558883258));
#16155=CARTESIAN_POINT('Origin',(-15.6589055353103,0.,12.677980021921));
#16156=CARTESIAN_POINT('',(-15.6589055353103,2.,12.677980021921));
#16157=CARTESIAN_POINT('',(-15.6589055353103,0.,12.677980021921));
#16158=CARTESIAN_POINT('',(-18.8089055353103,2.,7.22201997807902));
#16159=CARTESIAN_POINT('Origin',(-18.2973029949319,0.,7.90814157129579));
#16160=CARTESIAN_POINT('',(-18.2473029949319,2.,7.99474411167424));
#16161=CARTESIAN_POINT('',(-18.2473029949319,0.,7.99474411167424));
#16162=CARTESIAN_POINT('',(-18.3839055353103,2.,7.95814157129579));
#16163=CARTESIAN_POINT('Origin',(-18.2973029949319,2.,7.90814157129579));
#16164=CARTESIAN_POINT('',(-18.3839055353103,0.,7.95814157129579));
#16165=CARTESIAN_POINT('Origin',(-13.7439708952528,0.,5.39474411167424));
#16166=CARTESIAN_POINT('',(-20.3257639640145,2.,9.19474411167424));
#16167=CARTESIAN_POINT('',(-20.3257639640145,0.,9.19474411167424));
#16168=CARTESIAN_POINT('',(-16.515252187363,2.,6.99474411167424));
#16169=CARTESIAN_POINT('',(-13.7439708952528,0.,5.39474411167424));
#16170=CARTESIAN_POINT('Origin',(-18.0757639640145,0.,13.0918584287042));
#16171=CARTESIAN_POINT('',(-18.1257639640145,2.,13.0052558883258));
#16172=CARTESIAN_POINT('',(-18.1257639640145,0.,13.0052558883258));
#16173=CARTESIAN_POINT('',(-17.9891614236361,2.,13.0418584287042));
#16174=CARTESIAN_POINT('Origin',(-18.0757639640145,2.,13.0918584287042));
#16175=CARTESIAN_POINT('',(-17.9891614236361,0.,13.0418584287042));
#16176=CARTESIAN_POINT('Origin',(-18.72725397023,0.,13.3525263053291));
#16177=CARTESIAN_POINT('',(-11.5439708952528,0.,9.20525588832577));
#16178=CARTESIAN_POINT('',(-17.9068937248516,2.,12.8788910968274));
#16179=CARTESIAN_POINT('Origin',(-20.3757639640145,0.,9.1081415712958));
#16180=CARTESIAN_POINT('',(-20.2891614236361,2.,9.05814157129579));
#16181=CARTESIAN_POINT('',(-20.2891614236361,0.,9.05814157129579));
#16182=CARTESIAN_POINT('Origin',(-20.3757639640145,2.,9.1081415712958));
#16183=CARTESIAN_POINT('Origin',(-20.7141614236361,0.,8.32201997807902));
#16184=CARTESIAN_POINT('',(-20.7141614236361,2.,8.32201997807902));
#16185=CARTESIAN_POINT('',(-20.7141614236361,0.,8.32201997807902));
#16186=CARTESIAN_POINT('',(-17.5641614236361,2.,13.777980021921));
#16187=CARTESIAN_POINT('Origin',(-19.0998027010078,0.,5.70329174973329));
#16188=CARTESIAN_POINT('',(-19.198283476309,2.,5.72065656749999));
#16189=CARTESIAN_POINT('',(-19.198283476309,0.,5.72065656749999));
#16190=CARTESIAN_POINT('',(-19.1171675187745,2.,5.60481097443207));
#16191=CARTESIAN_POINT('Origin',(-19.0998027010078,2.,5.70329174973329));
#16192=CARTESIAN_POINT('',(-19.1171675187745,0.,5.60481097443207));
#16193=CARTESIAN_POINT('Origin',(-19.0506825252921,0.,6.55774315756036));
#16194=CARTESIAN_POINT('',(-19.0506825252921,2.,6.55774315756037));
#16195=CARTESIAN_POINT('',(-19.0506825252921,0.,6.55774315756036));
#16196=CARTESIAN_POINT('',(-20.1446660445938,2.,0.353454313583451));
#16197=CARTESIAN_POINT('Origin',(-19.8985843182757,0.,1.17317608587713));
#16198=CARTESIAN_POINT('',(-19.881219500509,2.,1.27165686117836));
#16199=CARTESIAN_POINT('',(-19.881219500509,0.,1.27165686117836));
#16200=CARTESIAN_POINT('',(-19.9970650935769,2.,1.19054090364383));
#16201=CARTESIAN_POINT('Origin',(-19.8985843182757,2.,1.17317608587713));
#16202=CARTESIAN_POINT('',(-19.9970650935769,0.,1.19054090364383));
#16203=CARTESIAN_POINT('Origin',(-14.7602191848455,0.,0.368686337310321));
#16204=CARTESIAN_POINT('',(-22.2447581077383,2.,1.68841248757899));
#16205=CARTESIAN_POINT('',(-22.2447581077383,0.,1.68841248757899));
#16206=CARTESIAN_POINT('',(-17.9116039944845,2.,0.924360505844496));
#16207=CARTESIAN_POINT('',(-14.7602191848455,0.,0.368686337310321));
#16208=CARTESIAN_POINT('Origin',(-21.4633413082371,0.,6.12004737613393));
#16209=CARTESIAN_POINT('',(-21.4807061260038,2.,6.02156660083271));
#16210=CARTESIAN_POINT('',(-21.4807061260038,0.,6.02156660083271));
#16211=CARTESIAN_POINT('',(-21.3648605329359,2.,6.10268255836723));
#16212=CARTESIAN_POINT('Origin',(-21.4633413082371,2.,6.12004737613393));
#16213=CARTESIAN_POINT('',(-21.3648605329359,0.,6.10268255836723));
#16214=CARTESIAN_POINT('Origin',(-22.1646953241171,0.,6.14217235097324));
#16215=CARTESIAN_POINT('',(-13.996167203111,0.,4.70184045056404));
#16216=CARTESIAN_POINT('',(-21.2318160732531,2.,5.97768056930281));
#16217=CARTESIAN_POINT('Origin',(-22.262122925505,0.,1.58993171227777));
#16218=CARTESIAN_POINT('',(-22.1636421502037,2.,1.57256689451107));
#16219=CARTESIAN_POINT('',(-22.1636421502037,0.,1.57256689451107));
#16220=CARTESIAN_POINT('Origin',(-22.262122925505,2.,1.58993171227777));
#16221=CARTESIAN_POINT('Origin',(-22.3112431012206,0.,0.7354803044507));
#16222=CARTESIAN_POINT('',(-22.3112431012206,2.,0.7354803044507));
#16223=CARTESIAN_POINT('',(-22.3112431012206,0.,0.7354803044507));
#16224=CARTESIAN_POINT('',(-21.217259581919,2.,6.93976914842761));
#16225=CARTESIAN_POINT('Origin',(-19.8985843182757,0.,-1.17317608587714));
#16226=CARTESIAN_POINT('',(-19.9970650935769,2.,-1.19054090364383));
#16227=CARTESIAN_POINT('',(-19.9970650935769,0.,-1.19054090364383));
#16228=CARTESIAN_POINT('',(-19.881219500509,2.,-1.27165686117836));
#16229=CARTESIAN_POINT('Origin',(-19.8985843182757,2.,-1.17317608587714));
#16230=CARTESIAN_POINT('',(-19.881219500509,0.,-1.27165686117836));
#16231=CARTESIAN_POINT('Origin',(-20.1446660445938,0.,-0.353454313583456));
#16232=CARTESIAN_POINT('',(-20.1446660445938,2.,-0.353454313583454));
#16233=CARTESIAN_POINT('',(-20.1446660445938,0.,-0.353454313583456));
#16234=CARTESIAN_POINT('',(-19.0506825252921,2.,-6.55774315756037));
#16235=CARTESIAN_POINT('Origin',(-19.0998027010078,0.,-5.7032917497333));
#16236=CARTESIAN_POINT('',(-19.1171675187745,2.,-5.60481097443208));
#16237=CARTESIAN_POINT('',(-19.1171675187745,0.,-5.60481097443208));
#16238=CARTESIAN_POINT('',(-19.198283476309,2.,-5.72065656749999));
#16239=CARTESIAN_POINT('Origin',(-19.0998027010078,2.,-5.7032917497333));
#16240=CARTESIAN_POINT('',(-19.198283476309,0.,-5.72065656749999));
#16241=CARTESIAN_POINT('Origin',(-13.996167203111,0.,-4.70184045056404));
#16242=CARTESIAN_POINT('',(-21.4807061260038,2.,-6.02156660083271));
#16243=CARTESIAN_POINT('',(-21.4807061260038,0.,-6.02156660083271));
#16244=CARTESIAN_POINT('',(-17.1475520127501,2.,-5.25751461909822));
#16245=CARTESIAN_POINT('',(-13.996167203111,0.,-4.70184045056404));
#16246=CARTESIAN_POINT('Origin',(-22.262122925505,0.,-1.58993171227777));
#16247=CARTESIAN_POINT('',(-22.2447581077383,2.,-1.688412487579));
#16248=CARTESIAN_POINT('',(-22.2447581077383,0.,-1.688412487579));
#16249=CARTESIAN_POINT('',(-22.1636421502037,2.,-1.57256689451108));
#16250=CARTESIAN_POINT('Origin',(-22.262122925505,2.,-1.58993171227777));
#16251=CARTESIAN_POINT('',(-22.1636421502037,0.,-1.57256689451108));
#16252=CARTESIAN_POINT('Origin',(-22.9287473058516,0.,-1.80901823771953));
#16253=CARTESIAN_POINT('',(-14.7602191848455,0.,-0.368686337310323));
#16254=CARTESIAN_POINT('',(-21.9958680549876,2.,-1.6445264560491));
#16255=CARTESIAN_POINT('Origin',(-21.4633413082371,0.,-6.12004737613393));
#16256=CARTESIAN_POINT('',(-21.3648605329359,2.,-6.10268255836724));
#16257=CARTESIAN_POINT('',(-21.3648605329359,0.,-6.10268255836724));
#16258=CARTESIAN_POINT('Origin',(-21.4633413082371,2.,-6.12004737613393));
#16259=CARTESIAN_POINT('Origin',(-21.217259581919,0.,-6.93976914842762));
#16260=CARTESIAN_POINT('',(-21.217259581919,2.,-6.93976914842762));
#16261=CARTESIAN_POINT('',(-21.217259581919,0.,-6.93976914842762));
#16262=CARTESIAN_POINT('',(-22.3112431012206,2.,-0.735480304450702));
#16263=CARTESIAN_POINT('Origin',(-18.2973029949319,0.,-7.9081415712958));
#16264=CARTESIAN_POINT('',(-18.3839055353103,2.,-7.9581415712958));
#16265=CARTESIAN_POINT('',(-18.3839055353103,0.,-7.9581415712958));
#16266=CARTESIAN_POINT('',(-18.2473029949319,2.,-7.99474411167424));
#16267=CARTESIAN_POINT('Origin',(-18.2973029949319,2.,-7.9081415712958));
#16268=CARTESIAN_POINT('',(-18.2473029949319,0.,-7.99474411167424));
#16269=CARTESIAN_POINT('Origin',(-18.8089055353103,0.,-7.22201997807903));
#16270=CARTESIAN_POINT('',(-18.8089055353103,2.,-7.22201997807903));
#16271=CARTESIAN_POINT('',(-18.8089055353103,0.,-7.22201997807903));
#16272=CARTESIAN_POINT('',(-15.6589055353103,2.,-12.677980021921));
#16273=CARTESIAN_POINT('Origin',(-15.9973029949319,0.,-11.8918584287042));
#16274=CARTESIAN_POINT('',(-16.0473029949319,2.,-11.8052558883258));
#16275=CARTESIAN_POINT('',(-16.0473029949319,0.,-11.8052558883258));
#16276=CARTESIAN_POINT('',(-16.0839055353103,2.,-11.9418584287042));
#16277=CARTESIAN_POINT('Origin',(-15.9973029949319,2.,-11.8918584287042));
#16278=CARTESIAN_POINT('',(-16.0839055353103,0.,-11.9418584287042));
#16279=CARTESIAN_POINT('Origin',(-11.5439708952528,0.,-9.20525588832577));
#16280=CARTESIAN_POINT('',(-18.1257639640145,2.,-13.0052558883258));
#16281=CARTESIAN_POINT('',(-18.1257639640145,0.,-13.0052558883258));
#16282=CARTESIAN_POINT('',(-14.315252187363,2.,-10.8052558883258));
#16283=CARTESIAN_POINT('',(-11.5439708952528,0.,-9.20525588832577));
#16284=CARTESIAN_POINT('Origin',(-20.3757639640145,0.,-9.1081415712958));
#16285=CARTESIAN_POINT('',(-20.3257639640145,2.,-9.19474411167424));
#16286=CARTESIAN_POINT('',(-20.3257639640145,0.,-9.19474411167424));
#16287=CARTESIAN_POINT('',(-20.2891614236361,2.,-9.0581415712958));
#16288=CARTESIAN_POINT('Origin',(-20.3757639640145,2.,-9.1081415712958));
#16289=CARTESIAN_POINT('',(-20.2891614236361,0.,-9.0581415712958));
#16290=CARTESIAN_POINT('Origin',(-20.92725397023,0.,-9.5420145286776));
#16291=CARTESIAN_POINT('',(-13.7439708952528,0.,-5.39474411167424));
#16292=CARTESIAN_POINT('',(-20.1068937248516,2.,-9.06837932017592));
#16293=CARTESIAN_POINT('Origin',(-18.0757639640145,0.,-13.0918584287042));
#16294=CARTESIAN_POINT('',(-17.9891614236361,2.,-13.0418584287042));
#16295=CARTESIAN_POINT('',(-17.9891614236361,0.,-13.0418584287042));
#16296=CARTESIAN_POINT('Origin',(-18.0757639640145,2.,-13.0918584287042));
#16297=CARTESIAN_POINT('Origin',(-17.5641614236361,0.,-13.777980021921));
#16298=CARTESIAN_POINT('',(-17.5641614236361,2.,-13.777980021921));
#16299=CARTESIAN_POINT('',(-17.5641614236361,0.,-13.777980021921));
#16300=CARTESIAN_POINT('',(-20.7141614236361,2.,-8.32201997807903));
#16301=CARTESIAN_POINT('Origin',(-14.4890968909671,0.,-13.6892684714767));
#16302=CARTESIAN_POINT('',(-14.5533756519358,2.,-13.7658729157886));
#16303=CARTESIAN_POINT('',(-14.5533756519358,0.,-13.7658729157886));
#16304=CARTESIAN_POINT('',(-14.4124924466552,2.,-13.7535472324454));
#16305=CARTESIAN_POINT('Origin',(-14.4890968909671,2.,-13.6892684714767));
#16306=CARTESIAN_POINT('',(-14.4124924466552,0.,-13.7535472324454));
#16307=CARTESIAN_POINT('Origin',(-15.2045134285869,0.,-13.2195034475551));
#16308=CARTESIAN_POINT('',(-15.2045134285869,2.,-13.2195034475551));
#16309=CARTESIAN_POINT('',(-15.2045134285869,0.,-13.2195034475551));
#16310=CARTESIAN_POINT('',(-10.3784334369374,2.,-17.2690653885803));
#16311=CARTESIAN_POINT('Origin',(-10.9652924526198,0.,-16.6460914760348));
#16312=CARTESIAN_POINT('',(-11.0418968969317,2.,-16.5818127150662));
#16313=CARTESIAN_POINT('',(-11.0418968969317,0.,-16.5818127150662));
#16314=CARTESIAN_POINT('',(-11.0295712135885,2.,-16.7226959203467));
#16315=CARTESIAN_POINT('Origin',(-10.9652924526198,2.,-16.6460914760348));
#16316=CARTESIAN_POINT('',(-11.0295712135885,0.,-16.7226959203467));
#16317=CARTESIAN_POINT('Origin',(-7.69940132656173,0.,-12.5983816108475));
#16318=CARTESIAN_POINT('',(-13.0310294027003,4.25,-18.9523685249617));
#16319=CARTESIAN_POINT('',(-12.5845871601794,2.,-18.4203193785517));
#16320=CARTESIAN_POINT('',(-12.5845871601794,0.,-18.4203193785517));
#16321=CARTESIAN_POINT('',(-9.75632167755865,2.,-15.0497238288282));
#16322=CARTESIAN_POINT('',(-7.69940132656173,0.,-12.5983816108475));
#16323=CARTESIAN_POINT('Origin',(-16.0317871542148,0.,-15.5277751349623));
#16324=CARTESIAN_POINT('',(-15.9551827099029,2.,-15.5920538959309));
#16325=CARTESIAN_POINT('',(-15.9551827099029,0.,-15.5920538959309));
#16326=CARTESIAN_POINT('',(-15.9675083932462,2.,-15.4511706906504));
#16327=CARTESIAN_POINT('Origin',(-16.0317871542148,2.,-15.5277751349623));
#16328=CARTESIAN_POINT('',(-15.9675083932462,0.,-15.4511706906504));
#16329=CARTESIAN_POINT('Origin',(-16.4016249524238,0.,-16.124103042341));
#16330=CARTESIAN_POINT('',(-11.0699968762852,0.,-9.7701161282267));
#16331=CARTESIAN_POINT('',(-15.7927312653514,2.,-15.3984518032646));
#16332=CARTESIAN_POINT('Origin',(-12.5079827158675,0.,-18.4845981395204));
#16333=CARTESIAN_POINT('',(-12.4437039548989,2.,-18.4079936952085));
#16334=CARTESIAN_POINT('',(-12.4437039548989,0.,-18.4079936952085));
#16335=CARTESIAN_POINT('Origin',(-12.5079827158675,2.,-18.4845981395204));
#16336=CARTESIAN_POINT('Origin',(-11.7925661782477,0.,-18.954363163442));
#16337=CARTESIAN_POINT('',(-11.7925661782477,2.,-18.954363163442));
#16338=CARTESIAN_POINT('',(-11.7925661782477,0.,-18.954363163442));
#16339=CARTESIAN_POINT('',(-16.6186461698973,2.,-14.9048012224168));
#16340=CARTESIAN_POINT('Origin',(-8.93329186565582,0.,-17.8192675619119));
#16341=CARTESIAN_POINT('',(-8.96749387998839,2.,-17.9132368239905));
#16342=CARTESIAN_POINT('',(-8.96749387998839,0.,-17.9132368239905));
#16343=CARTESIAN_POINT('',(-8.83932260357724,2.,-17.8534695762445));
#16344=CARTESIAN_POINT('Origin',(-8.93329186565582,2.,-17.8192675619119));
#16345=CARTESIAN_POINT('',(-8.83932260357724,0.,-17.8534695762445));
#16346=CARTESIAN_POINT('Origin',(-9.76623260765642,0.,-17.6225197021637));
#16347=CARTESIAN_POINT('',(-9.76623260765642,2.,-17.6225197021637));
#16348=CARTESIAN_POINT('',(-9.76623260765642,0.,-17.6225197021637));
#16349=CARTESIAN_POINT('',(-3.8461690967052,2.,-19.7772466051154));
#16350=CARTESIAN_POINT('Origin',(-4.61070581004065,0.,-19.39256022121));
#16351=CARTESIAN_POINT('',(-4.64490782437322,2.,-19.4865294832886));
#16352=CARTESIAN_POINT('Origin',(-4.61070581004065,2.,-19.39256022121));
#16353=CARTESIAN_POINT('',(-4.64490782437322,0.,-19.4865294832886));
#16354=CARTESIAN_POINT('Origin',(-9.75414020963743,0.,-20.0745298517981));
#16355=CARTESIAN_POINT('',(-9.66017094755884,2.,-20.1087318661307));
#16356=CARTESIAN_POINT('',(-9.66017094755884,0.,-20.1087318661307));
#16357=CARTESIAN_POINT('',(-9.71993819530486,2.,-19.9805605897195));
#16358=CARTESIAN_POINT('Origin',(-9.75414020963743,2.,-20.0745298517981));
#16359=CARTESIAN_POINT('',(-9.71993819530486,0.,-19.9805605897195));
#16360=CARTESIAN_POINT('Origin',(-9.89771790315134,0.,-20.7613867626813));
#16361=CARTESIAN_POINT('',(-7.06081785828376,0.,-12.9670679481578));
#16362=CARTESIAN_POINT('',(-9.57373233935969,2.,-19.8712437419344));
#16363=CARTESIAN_POINT('',(-9.89771790315134,4.25,-20.7613867626813));
#16364=CARTESIAN_POINT('Origin',(-5.43155415402225,0.,-21.6478225110962));
#16365=CARTESIAN_POINT('',(-5.39735213968969,2.,-21.5538532490176));
#16366=CARTESIAN_POINT('',(-5.39735213968969,0.,-21.5538532490176));
#16367=CARTESIAN_POINT('Origin',(-5.43155415402225,2.,-21.6478225110962));
#16368=CARTESIAN_POINT('Origin',(-4.59861341202167,0.,-21.8445703708444));
#16369=CARTESIAN_POINT('',(-4.59861341202167,2.,-21.8445703708444));
#16370=CARTESIAN_POINT('',(-4.59861341202167,0.,-21.8445703708444));
#16371=CARTESIAN_POINT('',(-10.5186769229729,2.,-19.6898434678927));
#16372=CARTESIAN_POINT('Origin',(-2.3,0.,-19.8));
#16373=CARTESIAN_POINT('',(-2.3,2.,-19.9));
#16374=CARTESIAN_POINT('',(-2.3,0.,-19.9));
#16375=CARTESIAN_POINT('Origin',(-2.3,2.,-19.8));
#16376=CARTESIAN_POINT('Origin',(-3.15,0.,-19.9));
#16377=CARTESIAN_POINT('',(-3.15,2.,-19.9));
#16378=CARTESIAN_POINT('',(-3.15,0.,-19.9));
#16379=CARTESIAN_POINT('',(3.15,2.,-19.9));
#16380=CARTESIAN_POINT('Origin',(2.3,0.,-19.8));
#16381=CARTESIAN_POINT('',(2.3,2.,-19.9));
#16382=CARTESIAN_POINT('Origin',(2.3,2.,-19.8));
#16383=CARTESIAN_POINT('',(2.3,0.,-19.9));
#16384=CARTESIAN_POINT('Origin',(-2.3,0.,-22.2));
#16385=CARTESIAN_POINT('',(-2.3,2.,-22.1));
#16386=CARTESIAN_POINT('Origin',(-2.3,2.,-22.2));
#16387=CARTESIAN_POINT('',(-2.3,0.,-22.1));
#16388=CARTESIAN_POINT('Origin',(2.3,0.,-22.2));
#16389=CARTESIAN_POINT('',(2.3,2.,-22.1));
#16390=CARTESIAN_POINT('',(2.3,0.,-22.1));
#16391=CARTESIAN_POINT('Origin',(2.3,2.,-22.2));
#16392=CARTESIAN_POINT('Origin',(3.15,0.,-22.1));
#16393=CARTESIAN_POINT('',(3.15,2.,-22.1));
#16394=CARTESIAN_POINT('',(3.15,0.,-22.1));
#16395=CARTESIAN_POINT('',(-3.15,2.,-22.1));
#16396=CARTESIAN_POINT('Origin',(4.61070581004066,0.,-19.39256022121));
#16397=CARTESIAN_POINT('',(4.64490782437322,2.,-19.4865294832886));
#16398=CARTESIAN_POINT('',(4.64490782437322,0.,-19.4865294832886));
#16399=CARTESIAN_POINT('Origin',(4.61070581004066,2.,-19.39256022121));
#16400=CARTESIAN_POINT('Origin',(3.8461690967052,0.,-19.7772466051154));
#16401=CARTESIAN_POINT('',(3.8461690967052,2.,-19.7772466051154));
#16402=CARTESIAN_POINT('',(3.8461690967052,0.,-19.7772466051154));
#16403=CARTESIAN_POINT('',(9.76623260765642,2.,-17.6225197021637));
#16404=CARTESIAN_POINT('Origin',(8.93329186565583,0.,-17.8192675619119));
#16405=CARTESIAN_POINT('',(8.9674938799884,2.,-17.9132368239905));
#16406=CARTESIAN_POINT('Origin',(8.93329186565583,2.,-17.8192675619119));
#16407=CARTESIAN_POINT('',(8.9674938799884,0.,-17.9132368239905));
#16408=CARTESIAN_POINT('Origin',(5.43155415402226,0.,-21.6478225110962));
#16409=CARTESIAN_POINT('',(5.39735213968969,2.,-21.5538532490176));
#16410=CARTESIAN_POINT('Origin',(5.43155415402226,2.,-21.6478225110962));
#16411=CARTESIAN_POINT('',(5.39735213968969,0.,-21.5538532490176));
#16412=CARTESIAN_POINT('Origin',(9.75414020963744,0.,-20.0745298517981));
#16413=CARTESIAN_POINT('',(9.71993819530487,2.,-19.9805605897195));
#16414=CARTESIAN_POINT('',(9.71993819530487,0.,-19.9805605897195));
#16415=CARTESIAN_POINT('Origin',(9.75414020963744,2.,-20.0745298517981));
#16416=CARTESIAN_POINT('Origin',(10.5186769229729,0.,-19.6898434678927));
#16417=CARTESIAN_POINT('',(10.5186769229729,2.,-19.6898434678927));
#16418=CARTESIAN_POINT('',(10.5186769229729,0.,-19.6898434678927));
#16419=CARTESIAN_POINT('',(4.59861341202167,2.,-21.8445703708444));
#16420=CARTESIAN_POINT('Origin',(10.9652924526198,0.,-16.6460914760348));
#16421=CARTESIAN_POINT('',(11.0295712135885,2.,-16.7226959203467));
#16422=CARTESIAN_POINT('',(11.0295712135885,0.,-16.7226959203467));
#16423=CARTESIAN_POINT('Origin',(10.9652924526198,2.,-16.6460914760348));
#16424=CARTESIAN_POINT('Origin',(10.3784334369374,0.,-17.2690653885803));
#16425=CARTESIAN_POINT('',(10.3784334369374,2.,-17.2690653885803));
#16426=CARTESIAN_POINT('',(10.3784334369374,0.,-17.2690653885803));
#16427=CARTESIAN_POINT('',(15.2045134285869,2.,-13.2195034475551));
#16428=CARTESIAN_POINT('Origin',(14.4890968909671,0.,-13.6892684714767));
#16429=CARTESIAN_POINT('',(14.5533756519358,2.,-13.7658729157886));
#16430=CARTESIAN_POINT('Origin',(14.4890968909671,2.,-13.6892684714767));
#16431=CARTESIAN_POINT('',(14.5533756519358,0.,-13.7658729157886));
#16432=CARTESIAN_POINT('Origin',(12.5079827158675,0.,-18.4845981395204));
#16433=CARTESIAN_POINT('',(12.4437039548989,2.,-18.4079936952085));
#16434=CARTESIAN_POINT('Origin',(12.5079827158675,2.,-18.4845981395204));
#16435=CARTESIAN_POINT('',(12.4437039548989,0.,-18.4079936952085));
#16436=CARTESIAN_POINT('Origin',(16.0317871542148,0.,-15.5277751349623));
#16437=CARTESIAN_POINT('',(15.9675083932462,2.,-15.4511706906504));
#16438=CARTESIAN_POINT('',(15.9675083932462,0.,-15.4511706906504));
#16439=CARTESIAN_POINT('Origin',(16.0317871542148,2.,-15.5277751349623));
#16440=CARTESIAN_POINT('Origin',(16.6186461698973,0.,-14.9048012224168));
#16441=CARTESIAN_POINT('',(16.6186461698973,2.,-14.9048012224168));
#16442=CARTESIAN_POINT('',(16.6186461698973,0.,-14.9048012224168));
#16443=CARTESIAN_POINT('',(11.7925661782477,2.,-18.954363163442));
#16444=CARTESIAN_POINT('Origin',(15.9973029949319,0.,-11.8918584287042));
#16445=CARTESIAN_POINT('',(16.0839055353103,2.,-11.9418584287042));
#16446=CARTESIAN_POINT('',(16.0839055353103,0.,-11.9418584287042));
#16447=CARTESIAN_POINT('Origin',(15.9973029949319,2.,-11.8918584287042));
#16448=CARTESIAN_POINT('Origin',(15.6589055353103,0.,-12.677980021921));
#16449=CARTESIAN_POINT('',(15.6589055353103,2.,-12.677980021921));
#16450=CARTESIAN_POINT('',(15.6589055353103,0.,-12.677980021921));
#16451=CARTESIAN_POINT('',(18.8089055353103,2.,-7.22201997807901));
#16452=CARTESIAN_POINT('Origin',(18.2973029949319,0.,-7.90814157129579));
#16453=CARTESIAN_POINT('',(18.3839055353103,2.,-7.95814157129579));
#16454=CARTESIAN_POINT('Origin',(18.2973029949319,2.,-7.90814157129579));
#16455=CARTESIAN_POINT('',(18.3839055353103,0.,-7.95814157129579));
#16456=CARTESIAN_POINT('Origin',(18.0757639640145,0.,-13.0918584287042));
#16457=CARTESIAN_POINT('',(17.9891614236361,2.,-13.0418584287042));
#16458=CARTESIAN_POINT('Origin',(18.0757639640145,2.,-13.0918584287042));
#16459=CARTESIAN_POINT('',(17.9891614236361,0.,-13.0418584287042));
#16460=CARTESIAN_POINT('Origin',(20.3757639640145,0.,-9.10814157129579));
#16461=CARTESIAN_POINT('',(20.2891614236361,2.,-9.05814157129578));
#16462=CARTESIAN_POINT('',(20.2891614236361,0.,-9.05814157129578));
#16463=CARTESIAN_POINT('Origin',(20.3757639640145,2.,-9.10814157129579));
#16464=CARTESIAN_POINT('Origin',(20.7141614236361,0.,-8.32201997807901));
#16465=CARTESIAN_POINT('',(20.7141614236361,2.,-8.32201997807901));
#16466=CARTESIAN_POINT('',(20.7141614236361,0.,-8.32201997807901));
#16467=CARTESIAN_POINT('',(17.5641614236361,2.,-13.777980021921));
#16468=CARTESIAN_POINT('Origin',(19.0998027010078,0.,-5.7032917497333));
#16469=CARTESIAN_POINT('',(19.198283476309,2.,-5.72065656749999));
#16470=CARTESIAN_POINT('',(19.198283476309,0.,-5.72065656749999));
#16471=CARTESIAN_POINT('Origin',(19.0998027010078,2.,-5.7032917497333));
#16472=CARTESIAN_POINT('Origin',(19.0506825252921,0.,-6.55774315756037));
#16473=CARTESIAN_POINT('',(19.0506825252921,2.,-6.55774315756037));
#16474=CARTESIAN_POINT('',(19.0506825252921,0.,-6.55774315756037));
#16475=CARTESIAN_POINT('',(20.1446660445938,2.,-0.35345431358346));
#16476=CARTESIAN_POINT('Origin',(19.8985843182757,0.,-1.17317608587714));
#16477=CARTESIAN_POINT('',(19.9970650935769,2.,-1.19054090364384));
#16478=CARTESIAN_POINT('Origin',(19.8985843182757,2.,-1.17317608587714));
#16479=CARTESIAN_POINT('',(19.9970650935769,0.,-1.19054090364384));
#16480=CARTESIAN_POINT('Origin',(21.4633413082371,0.,-6.12004737613393));
#16481=CARTESIAN_POINT('',(21.3648605329359,2.,-6.10268255836724));
#16482=CARTESIAN_POINT('Origin',(21.4633413082371,2.,-6.12004737613393));
#16483=CARTESIAN_POINT('',(21.3648605329359,0.,-6.10268255836724));
#16484=CARTESIAN_POINT('Origin',(22.262122925505,0.,-1.58993171227777));
#16485=CARTESIAN_POINT('',(22.1636421502037,2.,-1.57256689451108));
#16486=CARTESIAN_POINT('',(22.1636421502037,0.,-1.57256689451108));
#16487=CARTESIAN_POINT('Origin',(22.262122925505,2.,-1.58993171227777));
#16488=CARTESIAN_POINT('Origin',(22.3112431012206,0.,-0.735480304450705));
#16489=CARTESIAN_POINT('',(22.3112431012206,2.,-0.735480304450705));
#16490=CARTESIAN_POINT('',(22.3112431012206,0.,-0.735480304450705));
#16491=CARTESIAN_POINT('',(21.217259581919,2.,-6.93976914842762));
#16492=CARTESIAN_POINT('Origin',(19.8985843182757,0.,1.17317608587714));
#16493=CARTESIAN_POINT('',(19.9970650935769,2.,1.19054090364384));
#16494=CARTESIAN_POINT('',(19.9970650935769,0.,1.19054090364384));
#16495=CARTESIAN_POINT('Origin',(19.8985843182757,2.,1.17317608587714));
#16496=CARTESIAN_POINT('Origin',(20.1446660445938,0.,0.353454313583459));
#16497=CARTESIAN_POINT('',(20.1446660445938,2.,0.353454313583459));
#16498=CARTESIAN_POINT('',(20.1446660445938,0.,0.353454313583459));
#16499=CARTESIAN_POINT('',(19.0506825252921,2.,6.55774315756037));
#16500=CARTESIAN_POINT('Origin',(19.0998027010078,0.,5.7032917497333));
#16501=CARTESIAN_POINT('',(19.198283476309,2.,5.72065656749999));
#16502=CARTESIAN_POINT('Origin',(19.0998027010078,2.,5.7032917497333));
#16503=CARTESIAN_POINT('',(19.198283476309,0.,5.72065656749999));
#16504=CARTESIAN_POINT('Origin',(22.262122925505,0.,1.58993171227778));
#16505=CARTESIAN_POINT('',(22.1636421502037,2.,1.57256689451108));
#16506=CARTESIAN_POINT('Origin',(22.262122925505,2.,1.58993171227778));
#16507=CARTESIAN_POINT('',(22.1636421502037,0.,1.57256689451108));
#16508=CARTESIAN_POINT('Origin',(21.4633413082371,0.,6.12004737613394));
#16509=CARTESIAN_POINT('',(21.3648605329359,2.,6.10268255836724));
#16510=CARTESIAN_POINT('',(21.3648605329359,0.,6.10268255836724));
#16511=CARTESIAN_POINT('Origin',(21.4633413082371,2.,6.12004737613394));
#16512=CARTESIAN_POINT('Origin',(21.217259581919,0.,6.93976914842762));
#16513=CARTESIAN_POINT('',(21.217259581919,2.,6.93976914842762));
#16514=CARTESIAN_POINT('',(21.217259581919,0.,6.93976914842762));
#16515=CARTESIAN_POINT('',(22.3112431012206,2.,0.735480304450705));
#16516=CARTESIAN_POINT('Origin',(18.2973029949319,0.,7.90814157129579));
#16517=CARTESIAN_POINT('',(18.3839055353103,2.,7.95814157129579));
#16518=CARTESIAN_POINT('',(18.3839055353103,0.,7.95814157129579));
#16519=CARTESIAN_POINT('Origin',(18.2973029949319,2.,7.90814157129579));
#16520=CARTESIAN_POINT('Origin',(18.8089055353103,0.,7.22201997807902));
#16521=CARTESIAN_POINT('',(18.8089055353103,2.,7.22201997807902));
#16522=CARTESIAN_POINT('',(18.8089055353103,0.,7.22201997807902));
#16523=CARTESIAN_POINT('',(15.6589055353103,2.,12.677980021921));
#16524=CARTESIAN_POINT('Origin',(15.9973029949319,0.,11.8918584287042));
#16525=CARTESIAN_POINT('',(16.0839055353103,2.,11.9418584287042));
#16526=CARTESIAN_POINT('Origin',(15.9973029949319,2.,11.8918584287042));
#16527=CARTESIAN_POINT('',(16.0839055353103,0.,11.9418584287042));
#16528=CARTESIAN_POINT('Origin',(20.3757639640145,0.,9.10814157129579));
#16529=CARTESIAN_POINT('',(20.2891614236361,2.,9.0581415712958));
#16530=CARTESIAN_POINT('Origin',(20.3757639640145,2.,9.10814157129579));
#16531=CARTESIAN_POINT('',(20.2891614236361,0.,9.0581415712958));
#16532=CARTESIAN_POINT('Origin',(18.0757639640145,0.,13.0918584287042));
#16533=CARTESIAN_POINT('',(17.9891614236361,2.,13.0418584287042));
#16534=CARTESIAN_POINT('',(17.9891614236361,0.,13.0418584287042));
#16535=CARTESIAN_POINT('Origin',(18.0757639640145,2.,13.0918584287042));
#16536=CARTESIAN_POINT('Origin',(17.5641614236361,0.,13.777980021921));
#16537=CARTESIAN_POINT('',(17.5641614236361,2.,13.777980021921));
#16538=CARTESIAN_POINT('',(17.5641614236361,0.,13.777980021921));
#16539=CARTESIAN_POINT('',(20.7141614236361,2.,8.32201997807902));
#16540=CARTESIAN_POINT('Origin',(14.4890968909671,0.,13.6892684714767));
#16541=CARTESIAN_POINT('',(14.5533756519358,2.,13.7658729157886));
#16542=CARTESIAN_POINT('',(14.5533756519358,0.,13.7658729157886));
#16543=CARTESIAN_POINT('Origin',(14.4890968909671,2.,13.6892684714767));
#16544=CARTESIAN_POINT('Origin',(15.2045134285869,0.,13.2195034475551));
#16545=CARTESIAN_POINT('',(15.2045134285869,2.,13.2195034475551));
#16546=CARTESIAN_POINT('',(15.2045134285869,0.,13.2195034475551));
#16547=CARTESIAN_POINT('',(10.3784334369374,2.,17.2690653885803));
#16548=CARTESIAN_POINT('Origin',(10.9652924526198,0.,16.6460914760348));
#16549=CARTESIAN_POINT('',(11.0295712135885,2.,16.7226959203467));
#16550=CARTESIAN_POINT('Origin',(10.9652924526198,2.,16.6460914760348));
#16551=CARTESIAN_POINT('',(11.0295712135885,0.,16.7226959203467));
#16552=CARTESIAN_POINT('Origin',(16.0317871542148,0.,15.5277751349623));
#16553=CARTESIAN_POINT('',(15.9675083932462,2.,15.4511706906504));
#16554=CARTESIAN_POINT('Origin',(16.0317871542148,2.,15.5277751349623));
#16555=CARTESIAN_POINT('',(15.9675083932462,0.,15.4511706906504));
#16556=CARTESIAN_POINT('Origin',(12.5079827158675,0.,18.4845981395204));
#16557=CARTESIAN_POINT('',(12.4437039548989,2.,18.4079936952085));
#16558=CARTESIAN_POINT('',(12.4437039548989,0.,18.4079936952085));
#16559=CARTESIAN_POINT('Origin',(12.5079827158675,2.,18.4845981395204));
#16560=CARTESIAN_POINT('Origin',(11.7925661782477,0.,18.954363163442));
#16561=CARTESIAN_POINT('',(11.7925661782477,2.,18.954363163442));
#16562=CARTESIAN_POINT('',(11.7925661782477,0.,18.954363163442));
#16563=CARTESIAN_POINT('',(16.6186461698973,2.,14.9048012224168));
#16564=CARTESIAN_POINT('Origin',(8.93329186565583,0.,17.8192675619119));
#16565=CARTESIAN_POINT('',(8.96749387998839,2.,17.9132368239905));
#16566=CARTESIAN_POINT('',(8.96749387998839,0.,17.9132368239905));
#16567=CARTESIAN_POINT('Origin',(8.93329186565583,2.,17.8192675619119));
#16568=CARTESIAN_POINT('Origin',(9.76623260765642,0.,17.6225197021637));
#16569=CARTESIAN_POINT('',(9.76623260765642,2.,17.6225197021637));
#16570=CARTESIAN_POINT('',(9.76623260765642,0.,17.6225197021637));
#16571=CARTESIAN_POINT('',(3.8461690967052,2.,19.7772466051154));
#16572=CARTESIAN_POINT('Origin',(4.61070581004065,0.,19.39256022121));
#16573=CARTESIAN_POINT('',(4.70467507211924,2.,19.3583582068775));
#16574=CARTESIAN_POINT('',(4.70467507211924,0.,19.3583582068775));
#16575=CARTESIAN_POINT('',(4.64490782437322,2.,19.4865294832886));
#16576=CARTESIAN_POINT('Origin',(4.61070581004065,2.,19.39256022121));
#16577=CARTESIAN_POINT('',(4.64490782437322,0.,19.4865294832886));
#16578=CARTESIAN_POINT('Origin',(2.92617032682577,0.,14.4719565787907));
#16579=CARTESIAN_POINT('',(5.52552341610085,2.,21.6136204967636));
#16580=CARTESIAN_POINT('',(5.52552341610085,0.,21.6136204967636));
#16581=CARTESIAN_POINT('',(4.02063478546791,2.,17.4789729653056));
#16582=CARTESIAN_POINT('',(2.92617032682577,0.,14.4719565787907));
#16583=CARTESIAN_POINT('Origin',(9.75414020963743,0.,20.0745298517981));
#16584=CARTESIAN_POINT('',(9.71993819530487,2.,19.9805605897195));
#16585=CARTESIAN_POINT('Origin',(9.75414020963743,2.,20.0745298517981));
#16586=CARTESIAN_POINT('',(9.71993819530487,0.,19.9805605897195));
#16587=CARTESIAN_POINT('Origin',(4.59861341202167,0.,21.8445703708444));
#16588=CARTESIAN_POINT('',(10.5186769229729,2.,19.6898434678927));
#16589=CARTESIAN_POINT('',(10.5186769229729,2.,19.6898434678927));
#16590=CARTESIAN_POINT('',(10.5186769229729,0.,19.6898434678927));
#16591=CARTESIAN_POINT('Origin',(5.43155415402225,0.,21.6478225110962));
#16592=CARTESIAN_POINT('',(5.39735213968969,2.,21.5538532490176));
#16593=CARTESIAN_POINT('',(5.39735213968969,0.,21.5538532490176));
#16594=CARTESIAN_POINT('Origin',(5.43155415402225,2.,21.6478225110962));
#16595=CARTESIAN_POINT('Origin',(-10.5186769229729,0.,19.6898434678927));
#16596=CARTESIAN_POINT('',(-4.59861341202168,2.,21.8445703708444));
#16597=CARTESIAN_POINT('',(-4.59861341202168,2.,21.8445703708444));
#16598=CARTESIAN_POINT('',(-4.59861341202168,0.,21.8445703708444));
#16599=CARTESIAN_POINT('Origin',(-7.18242300983905,2.,19.7335450365041));
#16600=CARTESIAN_POINT('',(-3.84616909670521,2.,19.7772466051154));
#16601=CARTESIAN_POINT('Origin',(-7.18242300983905,2.,19.7335450365041));
#16602=CARTESIAN_POINT('',(-9.76623260765643,2.,17.6225197021637));
#16603=CARTESIAN_POINT('',(-10.5186769229729,2.,19.6898434678927));
#16604=CARTESIAN_POINT('',(-9.76623260765643,2.,17.6225197021637));
#16605=CARTESIAN_POINT('Origin',(-3.84616909670521,0.,19.7772466051154));
#16606=CARTESIAN_POINT('',(-9.76623260765643,0.,17.6225197021637));
#16607=CARTESIAN_POINT('Origin',(-4.59861341202168,0.,21.8445703708444));
#16608=CARTESIAN_POINT('Origin',(-9.76623260765643,0.,17.6225197021637));
#16609=CARTESIAN_POINT('Origin',(-5.55730966502632,0.,13.5143001774789));
#16610=CARTESIAN_POINT('',(-5.01007743570525,0.,12.0107919842214));
#16611=CARTESIAN_POINT('Origin',(-3.88244629076216,0.,12.4212161562122));
#16612=CARTESIAN_POINT('',(-3.88244629076216,0.,12.4212161562122));
#16613=CARTESIAN_POINT('Origin',(-4.42967852008323,0.,13.9247243494697));
#16614=CARTESIAN_POINT('Origin',(-16.6186461698973,0.,14.9048012224168));
#16615=CARTESIAN_POINT('',(-11.7925661782477,2.,18.954363163442));
#16616=CARTESIAN_POINT('',(-11.7925661782477,2.,18.954363163442));
#16617=CARTESIAN_POINT('',(-11.7925661782477,0.,18.954363163442));
#16618=CARTESIAN_POINT('Origin',(-13.4985398034173,2.,16.0869333054985));
#16619=CARTESIAN_POINT('',(-10.3784334369374,2.,17.2690653885803));
#16620=CARTESIAN_POINT('Origin',(-13.4985398034173,2.,16.0869333054985));
#16621=CARTESIAN_POINT('',(-15.2045134285869,2.,13.2195034475551));
#16622=CARTESIAN_POINT('',(-16.6186461698973,2.,14.9048012224168));
#16623=CARTESIAN_POINT('',(-15.2045134285869,2.,13.2195034475551));
#16624=CARTESIAN_POINT('Origin',(-10.3784334369374,0.,17.2690653885803));
#16625=CARTESIAN_POINT('',(-15.2045134285869,0.,13.2195034475551));
#16626=CARTESIAN_POINT('Origin',(-11.7925661782477,0.,18.954363163442));
#16627=CARTESIAN_POINT('Origin',(-15.2045134285869,0.,13.2195034475551));
#16628=CARTESIAN_POINT('Origin',(-9.84432576729487,0.,10.7985763037252));
#16629=CARTESIAN_POINT('',(-8.8158655917964,0.,9.57290519473479));
#16630=CARTESIAN_POINT('Origin',(-7.89661226005363,0.,10.3442503263586));
#16631=CARTESIAN_POINT('',(-7.89661226005363,0.,10.3442503263586));
#16632=CARTESIAN_POINT('Origin',(-8.92507243555209,0.,11.569921435349));
#16633=CARTESIAN_POINT('Origin',(-20.7141614236361,0.,8.32201997807902));
#16634=CARTESIAN_POINT('',(-17.5641614236361,2.,13.777980021921));
#16635=CARTESIAN_POINT('',(-17.5641614236361,2.,13.777980021921));
#16636=CARTESIAN_POINT('',(-17.5641614236361,0.,13.777980021921));
#16637=CARTESIAN_POINT('Origin',(-18.1865334794732,2.,10.5));
#16638=CARTESIAN_POINT('',(-15.6589055353103,2.,12.677980021921));
#16639=CARTESIAN_POINT('Origin',(-18.1865334794732,2.,10.5));
#16640=CARTESIAN_POINT('',(-18.8089055353103,2.,7.22201997807902));
#16641=CARTESIAN_POINT('',(-20.7141614236361,2.,8.32201997807902));
#16642=CARTESIAN_POINT('',(-18.8089055353103,2.,7.22201997807902));
#16643=CARTESIAN_POINT('Origin',(-15.6589055353103,0.,12.677980021921));
#16644=CARTESIAN_POINT('',(-18.8089055353103,0.,7.22201997807902));
#16645=CARTESIAN_POINT('Origin',(-17.5641614236361,0.,13.777980021921));
#16646=CARTESIAN_POINT('Origin',(-18.8089055353103,0.,7.22201997807902));
#16647=CARTESIAN_POINT('Origin',(-12.9439708952528,0.,6.78038475772934));
#16648=CARTESIAN_POINT('',(-11.5583302491977,0.,5.98038475772934));
#16649=CARTESIAN_POINT('Origin',(-10.9583302491977,0.,7.01961524227067));
#16650=CARTESIAN_POINT('',(-10.9583302491977,0.,7.01961524227067));
#16651=CARTESIAN_POINT('Origin',(-12.3439708952528,0.,7.81961524227067));
#16652=CARTESIAN_POINT('Origin',(-22.3112431012206,0.,0.7354803044507));
#16653=CARTESIAN_POINT('',(-21.217259581919,2.,6.93976914842761));
#16654=CARTESIAN_POINT('',(-21.217259581919,2.,6.93976914842761));
#16655=CARTESIAN_POINT('',(-21.217259581919,0.,6.93976914842761));
#16656=CARTESIAN_POINT('Origin',(-20.6809628132564,2.,3.64661173100553));
#16657=CARTESIAN_POINT('',(-19.0506825252921,2.,6.55774315756036));
#16658=CARTESIAN_POINT('Origin',(-20.6809628132564,2.,3.64661173100553));
#16659=CARTESIAN_POINT('',(-20.1446660445938,2.,0.353454313583451));
#16660=CARTESIAN_POINT('',(-22.3112431012206,2.,0.7354803044507));
#16661=CARTESIAN_POINT('',(-20.1446660445938,2.,0.353454313583451));
#16662=CARTESIAN_POINT('Origin',(-19.0506825252921,0.,6.55774315756036));
#16663=CARTESIAN_POINT('',(-20.1446660445938,0.,0.353454313583451));
#16664=CARTESIAN_POINT('Origin',(-21.217259581919,0.,6.93976914842761));
#16665=CARTESIAN_POINT('Origin',(-20.1446660445938,0.,0.353454313583452));
#16666=CARTESIAN_POINT('Origin',(-14.4823821005784,0.,1.94437874212985));
#16667=CARTESIAN_POINT('',(-12.9066896957589,0.,1.66654165786277));
#16668=CARTESIAN_POINT('Origin',(-12.6983118825585,0.,2.84831096147742));
#16669=CARTESIAN_POINT('',(-12.6983118825585,0.,2.84831096147742));
#16670=CARTESIAN_POINT('Origin',(-14.2740042873781,0.,3.1261480457445));
#16671=CARTESIAN_POINT('Origin',(-21.217259581919,0.,-6.93976914842762));
#16672=CARTESIAN_POINT('',(-22.3112431012206,2.,-0.735480304450702));
#16673=CARTESIAN_POINT('',(-22.3112431012206,2.,-0.735480304450702));
#16674=CARTESIAN_POINT('',(-22.3112431012206,0.,-0.735480304450702));
#16675=CARTESIAN_POINT('Origin',(-20.6809628132564,2.,-3.64661173100553));
#16676=CARTESIAN_POINT('',(-20.1446660445938,2.,-0.353454313583454));
#16677=CARTESIAN_POINT('Origin',(-20.6809628132564,2.,-3.64661173100553));
#16678=CARTESIAN_POINT('',(-19.0506825252921,2.,-6.55774315756037));
#16679=CARTESIAN_POINT('',(-21.217259581919,2.,-6.93976914842762));
#16680=CARTESIAN_POINT('',(-19.0506825252921,2.,-6.55774315756037));
#16681=CARTESIAN_POINT('Origin',(-20.1446660445938,0.,-0.353454313583456));
#16682=CARTESIAN_POINT('',(-19.0506825252921,0.,-6.55774315756037));
#16683=CARTESIAN_POINT('Origin',(-22.3112431012206,0.,-0.735480304450702));
#16684=CARTESIAN_POINT('Origin',(-19.0506825252921,0.,-6.55774315756037));
#16685=CARTESIAN_POINT('Origin',(-14.2740042873781,0.,-3.12614804574451));
#16686=CARTESIAN_POINT('',(-12.6983118825585,0.,-2.84831096147742));
#16687=CARTESIAN_POINT('Origin',(-12.9066896957589,0.,-1.66654165786277));
#16688=CARTESIAN_POINT('',(-12.9066896957589,0.,-1.66654165786277));
#16689=CARTESIAN_POINT('Origin',(-14.4823821005784,0.,-1.94437874212986));
#16690=CARTESIAN_POINT('Origin',(-17.5641614236361,0.,-13.777980021921));
#16691=CARTESIAN_POINT('',(-20.7141614236361,2.,-8.32201997807903));
#16692=CARTESIAN_POINT('',(-20.7141614236361,2.,-8.32201997807903));
#16693=CARTESIAN_POINT('',(-20.7141614236361,0.,-8.32201997807903));
#16694=CARTESIAN_POINT('Origin',(-18.1865334794732,2.,-10.5));
#16695=CARTESIAN_POINT('',(-18.8089055353103,2.,-7.22201997807903));
#16696=CARTESIAN_POINT('Origin',(-18.1865334794732,2.,-10.5));
#16697=CARTESIAN_POINT('',(-15.6589055353103,2.,-12.677980021921));
#16698=CARTESIAN_POINT('',(-17.5641614236361,2.,-13.777980021921));
#16699=CARTESIAN_POINT('',(-15.6589055353103,2.,-12.677980021921));
#16700=CARTESIAN_POINT('Origin',(-18.8089055353103,0.,-7.22201997807903));
#16701=CARTESIAN_POINT('',(-15.6589055353103,0.,-12.677980021921));
#16702=CARTESIAN_POINT('Origin',(-20.7141614236361,0.,-8.32201997807903));
#16703=CARTESIAN_POINT('Origin',(-15.6589055353103,0.,-12.677980021921));
#16704=CARTESIAN_POINT('Origin',(-12.3439708952528,0.,-7.81961524227067));
#16705=CARTESIAN_POINT('',(-10.9583302491977,0.,-7.01961524227067));
#16706=CARTESIAN_POINT('Origin',(-11.5583302491977,0.,-5.98038475772934));
#16707=CARTESIAN_POINT('',(-11.5583302491977,0.,-5.98038475772934));
#16708=CARTESIAN_POINT('Origin',(-12.9439708952528,0.,-6.78038475772934));
#16709=CARTESIAN_POINT('Origin',(-11.7925661782477,0.,-18.954363163442));
#16710=CARTESIAN_POINT('',(-16.6186461698973,2.,-14.9048012224168));
#16711=CARTESIAN_POINT('',(-16.6186461698973,2.,-14.9048012224168));
#16712=CARTESIAN_POINT('',(-16.6186461698973,0.,-14.9048012224168));
#16713=CARTESIAN_POINT('Origin',(-13.4985398034173,2.,-16.0869333054985));
#16714=CARTESIAN_POINT('',(-15.2045134285869,2.,-13.2195034475551));
#16715=CARTESIAN_POINT('Origin',(-13.4985398034173,2.,-16.0869333054985));
#16716=CARTESIAN_POINT('',(-10.3784334369374,2.,-17.2690653885803));
#16717=CARTESIAN_POINT('',(-11.7925661782477,2.,-18.954363163442));
#16718=CARTESIAN_POINT('',(-10.3784334369374,2.,-17.2690653885803));
#16719=CARTESIAN_POINT('Origin',(-15.2045134285869,0.,-13.2195034475551));
#16720=CARTESIAN_POINT('',(-10.3784334369374,0.,-17.2690653885803));
#16721=CARTESIAN_POINT('Origin',(-16.6186461698973,0.,-14.9048012224168));
#16722=CARTESIAN_POINT('Origin',(-10.3784334369374,0.,-17.2690653885803));
#16723=CARTESIAN_POINT('Origin',(-8.92507243555209,0.,-11.569921435349));
#16724=CARTESIAN_POINT('',(-7.89661226005363,0.,-10.3442503263586));
#16725=CARTESIAN_POINT('Origin',(-8.8158655917964,0.,-9.5729051947348));
#16726=CARTESIAN_POINT('',(-8.8158655917964,0.,-9.57290519473479));
#16727=CARTESIAN_POINT('Origin',(-9.84432576729486,0.,-10.7985763037252));
#16728=CARTESIAN_POINT('Origin',(-4.59861341202167,0.,-21.8445703708444));
#16729=CARTESIAN_POINT('',(-10.5186769229729,2.,-19.6898434678927));
#16730=CARTESIAN_POINT('',(-10.5186769229729,2.,-19.6898434678927));
#16731=CARTESIAN_POINT('',(-10.5186769229729,0.,-19.6898434678927));
#16732=CARTESIAN_POINT('Origin',(-7.18242300983904,2.,-19.7335450365041));
#16733=CARTESIAN_POINT('',(-9.76623260765642,2.,-17.6225197021637));
#16734=CARTESIAN_POINT('Origin',(-7.18242300983904,2.,-19.7335450365041));
#16735=CARTESIAN_POINT('',(-3.8461690967052,2.,-19.7772466051154));
#16736=CARTESIAN_POINT('',(-4.59861341202167,2.,-21.8445703708444));
#16737=CARTESIAN_POINT('',(-3.8461690967052,2.,-19.7772466051154));
#16738=CARTESIAN_POINT('Origin',(-9.76623260765642,0.,-17.6225197021637));
#16739=CARTESIAN_POINT('',(-3.8461690967052,0.,-19.7772466051154));
#16740=CARTESIAN_POINT('Origin',(-10.5186769229729,0.,-19.6898434678927));
#16741=CARTESIAN_POINT('Origin',(-3.8461690967052,0.,-19.7772466051154));
#16742=CARTESIAN_POINT('Origin',(-4.42967852008322,0.,-13.9247243494697));
#16743=CARTESIAN_POINT('',(-3.88244629076215,0.,-12.4212161562122));
#16744=CARTESIAN_POINT('Origin',(-5.01007743570524,0.,-12.0107919842214));
#16745=CARTESIAN_POINT('',(-5.01007743570524,0.,-12.0107919842214));
#16746=CARTESIAN_POINT('Origin',(-5.55730966502631,0.,-13.5143001774789));
#16747=CARTESIAN_POINT('Origin',(3.15,0.,-22.1));
#16748=CARTESIAN_POINT('',(-3.15,2.,-22.1));
#16749=CARTESIAN_POINT('',(-3.15,2.,-22.1));
#16750=CARTESIAN_POINT('',(-3.15,0.,-22.1));
#16751=CARTESIAN_POINT('Origin',(1.11022302462516E-15,2.,-21.));
#16752=CARTESIAN_POINT('',(-3.15,2.,-19.9));
#16753=CARTESIAN_POINT('Origin',(1.11022302462516E-15,2.,-21.));
#16754=CARTESIAN_POINT('',(3.15,2.,-19.9));
#16755=CARTESIAN_POINT('',(3.15,2.,-22.1));
#16756=CARTESIAN_POINT('',(3.15,2.,-19.9));
#16757=CARTESIAN_POINT('Origin',(-3.15,0.,-19.9));
#16758=CARTESIAN_POINT('',(3.15,0.,-19.9));
#16759=CARTESIAN_POINT('Origin',(-3.15,0.,-22.1));
#16760=CARTESIAN_POINT('Origin',(3.15,0.,-19.9));
#16761=CARTESIAN_POINT('Origin',(0.600000000000001,0.,-14.6));
#16762=CARTESIAN_POINT('',(0.6,0.,-13.));
#16763=CARTESIAN_POINT('Origin',(-0.6,0.,-13.));
#16764=CARTESIAN_POINT('',(-0.600000000000001,0.,-13.));
#16765=CARTESIAN_POINT('Origin',(-0.599999999999999,0.,-14.6));
#16766=CARTESIAN_POINT('Origin',(10.5186769229729,0.,-19.6898434678927));
#16767=CARTESIAN_POINT('',(4.59861341202167,2.,-21.8445703708444));
#16768=CARTESIAN_POINT('',(4.59861341202167,2.,-21.8445703708444));
#16769=CARTESIAN_POINT('',(4.59861341202167,0.,-21.8445703708444));
#16770=CARTESIAN_POINT('Origin',(7.18242300983905,2.,-19.7335450365041));
#16771=CARTESIAN_POINT('',(3.8461690967052,2.,-19.7772466051154));
#16772=CARTESIAN_POINT('Origin',(7.18242300983905,2.,-19.7335450365041));
#16773=CARTESIAN_POINT('',(9.76623260765642,2.,-17.6225197021637));
#16774=CARTESIAN_POINT('',(10.5186769229729,2.,-19.6898434678927));
#16775=CARTESIAN_POINT('',(9.76623260765642,2.,-17.6225197021637));
#16776=CARTESIAN_POINT('Origin',(3.8461690967052,0.,-19.7772466051154));
#16777=CARTESIAN_POINT('',(9.76623260765642,0.,-17.6225197021637));
#16778=CARTESIAN_POINT('Origin',(4.59861341202167,0.,-21.8445703708444));
#16779=CARTESIAN_POINT('Origin',(9.76623260765642,0.,-17.6225197021637));
#16780=CARTESIAN_POINT('Origin',(5.55730966502631,0.,-13.5143001774789));
#16781=CARTESIAN_POINT('',(5.01007743570524,0.,-12.0107919842214));
#16782=CARTESIAN_POINT('Origin',(3.88244629076215,0.,-12.4212161562122));
#16783=CARTESIAN_POINT('',(3.88244629076215,0.,-12.4212161562122));
#16784=CARTESIAN_POINT('Origin',(4.42967852008322,0.,-13.9247243494697));
#16785=CARTESIAN_POINT('Origin',(16.6186461698973,0.,-14.9048012224168));
#16786=CARTESIAN_POINT('',(11.7925661782477,2.,-18.954363163442));
#16787=CARTESIAN_POINT('',(11.7925661782477,2.,-18.954363163442));
#16788=CARTESIAN_POINT('',(11.7925661782477,0.,-18.954363163442));
#16789=CARTESIAN_POINT('Origin',(13.4985398034173,2.,-16.0869333054985));
#16790=CARTESIAN_POINT('',(10.3784334369374,2.,-17.2690653885803));
#16791=CARTESIAN_POINT('Origin',(13.4985398034173,2.,-16.0869333054985));
#16792=CARTESIAN_POINT('',(15.2045134285869,2.,-13.2195034475551));
#16793=CARTESIAN_POINT('',(16.6186461698973,2.,-14.9048012224168));
#16794=CARTESIAN_POINT('',(15.2045134285869,2.,-13.2195034475551));
#16795=CARTESIAN_POINT('Origin',(10.3784334369374,0.,-17.2690653885803));
#16796=CARTESIAN_POINT('',(15.2045134285869,0.,-13.2195034475551));
#16797=CARTESIAN_POINT('Origin',(11.7925661782477,0.,-18.954363163442));
#16798=CARTESIAN_POINT('Origin',(15.2045134285869,0.,-13.2195034475551));
#16799=CARTESIAN_POINT('Origin',(9.84432576729486,0.,-10.7985763037252));
#16800=CARTESIAN_POINT('',(8.8158655917964,0.,-9.57290519473479));
#16801=CARTESIAN_POINT('Origin',(7.89661226005363,0.,-10.3442503263586));
#16802=CARTESIAN_POINT('',(7.89661226005363,0.,-10.3442503263586));
#16803=CARTESIAN_POINT('Origin',(8.92507243555209,0.,-11.569921435349));
#16804=CARTESIAN_POINT('Origin',(20.7141614236361,0.,-8.32201997807901));
#16805=CARTESIAN_POINT('',(17.5641614236361,2.,-13.777980021921));
#16806=CARTESIAN_POINT('',(17.5641614236361,2.,-13.777980021921));
#16807=CARTESIAN_POINT('',(17.5641614236361,0.,-13.777980021921));
#16808=CARTESIAN_POINT('Origin',(18.1865334794732,2.,-10.5));
#16809=CARTESIAN_POINT('',(15.6589055353103,2.,-12.677980021921));
#16810=CARTESIAN_POINT('Origin',(18.1865334794732,2.,-10.5));
#16811=CARTESIAN_POINT('',(18.8089055353103,2.,-7.22201997807901));
#16812=CARTESIAN_POINT('',(20.7141614236361,2.,-8.32201997807901));
#16813=CARTESIAN_POINT('',(18.8089055353103,2.,-7.22201997807901));
#16814=CARTESIAN_POINT('Origin',(15.6589055353103,0.,-12.677980021921));
#16815=CARTESIAN_POINT('',(18.8089055353103,0.,-7.22201997807901));
#16816=CARTESIAN_POINT('Origin',(17.5641614236361,0.,-13.777980021921));
#16817=CARTESIAN_POINT('Origin',(18.8089055353103,0.,-7.22201997807901));
#16818=CARTESIAN_POINT('Origin',(12.9439708952528,0.,-6.78038475772934));
#16819=CARTESIAN_POINT('',(11.5583302491977,0.,-5.98038475772934));
#16820=CARTESIAN_POINT('Origin',(10.9583302491977,0.,-7.01961524227066));
#16821=CARTESIAN_POINT('',(10.9583302491977,0.,-7.01961524227066));
#16822=CARTESIAN_POINT('Origin',(12.3439708952528,0.,-7.81961524227066));
#16823=CARTESIAN_POINT('Origin',(22.3112431012206,0.,-0.735480304450705));
#16824=CARTESIAN_POINT('',(21.217259581919,2.,-6.93976914842762));
#16825=CARTESIAN_POINT('',(21.217259581919,2.,-6.93976914842762));
#16826=CARTESIAN_POINT('',(21.217259581919,0.,-6.93976914842762));
#16827=CARTESIAN_POINT('Origin',(20.6809628132564,2.,-3.64661173100554));
#16828=CARTESIAN_POINT('',(19.0506825252921,2.,-6.55774315756037));
#16829=CARTESIAN_POINT('Origin',(20.6809628132564,2.,-3.64661173100554));
#16830=CARTESIAN_POINT('',(20.1446660445938,2.,-0.35345431358346));
#16831=CARTESIAN_POINT('',(22.3112431012206,2.,-0.735480304450705));
#16832=CARTESIAN_POINT('',(20.1446660445938,2.,-0.35345431358346));
#16833=CARTESIAN_POINT('Origin',(19.0506825252921,0.,-6.55774315756037));
#16834=CARTESIAN_POINT('',(20.1446660445938,0.,-0.35345431358346));
#16835=CARTESIAN_POINT('Origin',(21.217259581919,0.,-6.93976914842762));
#16836=CARTESIAN_POINT('Origin',(20.1446660445938,0.,-0.35345431358346));
#16837=CARTESIAN_POINT('Origin',(14.4823821005784,0.,-1.94437874212986));
#16838=CARTESIAN_POINT('',(12.9066896957589,0.,-1.66654165786277));
#16839=CARTESIAN_POINT('Origin',(12.6983118825585,0.,-2.84831096147742));
#16840=CARTESIAN_POINT('',(12.6983118825585,0.,-2.84831096147742));
#16841=CARTESIAN_POINT('Origin',(14.2740042873781,0.,-3.12614804574451));
#16842=CARTESIAN_POINT('Origin',(21.217259581919,0.,6.93976914842762));
#16843=CARTESIAN_POINT('',(22.3112431012206,2.,0.735480304450705));
#16844=CARTESIAN_POINT('',(22.3112431012206,2.,0.735480304450705));
#16845=CARTESIAN_POINT('',(22.3112431012206,0.,0.735480304450705));
#16846=CARTESIAN_POINT('Origin',(20.6809628132564,2.,3.64661173100554));
#16847=CARTESIAN_POINT('',(20.1446660445938,2.,0.353454313583458));
#16848=CARTESIAN_POINT('Origin',(20.6809628132564,2.,3.64661173100554));
#16849=CARTESIAN_POINT('',(19.0506825252921,2.,6.55774315756037));
#16850=CARTESIAN_POINT('',(21.217259581919,2.,6.93976914842762));
#16851=CARTESIAN_POINT('',(19.0506825252921,2.,6.55774315756037));
#16852=CARTESIAN_POINT('Origin',(20.1446660445938,0.,0.353454313583459));
#16853=CARTESIAN_POINT('',(19.0506825252921,0.,6.55774315756037));
#16854=CARTESIAN_POINT('Origin',(22.3112431012206,0.,0.735480304450705));
#16855=CARTESIAN_POINT('Origin',(19.0506825252921,0.,6.55774315756037));
#16856=CARTESIAN_POINT('Origin',(14.2740042873781,0.,3.12614804574451));
#16857=CARTESIAN_POINT('',(12.6983118825585,0.,2.84831096147742));
#16858=CARTESIAN_POINT('Origin',(12.9066896957589,0.,1.66654165786277));
#16859=CARTESIAN_POINT('',(12.9066896957589,0.,1.66654165786277));
#16860=CARTESIAN_POINT('Origin',(14.4823821005784,0.,1.94437874212986));
#16861=CARTESIAN_POINT('Origin',(17.5641614236361,0.,13.777980021921));
#16862=CARTESIAN_POINT('',(20.7141614236361,2.,8.32201997807902));
#16863=CARTESIAN_POINT('',(20.7141614236361,2.,8.32201997807902));
#16864=CARTESIAN_POINT('',(20.7141614236361,0.,8.32201997807902));
#16865=CARTESIAN_POINT('Origin',(18.1865334794732,2.,10.5));
#16866=CARTESIAN_POINT('',(18.8089055353103,2.,7.22201997807902));
#16867=CARTESIAN_POINT('Origin',(18.1865334794732,2.,10.5));
#16868=CARTESIAN_POINT('',(15.6589055353103,2.,12.677980021921));
#16869=CARTESIAN_POINT('',(17.5641614236361,2.,13.777980021921));
#16870=CARTESIAN_POINT('',(15.6589055353103,2.,12.677980021921));
#16871=CARTESIAN_POINT('Origin',(18.8089055353103,0.,7.22201997807902));
#16872=CARTESIAN_POINT('',(15.6589055353103,0.,12.677980021921));
#16873=CARTESIAN_POINT('Origin',(20.7141614236361,0.,8.32201997807902));
#16874=CARTESIAN_POINT('Origin',(15.6589055353103,0.,12.677980021921));
#16875=CARTESIAN_POINT('Origin',(12.3439708952528,0.,7.81961524227067));
#16876=CARTESIAN_POINT('',(10.9583302491977,0.,7.01961524227066));
#16877=CARTESIAN_POINT('Origin',(11.5583302491977,0.,5.98038475772934));
#16878=CARTESIAN_POINT('',(11.5583302491977,0.,5.98038475772934));
#16879=CARTESIAN_POINT('Origin',(12.9439708952528,0.,6.78038475772934));
#16880=CARTESIAN_POINT('Origin',(11.7925661782477,0.,18.954363163442));
#16881=CARTESIAN_POINT('',(16.6186461698973,2.,14.9048012224168));
#16882=CARTESIAN_POINT('',(16.6186461698973,2.,14.9048012224168));
#16883=CARTESIAN_POINT('',(16.6186461698973,0.,14.9048012224168));
#16884=CARTESIAN_POINT('Origin',(13.4985398034173,2.,16.0869333054985));
#16885=CARTESIAN_POINT('',(15.2045134285869,2.,13.2195034475551));
#16886=CARTESIAN_POINT('Origin',(13.4985398034173,2.,16.0869333054985));
#16887=CARTESIAN_POINT('',(10.3784334369374,2.,17.2690653885803));
#16888=CARTESIAN_POINT('',(11.7925661782477,2.,18.954363163442));
#16889=CARTESIAN_POINT('',(10.3784334369374,2.,17.2690653885803));
#16890=CARTESIAN_POINT('Origin',(15.2045134285869,0.,13.2195034475551));
#16891=CARTESIAN_POINT('',(10.3784334369374,0.,17.2690653885803));
#16892=CARTESIAN_POINT('Origin',(16.6186461698973,0.,14.9048012224168));
#16893=CARTESIAN_POINT('Origin',(10.3784334369374,0.,17.2690653885803));
#16894=CARTESIAN_POINT('Origin',(8.92507243555209,0.,11.569921435349));
#16895=CARTESIAN_POINT('',(7.89661226005363,0.,10.3442503263586));
#16896=CARTESIAN_POINT('Origin',(8.8158655917964,0.,9.5729051947348));
#16897=CARTESIAN_POINT('',(8.8158655917964,0.,9.57290519473479));
#16898=CARTESIAN_POINT('Origin',(9.84432576729486,0.,10.7985763037252));
#16899=CARTESIAN_POINT('Origin',(7.18242300983904,2.,19.7335450365041));
#16900=CARTESIAN_POINT('',(9.76623260765642,2.,17.6225197021637));
#16901=CARTESIAN_POINT('Origin',(7.18242300983904,2.,19.7335450365041));
#16902=CARTESIAN_POINT('',(4.59861341202167,2.,21.8445703708444));
#16903=CARTESIAN_POINT('',(10.5186769229729,2.,19.6898434678927));
#16904=CARTESIAN_POINT('',(3.8461690967052,2.,19.7772466051154));
#16905=CARTESIAN_POINT('',(4.59861341202167,2.,21.8445703708444));
#16906=CARTESIAN_POINT('',(3.8461690967052,2.,19.7772466051154));
#16907=CARTESIAN_POINT('Origin',(9.76623260765642,0.,17.6225197021637));
#16908=CARTESIAN_POINT('',(3.8461690967052,0.,19.7772466051154));
#16909=CARTESIAN_POINT('Origin',(10.5186769229729,0.,19.6898434678927));
#16910=CARTESIAN_POINT('Origin',(4.59861341202167,0.,21.8445703708444));
#16911=CARTESIAN_POINT('',(4.59861341202167,0.,21.8445703708444));
#16912=CARTESIAN_POINT('Origin',(3.8461690967052,0.,19.7772466051154));
#16913=CARTESIAN_POINT('Origin',(4.42967852008322,0.,13.9247243494697));
#16914=CARTESIAN_POINT('',(3.88244629076215,0.,12.4212161562122));
#16915=CARTESIAN_POINT('Origin',(5.01007743570524,0.,12.0107919842214));
#16916=CARTESIAN_POINT('',(5.01007743570524,0.,12.0107919842214));
#16917=CARTESIAN_POINT('Origin',(5.55730966502631,0.,13.5143001774789));
#16918=CARTESIAN_POINT('Origin',(0.,4.25,0.));
#16919=CARTESIAN_POINT('Origin',(2.3,0.,19.8));
#16920=CARTESIAN_POINT('',(2.3,2.,19.9));
#16921=CARTESIAN_POINT('',(2.3,0.,19.9));
#16922=CARTESIAN_POINT('',(2.2,2.,19.8));
#16923=CARTESIAN_POINT('Origin',(2.3,2.,19.8));
#16924=CARTESIAN_POINT('',(2.2,0.,19.8));
#16925=CARTESIAN_POINT('Origin',(3.15,0.,19.9));
#16926=CARTESIAN_POINT('',(3.15,2.,19.9));
#16927=CARTESIAN_POINT('',(3.15,0.,19.9));
#16928=CARTESIAN_POINT('',(-3.15,2.,19.9));
#16929=CARTESIAN_POINT('Origin',(-2.3,0.,19.8));
#16930=CARTESIAN_POINT('',(-2.2,2.,19.8));
#16931=CARTESIAN_POINT('',(-2.2,0.,19.8));
#16932=CARTESIAN_POINT('',(-2.3,2.,19.9));
#16933=CARTESIAN_POINT('Origin',(-2.3,2.,19.8));
#16934=CARTESIAN_POINT('',(-2.3,0.,19.9));
#16935=CARTESIAN_POINT('Origin',(-2.2,0.,14.6));
#16936=CARTESIAN_POINT('',(-2.2,2.,22.2));
#16937=CARTESIAN_POINT('',(-2.2,0.,22.2));
#16938=CARTESIAN_POINT('',(-2.2,2.,17.8));
#16939=CARTESIAN_POINT('',(-2.2,0.,14.6));
#16940=CARTESIAN_POINT('Origin',(2.3,0.,22.2));
#16941=CARTESIAN_POINT('',(2.2,2.,22.2));
#16942=CARTESIAN_POINT('',(2.2,0.,22.2));
#16943=CARTESIAN_POINT('',(2.3,2.,22.1));
#16944=CARTESIAN_POINT('Origin',(2.3,2.,22.2));
#16945=CARTESIAN_POINT('',(2.3,0.,22.1));
#16946=CARTESIAN_POINT('Origin',(-3.15,0.,22.1));
#16947=CARTESIAN_POINT('',(3.15,2.,22.1));
#16948=CARTESIAN_POINT('',(3.15,2.,22.1));
#16949=CARTESIAN_POINT('',(3.15,0.,22.1));
#16950=CARTESIAN_POINT('Origin',(-2.3,0.,22.2));
#16951=CARTESIAN_POINT('',(-2.3,2.,22.1));
#16952=CARTESIAN_POINT('',(-2.3,0.,22.1));
#16953=CARTESIAN_POINT('Origin',(-2.3,2.,22.2));
#16954=CARTESIAN_POINT('Origin',(-3.15,0.,22.1));
#16955=CARTESIAN_POINT('',(-3.15,2.,22.1));
#16956=CARTESIAN_POINT('',(-3.15,0.,22.1));
#16957=CARTESIAN_POINT('',(3.15,2.,22.1));
#16958=CARTESIAN_POINT('Origin',(1.66533453693773E-15,2.,21.));
#16959=CARTESIAN_POINT('',(2.2,2.,21.9472704170034));
#16960=CARTESIAN_POINT('',(3.15,2.,19.9));
#16961=CARTESIAN_POINT('Origin',(1.66533453693773E-15,2.,21.));
#16962=CARTESIAN_POINT('',(-3.15,2.,19.9));
#16963=CARTESIAN_POINT('',(-3.15,2.,22.1));
#16964=CARTESIAN_POINT('',(-3.15,2.,19.9));
#16965=CARTESIAN_POINT('Origin',(3.15,0.,22.1));
#16966=CARTESIAN_POINT('Origin',(-3.15,0.,19.9));
#16967=CARTESIAN_POINT('',(-3.15,0.,19.9));
#16968=CARTESIAN_POINT('Origin',(3.15,0.,19.9));
#16969=CARTESIAN_POINT('Origin',(-0.599999999999999,0.,14.6));
#16970=CARTESIAN_POINT('',(-0.599999999999998,0.,13.));
#16971=CARTESIAN_POINT('Origin',(0.600000000000002,0.,13.));
#16972=CARTESIAN_POINT('',(0.600000000000002,0.,13.));
#16973=CARTESIAN_POINT('Origin',(0.600000000000002,0.,14.6));
#16974=CARTESIAN_POINT('',(2.2,0.,14.6));
#16975=CARTESIAN_POINT('Origin',(2.2,0.,22.8945408340067));
#16976=CARTESIAN_POINT('Origin',(0.,4.25,0.));
#16977=CARTESIAN_POINT('',(-4.05,4.25,4.95981953654678E-16));
#16978=UNCERTAINTY_MEASURE_WITH_UNIT(LENGTH_MEASURE(0.01),#16982,
'DISTANCE_ACCURACY_VALUE',
'Maximum model space distance between geometric entities at asserted c
onnectivities');
#16979=UNCERTAINTY_MEASURE_WITH_UNIT(LENGTH_MEASURE(0.01),#16982,
'DISTANCE_ACCURACY_VALUE',
'Maximum model space distance between geometric entities at asserted c
onnectivities');
#16980=(
GEOMETRIC_REPRESENTATION_CONTEXT(3)
GLOBAL_UNCERTAINTY_ASSIGNED_CONTEXT((#16978))
GLOBAL_UNIT_ASSIGNED_CONTEXT((#16982,#16984,#16985))
REPRESENTATION_CONTEXT('','3D')
);
#16981=(
GEOMETRIC_REPRESENTATION_CONTEXT(3)
GLOBAL_UNCERTAINTY_ASSIGNED_CONTEXT((#16979))
GLOBAL_UNIT_ASSIGNED_CONTEXT((#16982,#16984,#16985))
REPRESENTATION_CONTEXT('','3D')
);
#16982=(
LENGTH_UNIT()
NAMED_UNIT(*)
SI_UNIT(.MILLI.,.METRE.)
);
#16983=(
LENGTH_UNIT()
NAMED_UNIT(*)
SI_UNIT(.CENTI.,.METRE.)
);
#16984=(
NAMED_UNIT(*)
PLANE_ANGLE_UNIT()
SI_UNIT($,.RADIAN.)
);
#16985=(
NAMED_UNIT(*)
SI_UNIT($,.STERADIAN.)
SOLID_ANGLE_UNIT()
);
#16986=SHAPE_DEFINITION_REPRESENTATION(#16987,#16988);
#16987=PRODUCT_DEFINITION_SHAPE('',$,#16990);
#16988=SHAPE_REPRESENTATION('',(#9778),#16980);
#16989=PRODUCT_DEFINITION_CONTEXT('part definition',#16994,'design');
#16990=PRODUCT_DEFINITION('RadNeu','Radkasten',#16991,#16989);
#16991=PRODUCT_DEFINITION_FORMATION('',$,#16996);
#16992=PRODUCT_RELATED_PRODUCT_CATEGORY('Radkasten','Radkasten',(#16996));
#16993=APPLICATION_PROTOCOL_DEFINITION('international standard',
'automotive_design',2009,#16994);
#16994=APPLICATION_CONTEXT(
'Core Data for Automotive Mechanical Design Process');
#16995=PRODUCT_CONTEXT('part definition',#16994,'mechanical');
#16996=PRODUCT('RadNeu','Radkasten',$,(#16995));
#16997=PRESENTATION_STYLE_ASSIGNMENT((#16998));
#16998=SURFACE_STYLE_USAGE(.BOTH.,#17001);
#16999=SURFACE_STYLE_RENDERING_WITH_PROPERTIES($,#17005,(#17000));
#17000=SURFACE_STYLE_TRANSPARENT(0.);
#17001=SURFACE_SIDE_STYLE('',(#17002,#16999));
#17002=SURFACE_STYLE_FILL_AREA(#17003);
#17003=FILL_AREA_STYLE('',(#17004));
#17004=FILL_AREA_STYLE_COLOUR('',#17005);
#17005=COLOUR_RGB('',0.996078431372549,0.996078431372549,1.);
ENDSEC;
END-ISO-10303-21;
